-- GENERATED by scripts/generate_scale_fixture.mjs — edit the generator, not this file.
--
-- Sample seed: one 'Sample Lifecycle' with a Discover phase holding the
-- generated 'Sample Service' scenario (3 paths x 12 lanes x 16 steps,
-- layer_role-driven, CJK-safe) and a Deliver phase demonstrating the
-- phase loop (loops_to_phase_id). Matches src/data/scaleFixture.ts and
-- src/types/slides.ts exactly. Idempotent: replaces the sample lifecycle.

begin;

-- Scenario-replace: drop the prior sample lifecycle (cascades to all children).
delete from public.service_lifecycles where id = 'f0000000-0000-4000-8000-000000000010';

insert into public.service_lifecycles (id, name, description) values
  ('f0000000-0000-4000-8000-000000000010', 'Sample Lifecycle', 'Generated sample content — replace with your own service lifecycle.');

insert into public.phases (id, service_lifecycle_id, name, description, order_position) values
  ('f0000000-0000-4000-8000-000000000100', 'f0000000-0000-4000-8000-000000000010', 'Discover', 'Sample phase — a request is received, triaged, and resolved on site.', 1),
  ('f0000000-0000-4000-8000-000000000200', 'f0000000-0000-4000-8000-000000000010', 'Deliver', 'Sample phase — demonstrates the lifecycle loop back to Discover.', 2);

update public.phases
set loops_to_phase_id = 'f0000000-0000-4000-8000-000000000100'
where id = 'f0000000-0000-4000-8000-000000000200';

insert into public.service_scenarios (id, phase_id, name, description, order_position, view_type) values
  ('f0000000-0000-4000-8000-000000000001', 'f0000000-0000-4000-8000-000000000100', 'Sample Service', 'Generated sample scenario: 12 lanes (canonical + custom roles, CJK labels), 16 steps, 3 paths.', 1, 'side-by-side');

insert into public.paths (id, service_scenario_id, name, description, note, path_type) values
  ('f0000000-0000-4000-8000-010000000000', 'f0000000-0000-4000-8000-000000000001', 'Happy Path', 'Full-scale happy flow: 12 lanes x 16 shared steps.', null, 'happy'),
  ('f0000000-0000-4000-8000-020000000000', 'f0000000-0000-4000-8000-000000000001', 'Alternative Path', 'Degraded / manual flow variant of the scale fixture.', null, 'alternative'),
  ('f0000000-0000-4000-8000-030000000000', 'f0000000-0000-4000-8000-000000000001', 'Exception Path', 'Failure-and-recovery variant with an extra custom-lane backward loop.', null, 'exception');

insert into public.steps (id, service_scenario_id, name) values
  ('f0000000-0000-4000-8000-000200010000', 'f0000000-0000-4000-8000-000000000001', '提交报修工单'),
  ('f0000000-0000-4000-8000-000200020000', 'f0000000-0000-4000-8000-000000000001', 'Triage & Prioritize'),
  ('f0000000-0000-4000-8000-000200030000', 'f0000000-0000-4000-8000-000000000001', 'Verify Asset Record'),
  ('f0000000-0000-4000-8000-000200040000', 'f0000000-0000-4000-8000-000000000001', 'Schedule Crew'),
  ('f0000000-0000-4000-8000-000200050000', 'f0000000-0000-4000-8000-000000000001', 'Dispatch Work Order'),
  ('f0000000-0000-4000-8000-000200060000', 'f0000000-0000-4000-8000-000000000001', 'On-Site Inspection'),
  ('f0000000-0000-4000-8000-000200070000', 'f0000000-0000-4000-8000-000000000001', 'Replace Component'),
  ('f0000000-0000-4000-8000-000200080000', 'f0000000-0000-4000-8000-000000000001', 'Capture Evidence'),
  ('f0000000-0000-4000-8000-000200090000', 'f0000000-0000-4000-8000-000000000001', 'Update Asset Ledger'),
  ('f0000000-0000-4000-8000-000200100000', 'f0000000-0000-4000-8000-000000000001', 'Quality Review'),
  ('f0000000-0000-4000-8000-000200110000', 'f0000000-0000-4000-8000-000000000001', 'Notify Requester'),
  ('f0000000-0000-4000-8000-000200120000', 'f0000000-0000-4000-8000-000000000001', 'Billing Reconciliation'),
  ('f0000000-0000-4000-8000-000200130000', 'f0000000-0000-4000-8000-000000000001', 'Compliance Sign-off'),
  ('f0000000-0000-4000-8000-000200140000', 'f0000000-0000-4000-8000-000000000001', 'Partner Settlement'),
  ('f0000000-0000-4000-8000-000200150000', 'f0000000-0000-4000-8000-000000000001', 'SLA Report'),
  ('f0000000-0000-4000-8000-000200160000', 'f0000000-0000-4000-8000-000000000001', '归档与复盘');

insert into public.path_steps (path_id, step_id, column_position) values
  ('f0000000-0000-4000-8000-010000000000', 'f0000000-0000-4000-8000-000200010000', 1),
  ('f0000000-0000-4000-8000-010000000000', 'f0000000-0000-4000-8000-000200020000', 2),
  ('f0000000-0000-4000-8000-010000000000', 'f0000000-0000-4000-8000-000200030000', 3),
  ('f0000000-0000-4000-8000-010000000000', 'f0000000-0000-4000-8000-000200040000', 4),
  ('f0000000-0000-4000-8000-010000000000', 'f0000000-0000-4000-8000-000200050000', 5),
  ('f0000000-0000-4000-8000-010000000000', 'f0000000-0000-4000-8000-000200060000', 6),
  ('f0000000-0000-4000-8000-010000000000', 'f0000000-0000-4000-8000-000200070000', 7),
  ('f0000000-0000-4000-8000-010000000000', 'f0000000-0000-4000-8000-000200080000', 8),
  ('f0000000-0000-4000-8000-010000000000', 'f0000000-0000-4000-8000-000200090000', 9),
  ('f0000000-0000-4000-8000-010000000000', 'f0000000-0000-4000-8000-000200100000', 10),
  ('f0000000-0000-4000-8000-010000000000', 'f0000000-0000-4000-8000-000200110000', 11),
  ('f0000000-0000-4000-8000-010000000000', 'f0000000-0000-4000-8000-000200120000', 12),
  ('f0000000-0000-4000-8000-010000000000', 'f0000000-0000-4000-8000-000200130000', 13),
  ('f0000000-0000-4000-8000-010000000000', 'f0000000-0000-4000-8000-000200140000', 14),
  ('f0000000-0000-4000-8000-010000000000', 'f0000000-0000-4000-8000-000200150000', 15),
  ('f0000000-0000-4000-8000-010000000000', 'f0000000-0000-4000-8000-000200160000', 16),
  ('f0000000-0000-4000-8000-020000000000', 'f0000000-0000-4000-8000-000200010000', 1),
  ('f0000000-0000-4000-8000-020000000000', 'f0000000-0000-4000-8000-000200020000', 2),
  ('f0000000-0000-4000-8000-020000000000', 'f0000000-0000-4000-8000-000200030000', 3),
  ('f0000000-0000-4000-8000-020000000000', 'f0000000-0000-4000-8000-000200040000', 4),
  ('f0000000-0000-4000-8000-020000000000', 'f0000000-0000-4000-8000-000200050000', 5),
  ('f0000000-0000-4000-8000-020000000000', 'f0000000-0000-4000-8000-000200060000', 6),
  ('f0000000-0000-4000-8000-020000000000', 'f0000000-0000-4000-8000-000200070000', 7),
  ('f0000000-0000-4000-8000-020000000000', 'f0000000-0000-4000-8000-000200080000', 8),
  ('f0000000-0000-4000-8000-020000000000', 'f0000000-0000-4000-8000-000200090000', 9),
  ('f0000000-0000-4000-8000-020000000000', 'f0000000-0000-4000-8000-000200100000', 10),
  ('f0000000-0000-4000-8000-020000000000', 'f0000000-0000-4000-8000-000200110000', 11),
  ('f0000000-0000-4000-8000-020000000000', 'f0000000-0000-4000-8000-000200120000', 12),
  ('f0000000-0000-4000-8000-020000000000', 'f0000000-0000-4000-8000-000200130000', 13),
  ('f0000000-0000-4000-8000-020000000000', 'f0000000-0000-4000-8000-000200140000', 14),
  ('f0000000-0000-4000-8000-020000000000', 'f0000000-0000-4000-8000-000200150000', 15),
  ('f0000000-0000-4000-8000-020000000000', 'f0000000-0000-4000-8000-000200160000', 16),
  ('f0000000-0000-4000-8000-030000000000', 'f0000000-0000-4000-8000-000200010000', 1),
  ('f0000000-0000-4000-8000-030000000000', 'f0000000-0000-4000-8000-000200020000', 2),
  ('f0000000-0000-4000-8000-030000000000', 'f0000000-0000-4000-8000-000200030000', 3),
  ('f0000000-0000-4000-8000-030000000000', 'f0000000-0000-4000-8000-000200040000', 4),
  ('f0000000-0000-4000-8000-030000000000', 'f0000000-0000-4000-8000-000200050000', 5),
  ('f0000000-0000-4000-8000-030000000000', 'f0000000-0000-4000-8000-000200060000', 6),
  ('f0000000-0000-4000-8000-030000000000', 'f0000000-0000-4000-8000-000200070000', 7),
  ('f0000000-0000-4000-8000-030000000000', 'f0000000-0000-4000-8000-000200080000', 8),
  ('f0000000-0000-4000-8000-030000000000', 'f0000000-0000-4000-8000-000200090000', 9),
  ('f0000000-0000-4000-8000-030000000000', 'f0000000-0000-4000-8000-000200100000', 10),
  ('f0000000-0000-4000-8000-030000000000', 'f0000000-0000-4000-8000-000200110000', 11),
  ('f0000000-0000-4000-8000-030000000000', 'f0000000-0000-4000-8000-000200120000', 12),
  ('f0000000-0000-4000-8000-030000000000', 'f0000000-0000-4000-8000-000200130000', 13),
  ('f0000000-0000-4000-8000-030000000000', 'f0000000-0000-4000-8000-000200140000', 14),
  ('f0000000-0000-4000-8000-030000000000', 'f0000000-0000-4000-8000-000200150000', 15),
  ('f0000000-0000-4000-8000-030000000000', 'f0000000-0000-4000-8000-000200160000', 16);

insert into public.layers (id, path_id, name, layer_role, row_position) values
  ('f0000000-0000-4000-8000-010100000000', 'f0000000-0000-4000-8000-010000000000', 'Journey Snapshots', 'visual', 0),
  ('f0000000-0000-4000-8000-010100010000', 'f0000000-0000-4000-8000-010000000000', '市政管理员', null, 1),
  ('f0000000-0000-4000-8000-010100020000', 'f0000000-0000-4000-8000-010000000000', '现场技术员', null, 2),
  ('f0000000-0000-4000-8000-010100030000', 'f0000000-0000-4000-8000-010000000000', '运营协调员', 'customer_actions', 3),
  ('f0000000-0000-4000-8000-010100040000', 'f0000000-0000-4000-8000-010000000000', 'Citizen-Facing Tech', 'frontstage_tech', 4),
  ('f0000000-0000-4000-8000-010100050000', 'f0000000-0000-4000-8000-010000000000', 'Frontstage Ops', 'frontstage_actions', 5),
  ('f0000000-0000-4000-8000-010100060000', 'f0000000-0000-4000-8000-010000000000', 'Backstage Tech', 'backstage_tech', 6),
  ('f0000000-0000-4000-8000-010100070000', 'f0000000-0000-4000-8000-010000000000', 'Backstage Ops', 'backstage_actions', 7),
  ('f0000000-0000-4000-8000-010100080000', 'f0000000-0000-4000-8000-010000000000', 'Platform Support', 'support_systems', 8),
  ('f0000000-0000-4000-8000-010100090000', 'f0000000-0000-4000-8000-010000000000', 'Compliance Review', 'compliance_review', 9),
  ('f0000000-0000-4000-8000-010100100000', 'f0000000-0000-4000-8000-010000000000', 'Partner Ops', 'partner_ops', 10),
  ('f0000000-0000-4000-8000-010100110000', 'f0000000-0000-4000-8000-010000000000', 'SLA Monitoring', 'sla_monitoring', 11),
  ('f0000000-0000-4000-8000-020100000000', 'f0000000-0000-4000-8000-020000000000', 'Journey Snapshots', 'visual', 0),
  ('f0000000-0000-4000-8000-020100010000', 'f0000000-0000-4000-8000-020000000000', '市政管理员', null, 1),
  ('f0000000-0000-4000-8000-020100020000', 'f0000000-0000-4000-8000-020000000000', '现场技术员', null, 2),
  ('f0000000-0000-4000-8000-020100030000', 'f0000000-0000-4000-8000-020000000000', '运营协调员', 'customer_actions', 3),
  ('f0000000-0000-4000-8000-020100040000', 'f0000000-0000-4000-8000-020000000000', 'Citizen-Facing Tech', 'frontstage_tech', 4),
  ('f0000000-0000-4000-8000-020100050000', 'f0000000-0000-4000-8000-020000000000', 'Frontstage Ops', 'frontstage_actions', 5),
  ('f0000000-0000-4000-8000-020100060000', 'f0000000-0000-4000-8000-020000000000', 'Backstage Tech', 'backstage_tech', 6),
  ('f0000000-0000-4000-8000-020100070000', 'f0000000-0000-4000-8000-020000000000', 'Backstage Ops', 'backstage_actions', 7),
  ('f0000000-0000-4000-8000-020100080000', 'f0000000-0000-4000-8000-020000000000', 'Platform Support', 'support_systems', 8),
  ('f0000000-0000-4000-8000-020100090000', 'f0000000-0000-4000-8000-020000000000', 'Compliance Review', 'compliance_review', 9),
  ('f0000000-0000-4000-8000-020100100000', 'f0000000-0000-4000-8000-020000000000', 'Partner Ops', 'partner_ops', 10),
  ('f0000000-0000-4000-8000-020100110000', 'f0000000-0000-4000-8000-020000000000', 'SLA Monitoring', 'sla_monitoring', 11),
  ('f0000000-0000-4000-8000-030100000000', 'f0000000-0000-4000-8000-030000000000', 'Journey Snapshots', 'visual', 0),
  ('f0000000-0000-4000-8000-030100010000', 'f0000000-0000-4000-8000-030000000000', '市政管理员', null, 1),
  ('f0000000-0000-4000-8000-030100020000', 'f0000000-0000-4000-8000-030000000000', '现场技术员', null, 2),
  ('f0000000-0000-4000-8000-030100030000', 'f0000000-0000-4000-8000-030000000000', '运营协调员', 'customer_actions', 3),
  ('f0000000-0000-4000-8000-030100040000', 'f0000000-0000-4000-8000-030000000000', 'Citizen-Facing Tech', 'frontstage_tech', 4),
  ('f0000000-0000-4000-8000-030100050000', 'f0000000-0000-4000-8000-030000000000', 'Frontstage Ops', 'frontstage_actions', 5),
  ('f0000000-0000-4000-8000-030100060000', 'f0000000-0000-4000-8000-030000000000', 'Backstage Tech', 'backstage_tech', 6),
  ('f0000000-0000-4000-8000-030100070000', 'f0000000-0000-4000-8000-030000000000', 'Backstage Ops', 'backstage_actions', 7),
  ('f0000000-0000-4000-8000-030100080000', 'f0000000-0000-4000-8000-030000000000', 'Platform Support', 'support_systems', 8),
  ('f0000000-0000-4000-8000-030100090000', 'f0000000-0000-4000-8000-030000000000', 'Compliance Review', 'compliance_review', 9),
  ('f0000000-0000-4000-8000-030100100000', 'f0000000-0000-4000-8000-030000000000', 'Partner Ops', 'partner_ops', 10),
  ('f0000000-0000-4000-8000-030100110000', 'f0000000-0000-4000-8000-030000000000', 'SLA Monitoring', 'sla_monitoring', 11);

insert into public.cells (id, path_id, layer_id, step_id, content, picture, description, links) values
  ('f0000000-0000-4000-8000-010300000001', 'f0000000-0000-4000-8000-010000000000', 'f0000000-0000-4000-8000-010100000000', 'f0000000-0000-4000-8000-000200010000', '', null, null, '[]'::jsonb),
  ('f0000000-0000-4000-8000-010300000002', 'f0000000-0000-4000-8000-010000000000', 'f0000000-0000-4000-8000-010100000000', 'f0000000-0000-4000-8000-000200020000', '', null, null, '[]'::jsonb),
  ('f0000000-0000-4000-8000-010300000003', 'f0000000-0000-4000-8000-010000000000', 'f0000000-0000-4000-8000-010100000000', 'f0000000-0000-4000-8000-000200030000', '', null, null, '[]'::jsonb),
  ('f0000000-0000-4000-8000-010300000004', 'f0000000-0000-4000-8000-010000000000', 'f0000000-0000-4000-8000-010100000000', 'f0000000-0000-4000-8000-000200040000', '', null, null, '[]'::jsonb),
  ('f0000000-0000-4000-8000-010300000005', 'f0000000-0000-4000-8000-010000000000', 'f0000000-0000-4000-8000-010100000000', 'f0000000-0000-4000-8000-000200050000', '', null, null, '[]'::jsonb),
  ('f0000000-0000-4000-8000-010300000006', 'f0000000-0000-4000-8000-010000000000', 'f0000000-0000-4000-8000-010100000000', 'f0000000-0000-4000-8000-000200060000', '', null, null, '[]'::jsonb),
  ('f0000000-0000-4000-8000-010300000007', 'f0000000-0000-4000-8000-010000000000', 'f0000000-0000-4000-8000-010100000000', 'f0000000-0000-4000-8000-000200070000', '', null, null, '[]'::jsonb),
  ('f0000000-0000-4000-8000-010300000008', 'f0000000-0000-4000-8000-010000000000', 'f0000000-0000-4000-8000-010100000000', 'f0000000-0000-4000-8000-000200080000', '', null, null, '[]'::jsonb),
  ('f0000000-0000-4000-8000-010300000009', 'f0000000-0000-4000-8000-010000000000', 'f0000000-0000-4000-8000-010100000000', 'f0000000-0000-4000-8000-000200090000', '', null, null, '[]'::jsonb),
  ('f0000000-0000-4000-8000-010300000010', 'f0000000-0000-4000-8000-010000000000', 'f0000000-0000-4000-8000-010100000000', 'f0000000-0000-4000-8000-000200100000', '', null, null, '[]'::jsonb),
  ('f0000000-0000-4000-8000-010300000011', 'f0000000-0000-4000-8000-010000000000', 'f0000000-0000-4000-8000-010100000000', 'f0000000-0000-4000-8000-000200110000', '', null, null, '[]'::jsonb),
  ('f0000000-0000-4000-8000-010300000012', 'f0000000-0000-4000-8000-010000000000', 'f0000000-0000-4000-8000-010100000000', 'f0000000-0000-4000-8000-000200120000', '', null, null, '[]'::jsonb),
  ('f0000000-0000-4000-8000-010300000013', 'f0000000-0000-4000-8000-010000000000', 'f0000000-0000-4000-8000-010100000000', 'f0000000-0000-4000-8000-000200130000', '', null, null, '[]'::jsonb),
  ('f0000000-0000-4000-8000-010300000014', 'f0000000-0000-4000-8000-010000000000', 'f0000000-0000-4000-8000-010100000000', 'f0000000-0000-4000-8000-000200140000', '', null, null, '[]'::jsonb),
  ('f0000000-0000-4000-8000-010300000015', 'f0000000-0000-4000-8000-010000000000', 'f0000000-0000-4000-8000-010100000000', 'f0000000-0000-4000-8000-000200150000', '', null, null, '[]'::jsonb),
  ('f0000000-0000-4000-8000-010300000016', 'f0000000-0000-4000-8000-010000000000', 'f0000000-0000-4000-8000-010100000000', 'f0000000-0000-4000-8000-000200160000', '', null, null, '[]'::jsonb),
  ('f0000000-0000-4000-8000-010300010002', 'f0000000-0000-4000-8000-010000000000', 'f0000000-0000-4000-8000-010100010000', 'f0000000-0000-4000-8000-000200020000', '审批工单 S02', null, null, '[]'::jsonb),
  ('f0000000-0000-4000-8000-010300010003', 'f0000000-0000-4000-8000-010000000000', 'f0000000-0000-4000-8000-010100010000', 'f0000000-0000-4000-8000-000200030000', '分派任务 S03', null, null, '[]'::jsonb),
  ('f0000000-0000-4000-8000-010300010004', 'f0000000-0000-4000-8000-010000000000', 'f0000000-0000-4000-8000-010100010000', 'f0000000-0000-4000-8000-000200040000', '跟进进度 S04', null, null, '[]'::jsonb),
  ('f0000000-0000-4000-8000-010300010006', 'f0000000-0000-4000-8000-010000000000', 'f0000000-0000-4000-8000-010100010000', 'f0000000-0000-4000-8000-000200060000', '归档记录 S06', null, null, '[]'::jsonb),
  ('f0000000-0000-4000-8000-010300010007', 'f0000000-0000-4000-8000-010000000000', 'f0000000-0000-4000-8000-010100010000', 'f0000000-0000-4000-8000-000200070000', '接收报修 S07', null, null, '[]'::jsonb),
  ('f0000000-0000-4000-8000-010300010008', 'f0000000-0000-4000-8000-010000000000', 'f0000000-0000-4000-8000-010100010000', 'f0000000-0000-4000-8000-000200080000', '审批工单 S08', null, null, '[]'::jsonb),
  ('f0000000-0000-4000-8000-010300010010', 'f0000000-0000-4000-8000-010000000000', 'f0000000-0000-4000-8000-010100010000', 'f0000000-0000-4000-8000-000200100000', '跟进进度 S10', null, null, '[]'::jsonb),
  ('f0000000-0000-4000-8000-010300010011', 'f0000000-0000-4000-8000-010000000000', 'f0000000-0000-4000-8000-010100010000', 'f0000000-0000-4000-8000-000200110000', '验收结果 S11', null, null, '[]'::jsonb),
  ('f0000000-0000-4000-8000-010300010012', 'f0000000-0000-4000-8000-010000000000', 'f0000000-0000-4000-8000-010100010000', 'f0000000-0000-4000-8000-000200120000', '归档记录 S12', null, null, '[]'::jsonb),
  ('f0000000-0000-4000-8000-010300010014', 'f0000000-0000-4000-8000-010000000000', 'f0000000-0000-4000-8000-010100010000', 'f0000000-0000-4000-8000-000200140000', '审批工单 S14', null, null, '[]'::jsonb),
  ('f0000000-0000-4000-8000-010300010015', 'f0000000-0000-4000-8000-010000000000', 'f0000000-0000-4000-8000-010100010000', 'f0000000-0000-4000-8000-000200150000', '分派任务 S15', null, null, '[]'::jsonb),
  ('f0000000-0000-4000-8000-010300010016', 'f0000000-0000-4000-8000-010000000000', 'f0000000-0000-4000-8000-010100010000', 'f0000000-0000-4000-8000-000200160000', '跟进进度 S16', null, null, '[]'::jsonb),
  ('f0000000-0000-4000-8000-010300020001', 'f0000000-0000-4000-8000-010000000000', 'f0000000-0000-4000-8000-010100020000', 'f0000000-0000-4000-8000-000200010000', '接单出发 S01', null, null, '[]'::jsonb),
  ('f0000000-0000-4000-8000-010300020003', 'f0000000-0000-4000-8000-010000000000', 'f0000000-0000-4000-8000-010100020000', 'f0000000-0000-4000-8000-000200030000', '更换灯具 S03', null, null, '[]'::jsonb),
  ('f0000000-0000-4000-8000-010300020004', 'f0000000-0000-4000-8000-010000000000', 'f0000000-0000-4000-8000-010100020000', 'f0000000-0000-4000-8000-000200040000', '拍照回传 S04', null, null, '[]'::jsonb),
  ('f0000000-0000-4000-8000-010300020005', 'f0000000-0000-4000-8000-010000000000', 'f0000000-0000-4000-8000-010100020000', 'f0000000-0000-4000-8000-000200050000', '填写台账 S05', null, null, '[]'::jsonb),
  ('f0000000-0000-4000-8000-010300020007', 'f0000000-0000-4000-8000-010000000000', 'f0000000-0000-4000-8000-010100020000', 'f0000000-0000-4000-8000-000200070000', '接单出发 S07', null, null, '[]'::jsonb),
  ('f0000000-0000-4000-8000-010300020008', 'f0000000-0000-4000-8000-010000000000', 'f0000000-0000-4000-8000-010100020000', 'f0000000-0000-4000-8000-000200080000', '到场勘查 S08', null, null, '[]'::jsonb),
  ('f0000000-0000-4000-8000-010300020009', 'f0000000-0000-4000-8000-010000000000', 'f0000000-0000-4000-8000-010100020000', 'f0000000-0000-4000-8000-000200090000', '更换灯具 S09', null, null, '[]'::jsonb),
  ('f0000000-0000-4000-8000-010300020011', 'f0000000-0000-4000-8000-010000000000', 'f0000000-0000-4000-8000-010100020000', 'f0000000-0000-4000-8000-000200110000', '填写台账 S11', null, null, '[]'::jsonb),
  ('f0000000-0000-4000-8000-010300020012', 'f0000000-0000-4000-8000-010000000000', 'f0000000-0000-4000-8000-010100020000', 'f0000000-0000-4000-8000-000200120000', '返回站点 S12', null, null, '[]'::jsonb),
  ('f0000000-0000-4000-8000-010300020013', 'f0000000-0000-4000-8000-010000000000', 'f0000000-0000-4000-8000-010100020000', 'f0000000-0000-4000-8000-000200130000', '接单出发 S13', null, null, '[]'::jsonb),
  ('f0000000-0000-4000-8000-010300020015', 'f0000000-0000-4000-8000-010000000000', 'f0000000-0000-4000-8000-010100020000', 'f0000000-0000-4000-8000-000200150000', '更换灯具 S15', null, null, '[]'::jsonb),
  ('f0000000-0000-4000-8000-010300020016', 'f0000000-0000-4000-8000-010000000000', 'f0000000-0000-4000-8000-010100020000', 'f0000000-0000-4000-8000-000200160000', '拍照回传 S16', null, null, '[]'::jsonb),
  ('f0000000-0000-4000-8000-010300030001', 'f0000000-0000-4000-8000-010000000000', 'f0000000-0000-4000-8000-010100030000', 'f0000000-0000-4000-8000-000200010000', '汇总需求 S01', null, null, '[]'::jsonb),
  ('f0000000-0000-4000-8000-010300030002', 'f0000000-0000-4000-8000-010000000000', 'f0000000-0000-4000-8000-010100030000', 'f0000000-0000-4000-8000-000200020000', '协调排期 S02', null, 'Scale fixture spine cell at column 2 — exercises the cell detail panel.', '[{"type":"url","label":"SOP 文档","url":"https://example.com/scale-test/sop"}]'::jsonb),
  ('f0000000-0000-4000-8000-010300030004', 'f0000000-0000-4000-8000-010000000000', 'f0000000-0000-4000-8000-010100030000', 'f0000000-0000-4000-8000-000200040000', '催办异常 S04', null, null, '[]'::jsonb),
  ('f0000000-0000-4000-8000-010300030005', 'f0000000-0000-4000-8000-010000000000', 'f0000000-0000-4000-8000-010100030000', 'f0000000-0000-4000-8000-000200050000', '确认闭环 S05', null, null, '[]'::jsonb),
  ('f0000000-0000-4000-8000-010300030006', 'f0000000-0000-4000-8000-010000000000', 'f0000000-0000-4000-8000-010100030000', 'f0000000-0000-4000-8000-000200060000', '输出周报 S06', null, null, '[]'::jsonb),
  ('f0000000-0000-4000-8000-010300030008', 'f0000000-0000-4000-8000-010000000000', 'f0000000-0000-4000-8000-010100030000', 'f0000000-0000-4000-8000-000200080000', '协调排期 S08', null, null, '[]'::jsonb),
  ('f0000000-0000-4000-8000-010300030009', 'f0000000-0000-4000-8000-010000000000', 'f0000000-0000-4000-8000-010100030000', 'f0000000-0000-4000-8000-000200090000', '同步进展 S09', null, 'Scale fixture spine cell at column 9 — exercises the cell detail panel.', '[{"type":"url","label":"SOP 文档","url":"https://example.com/scale-test/sop"}]'::jsonb),
  ('f0000000-0000-4000-8000-010300030010', 'f0000000-0000-4000-8000-010000000000', 'f0000000-0000-4000-8000-010100030000', 'f0000000-0000-4000-8000-000200100000', '催办异常 S10', null, null, '[]'::jsonb),
  ('f0000000-0000-4000-8000-010300030012', 'f0000000-0000-4000-8000-010000000000', 'f0000000-0000-4000-8000-010100030000', 'f0000000-0000-4000-8000-000200120000', '输出周报 S12', null, null, '[]'::jsonb),
  ('f0000000-0000-4000-8000-010300030013', 'f0000000-0000-4000-8000-010000000000', 'f0000000-0000-4000-8000-010100030000', 'f0000000-0000-4000-8000-000200130000', '汇总需求 S13', null, null, '[]'::jsonb),
  ('f0000000-0000-4000-8000-010300030014', 'f0000000-0000-4000-8000-010000000000', 'f0000000-0000-4000-8000-010100030000', 'f0000000-0000-4000-8000-000200140000', '协调排期 S14', null, null, '[]'::jsonb),
  ('f0000000-0000-4000-8000-010300030016', 'f0000000-0000-4000-8000-010000000000', 'f0000000-0000-4000-8000-010100030000', 'f0000000-0000-4000-8000-000200160000', '催办异常 S16', null, null, '[]'::jsonb),
  ('f0000000-0000-4000-8000-010300040001', 'f0000000-0000-4000-8000-010000000000', 'f0000000-0000-4000-8000-010100040000', 'f0000000-0000-4000-8000-000200010000', 'GIS Portal', null, null, '[]'::jsonb),
  ('f0000000-0000-4000-8000-010300040002', 'f0000000-0000-4000-8000-010000000000', 'f0000000-0000-4000-8000-010100040000', 'f0000000-0000-4000-8000-000200020000', 'GIS Portal
Work Order App', null, null, '[]'::jsonb),
  ('f0000000-0000-4000-8000-010300040003', 'f0000000-0000-4000-8000-010000000000', 'f0000000-0000-4000-8000-010100040000', 'f0000000-0000-4000-8000-000200030000', 'Work Order App
SMS Gateway', null, null, '[{"type":"tech_description","label":"Work Order App","description":"Work Order App handles this step in the scale-test fixture (generated long-form tech copy)."}]'::jsonb),
  ('f0000000-0000-4000-8000-010300040005', 'f0000000-0000-4000-8000-010000000000', 'f0000000-0000-4000-8000-010100040000', 'f0000000-0000-4000-8000-000200050000', 'GIS Portal', null, null, '[]'::jsonb),
  ('f0000000-0000-4000-8000-010300040006', 'f0000000-0000-4000-8000-010000000000', 'f0000000-0000-4000-8000-010100040000', 'f0000000-0000-4000-8000-000200060000', 'GIS Portal
Work Order App', null, null, '[]'::jsonb),
  ('f0000000-0000-4000-8000-010300040007', 'f0000000-0000-4000-8000-010000000000', 'f0000000-0000-4000-8000-010100040000', 'f0000000-0000-4000-8000-000200070000', 'Work Order App
SMS Gateway', null, null, '[]'::jsonb),
  ('f0000000-0000-4000-8000-010300040009', 'f0000000-0000-4000-8000-010000000000', 'f0000000-0000-4000-8000-010100040000', 'f0000000-0000-4000-8000-000200090000', 'GIS Portal', null, null, '[]'::jsonb),
  ('f0000000-0000-4000-8000-010300040010', 'f0000000-0000-4000-8000-010000000000', 'f0000000-0000-4000-8000-010100040000', 'f0000000-0000-4000-8000-000200100000', 'GIS Portal
Work Order App', null, null, '[{"type":"tech_description","label":"GIS Portal","description":"GIS Portal handles this step in the scale-test fixture (generated long-form tech copy)."}]'::jsonb),
  ('f0000000-0000-4000-8000-010300040011', 'f0000000-0000-4000-8000-010000000000', 'f0000000-0000-4000-8000-010100040000', 'f0000000-0000-4000-8000-000200110000', 'Work Order App
SMS Gateway', null, null, '[]'::jsonb),
  ('f0000000-0000-4000-8000-010300040013', 'f0000000-0000-4000-8000-010000000000', 'f0000000-0000-4000-8000-010100040000', 'f0000000-0000-4000-8000-000200130000', 'GIS Portal', null, null, '[]'::jsonb),
  ('f0000000-0000-4000-8000-010300040014', 'f0000000-0000-4000-8000-010000000000', 'f0000000-0000-4000-8000-010100040000', 'f0000000-0000-4000-8000-000200140000', 'GIS Portal
Work Order App', null, null, '[]'::jsonb),
  ('f0000000-0000-4000-8000-010300040015', 'f0000000-0000-4000-8000-010000000000', 'f0000000-0000-4000-8000-010100040000', 'f0000000-0000-4000-8000-000200150000', 'Work Order App
SMS Gateway', null, null, '[]'::jsonb),
  ('f0000000-0000-4000-8000-010300050002', 'f0000000-0000-4000-8000-010000000000', 'f0000000-0000-4000-8000-010100050000', 'f0000000-0000-4000-8000-000200020000', 'Notify requester S02', null, null, '[]'::jsonb),
  ('f0000000-0000-4000-8000-010300050003', 'f0000000-0000-4000-8000-010000000000', 'f0000000-0000-4000-8000-010100050000', 'f0000000-0000-4000-8000-000200030000', 'Notify requester S03', null, null, '[]'::jsonb),
  ('f0000000-0000-4000-8000-010300050004', 'f0000000-0000-4000-8000-010000000000', 'f0000000-0000-4000-8000-010100050000', 'f0000000-0000-4000-8000-000200040000', 'Notify requester S04', null, null, '[]'::jsonb),
  ('f0000000-0000-4000-8000-010300050006', 'f0000000-0000-4000-8000-010000000000', 'f0000000-0000-4000-8000-010100050000', 'f0000000-0000-4000-8000-000200060000', 'Notify requester S06', null, null, '[]'::jsonb),
  ('f0000000-0000-4000-8000-010300050007', 'f0000000-0000-4000-8000-010000000000', 'f0000000-0000-4000-8000-010100050000', 'f0000000-0000-4000-8000-000200070000', 'Notify requester S07', null, null, '[]'::jsonb),
  ('f0000000-0000-4000-8000-010300050008', 'f0000000-0000-4000-8000-010000000000', 'f0000000-0000-4000-8000-010100050000', 'f0000000-0000-4000-8000-000200080000', 'Notify requester S08', null, null, '[]'::jsonb),
  ('f0000000-0000-4000-8000-010300050010', 'f0000000-0000-4000-8000-010000000000', 'f0000000-0000-4000-8000-010100050000', 'f0000000-0000-4000-8000-000200100000', 'Notify requester S10', null, null, '[]'::jsonb),
  ('f0000000-0000-4000-8000-010300050011', 'f0000000-0000-4000-8000-010000000000', 'f0000000-0000-4000-8000-010100050000', 'f0000000-0000-4000-8000-000200110000', 'Notify requester S11', null, null, '[]'::jsonb),
  ('f0000000-0000-4000-8000-010300050012', 'f0000000-0000-4000-8000-010000000000', 'f0000000-0000-4000-8000-010100050000', 'f0000000-0000-4000-8000-000200120000', 'Notify requester S12', null, null, '[]'::jsonb),
  ('f0000000-0000-4000-8000-010300050014', 'f0000000-0000-4000-8000-010000000000', 'f0000000-0000-4000-8000-010100050000', 'f0000000-0000-4000-8000-000200140000', 'Notify requester S14', null, null, '[]'::jsonb),
  ('f0000000-0000-4000-8000-010300050015', 'f0000000-0000-4000-8000-010000000000', 'f0000000-0000-4000-8000-010100050000', 'f0000000-0000-4000-8000-000200150000', 'Notify requester S15', null, null, '[]'::jsonb),
  ('f0000000-0000-4000-8000-010300050016', 'f0000000-0000-4000-8000-010000000000', 'f0000000-0000-4000-8000-010100050000', 'f0000000-0000-4000-8000-000200160000', 'Notify requester S16', null, null, '[]'::jsonb),
  ('f0000000-0000-4000-8000-010300060001', 'f0000000-0000-4000-8000-010000000000', 'f0000000-0000-4000-8000-010100060000', 'f0000000-0000-4000-8000-000200010000', 'Asset DB', null, null, '[]'::jsonb),
  ('f0000000-0000-4000-8000-010300060003', 'f0000000-0000-4000-8000-010000000000', 'f0000000-0000-4000-8000-010100060000', 'f0000000-0000-4000-8000-000200030000', 'Billing Engine
ETL Jobs', null, null, '[]'::jsonb),
  ('f0000000-0000-4000-8000-010300060004', 'f0000000-0000-4000-8000-010000000000', 'f0000000-0000-4000-8000-010100060000', 'f0000000-0000-4000-8000-000200040000', 'Asset DB
ETL Jobs', null, null, '[]'::jsonb),
  ('f0000000-0000-4000-8000-010300060005', 'f0000000-0000-4000-8000-010000000000', 'f0000000-0000-4000-8000-010100060000', 'f0000000-0000-4000-8000-000200050000', 'Asset DB', null, null, '[]'::jsonb),
  ('f0000000-0000-4000-8000-010300060007', 'f0000000-0000-4000-8000-010000000000', 'f0000000-0000-4000-8000-010100060000', 'f0000000-0000-4000-8000-000200070000', 'Billing Engine
ETL Jobs', null, null, '[{"type":"tech_description","label":"Billing Engine","description":"Billing Engine handles this step in the scale-test fixture (generated long-form tech copy)."}]'::jsonb),
  ('f0000000-0000-4000-8000-010300060008', 'f0000000-0000-4000-8000-010000000000', 'f0000000-0000-4000-8000-010100060000', 'f0000000-0000-4000-8000-000200080000', 'Asset DB
ETL Jobs', null, null, '[]'::jsonb),
  ('f0000000-0000-4000-8000-010300060009', 'f0000000-0000-4000-8000-010000000000', 'f0000000-0000-4000-8000-010100060000', 'f0000000-0000-4000-8000-000200090000', 'Asset DB', null, null, '[]'::jsonb),
  ('f0000000-0000-4000-8000-010300060011', 'f0000000-0000-4000-8000-010000000000', 'f0000000-0000-4000-8000-010100060000', 'f0000000-0000-4000-8000-000200110000', 'Billing Engine
ETL Jobs', null, null, '[]'::jsonb),
  ('f0000000-0000-4000-8000-010300060012', 'f0000000-0000-4000-8000-010000000000', 'f0000000-0000-4000-8000-010100060000', 'f0000000-0000-4000-8000-000200120000', 'Asset DB
ETL Jobs', null, null, '[]'::jsonb),
  ('f0000000-0000-4000-8000-010300060013', 'f0000000-0000-4000-8000-010000000000', 'f0000000-0000-4000-8000-010100060000', 'f0000000-0000-4000-8000-000200130000', 'Asset DB', null, null, '[]'::jsonb),
  ('f0000000-0000-4000-8000-010300060015', 'f0000000-0000-4000-8000-010000000000', 'f0000000-0000-4000-8000-010100060000', 'f0000000-0000-4000-8000-000200150000', 'Billing Engine
ETL Jobs', null, null, '[]'::jsonb),
  ('f0000000-0000-4000-8000-010300060016', 'f0000000-0000-4000-8000-010000000000', 'f0000000-0000-4000-8000-010100060000', 'f0000000-0000-4000-8000-000200160000', 'Asset DB
ETL Jobs', null, null, '[]'::jsonb),
  ('f0000000-0000-4000-8000-010300070001', 'f0000000-0000-4000-8000-010000000000', 'f0000000-0000-4000-8000-010100070000', 'f0000000-0000-4000-8000-000200010000', 'Reconcile records S01', null, null, '[]'::jsonb),
  ('f0000000-0000-4000-8000-010300070002', 'f0000000-0000-4000-8000-010000000000', 'f0000000-0000-4000-8000-010100070000', 'f0000000-0000-4000-8000-000200020000', 'Reconcile records S02', null, null, '[]'::jsonb),
  ('f0000000-0000-4000-8000-010300070004', 'f0000000-0000-4000-8000-010000000000', 'f0000000-0000-4000-8000-010100070000', 'f0000000-0000-4000-8000-000200040000', 'Reconcile records S04', null, null, '[]'::jsonb),
  ('f0000000-0000-4000-8000-010300070005', 'f0000000-0000-4000-8000-010000000000', 'f0000000-0000-4000-8000-010100070000', 'f0000000-0000-4000-8000-000200050000', 'Reconcile records S05', null, null, '[]'::jsonb),
  ('f0000000-0000-4000-8000-010300070006', 'f0000000-0000-4000-8000-010000000000', 'f0000000-0000-4000-8000-010100070000', 'f0000000-0000-4000-8000-000200060000', 'Reconcile records S06', null, null, '[]'::jsonb),
  ('f0000000-0000-4000-8000-010300070008', 'f0000000-0000-4000-8000-010000000000', 'f0000000-0000-4000-8000-010100070000', 'f0000000-0000-4000-8000-000200080000', 'Reconcile records S08', null, null, '[]'::jsonb),
  ('f0000000-0000-4000-8000-010300070009', 'f0000000-0000-4000-8000-010000000000', 'f0000000-0000-4000-8000-010100070000', 'f0000000-0000-4000-8000-000200090000', 'Reconcile records S09', null, null, '[]'::jsonb),
  ('f0000000-0000-4000-8000-010300070010', 'f0000000-0000-4000-8000-010000000000', 'f0000000-0000-4000-8000-010100070000', 'f0000000-0000-4000-8000-000200100000', 'Reconcile records S10', null, null, '[]'::jsonb),
  ('f0000000-0000-4000-8000-010300070012', 'f0000000-0000-4000-8000-010000000000', 'f0000000-0000-4000-8000-010100070000', 'f0000000-0000-4000-8000-000200120000', 'Reconcile records S12', null, null, '[]'::jsonb),
  ('f0000000-0000-4000-8000-010300070013', 'f0000000-0000-4000-8000-010000000000', 'f0000000-0000-4000-8000-010100070000', 'f0000000-0000-4000-8000-000200130000', 'Reconcile records S13', null, null, '[]'::jsonb),
  ('f0000000-0000-4000-8000-010300070014', 'f0000000-0000-4000-8000-010000000000', 'f0000000-0000-4000-8000-010100070000', 'f0000000-0000-4000-8000-000200140000', 'Reconcile records S14', null, null, '[]'::jsonb),
  ('f0000000-0000-4000-8000-010300070016', 'f0000000-0000-4000-8000-010000000000', 'f0000000-0000-4000-8000-010100070000', 'f0000000-0000-4000-8000-000200160000', 'Reconcile records S16', null, null, '[]'::jsonb),
  ('f0000000-0000-4000-8000-010300080001', 'f0000000-0000-4000-8000-010000000000', 'f0000000-0000-4000-8000-010100080000', 'f0000000-0000-4000-8000-000200010000', 'Dev Team', null, null, '[]'::jsonb),
  ('f0000000-0000-4000-8000-010300080002', 'f0000000-0000-4000-8000-010000000000', 'f0000000-0000-4000-8000-010100080000', 'f0000000-0000-4000-8000-000200020000', 'Dev Team
GIS Vendor', null, null, '[]'::jsonb),
  ('f0000000-0000-4000-8000-010300080003', 'f0000000-0000-4000-8000-010000000000', 'f0000000-0000-4000-8000-010100080000', 'f0000000-0000-4000-8000-000200030000', 'GIS Vendor
NOC', null, null, '[]'::jsonb),
  ('f0000000-0000-4000-8000-010300080005', 'f0000000-0000-4000-8000-010000000000', 'f0000000-0000-4000-8000-010100080000', 'f0000000-0000-4000-8000-000200050000', 'Dev Team
GIS Vendor', null, null, '[]'::jsonb),
  ('f0000000-0000-4000-8000-010300080006', 'f0000000-0000-4000-8000-010000000000', 'f0000000-0000-4000-8000-010100080000', 'f0000000-0000-4000-8000-000200060000', 'GIS Vendor
NOC', null, null, '[]'::jsonb),
  ('f0000000-0000-4000-8000-010300080007', 'f0000000-0000-4000-8000-010000000000', 'f0000000-0000-4000-8000-010100080000', 'f0000000-0000-4000-8000-000200070000', 'Dev Team', null, null, '[]'::jsonb),
  ('f0000000-0000-4000-8000-010300080009', 'f0000000-0000-4000-8000-010000000000', 'f0000000-0000-4000-8000-010100080000', 'f0000000-0000-4000-8000-000200090000', 'GIS Vendor
NOC', null, null, '[]'::jsonb),
  ('f0000000-0000-4000-8000-010300080010', 'f0000000-0000-4000-8000-010000000000', 'f0000000-0000-4000-8000-010100080000', 'f0000000-0000-4000-8000-000200100000', 'Dev Team', null, null, '[]'::jsonb),
  ('f0000000-0000-4000-8000-010300080011', 'f0000000-0000-4000-8000-010000000000', 'f0000000-0000-4000-8000-010100080000', 'f0000000-0000-4000-8000-000200110000', 'Dev Team
GIS Vendor', null, null, '[]'::jsonb),
  ('f0000000-0000-4000-8000-010300080013', 'f0000000-0000-4000-8000-010000000000', 'f0000000-0000-4000-8000-010100080000', 'f0000000-0000-4000-8000-000200130000', 'Dev Team', null, null, '[]'::jsonb),
  ('f0000000-0000-4000-8000-010300080014', 'f0000000-0000-4000-8000-010000000000', 'f0000000-0000-4000-8000-010100080000', 'f0000000-0000-4000-8000-000200140000', 'Dev Team
GIS Vendor', null, null, '[]'::jsonb),
  ('f0000000-0000-4000-8000-010300080015', 'f0000000-0000-4000-8000-010000000000', 'f0000000-0000-4000-8000-010100080000', 'f0000000-0000-4000-8000-000200150000', 'GIS Vendor
NOC', null, null, '[]'::jsonb),
  ('f0000000-0000-4000-8000-010300090002', 'f0000000-0000-4000-8000-010000000000', 'f0000000-0000-4000-8000-010100090000', 'f0000000-0000-4000-8000-000200020000', 'Audit checkpoint S02', null, null, '[]'::jsonb),
  ('f0000000-0000-4000-8000-010300090003', 'f0000000-0000-4000-8000-010000000000', 'f0000000-0000-4000-8000-010100090000', 'f0000000-0000-4000-8000-000200030000', 'Audit checkpoint S03', null, null, '[]'::jsonb),
  ('f0000000-0000-4000-8000-010300090004', 'f0000000-0000-4000-8000-010000000000', 'f0000000-0000-4000-8000-010100090000', 'f0000000-0000-4000-8000-000200040000', 'Audit checkpoint S04', null, null, '[]'::jsonb),
  ('f0000000-0000-4000-8000-010300090006', 'f0000000-0000-4000-8000-010000000000', 'f0000000-0000-4000-8000-010100090000', 'f0000000-0000-4000-8000-000200060000', 'Audit checkpoint S06', null, null, '[]'::jsonb),
  ('f0000000-0000-4000-8000-010300090007', 'f0000000-0000-4000-8000-010000000000', 'f0000000-0000-4000-8000-010100090000', 'f0000000-0000-4000-8000-000200070000', 'Audit checkpoint S07', null, null, '[]'::jsonb),
  ('f0000000-0000-4000-8000-010300090008', 'f0000000-0000-4000-8000-010000000000', 'f0000000-0000-4000-8000-010100090000', 'f0000000-0000-4000-8000-000200080000', 'Audit checkpoint S08', null, null, '[]'::jsonb),
  ('f0000000-0000-4000-8000-010300090010', 'f0000000-0000-4000-8000-010000000000', 'f0000000-0000-4000-8000-010100090000', 'f0000000-0000-4000-8000-000200100000', 'Audit checkpoint S10', null, null, '[]'::jsonb),
  ('f0000000-0000-4000-8000-010300090011', 'f0000000-0000-4000-8000-010000000000', 'f0000000-0000-4000-8000-010100090000', 'f0000000-0000-4000-8000-000200110000', 'Audit checkpoint S11', null, null, '[]'::jsonb),
  ('f0000000-0000-4000-8000-010300090012', 'f0000000-0000-4000-8000-010000000000', 'f0000000-0000-4000-8000-010100090000', 'f0000000-0000-4000-8000-000200120000', 'Audit checkpoint S12', null, null, '[]'::jsonb),
  ('f0000000-0000-4000-8000-010300090014', 'f0000000-0000-4000-8000-010000000000', 'f0000000-0000-4000-8000-010100090000', 'f0000000-0000-4000-8000-000200140000', 'Audit checkpoint S14', null, null, '[]'::jsonb),
  ('f0000000-0000-4000-8000-010300090015', 'f0000000-0000-4000-8000-010000000000', 'f0000000-0000-4000-8000-010100090000', 'f0000000-0000-4000-8000-000200150000', 'Audit checkpoint S15', null, null, '[]'::jsonb),
  ('f0000000-0000-4000-8000-010300090016', 'f0000000-0000-4000-8000-010000000000', 'f0000000-0000-4000-8000-010100090000', 'f0000000-0000-4000-8000-000200160000', 'Audit checkpoint S16', null, null, '[]'::jsonb),
  ('f0000000-0000-4000-8000-010300100001', 'f0000000-0000-4000-8000-010000000000', 'f0000000-0000-4000-8000-010100100000', 'f0000000-0000-4000-8000-000200010000', 'Partner sync S01', null, null, '[]'::jsonb),
  ('f0000000-0000-4000-8000-010300100003', 'f0000000-0000-4000-8000-010000000000', 'f0000000-0000-4000-8000-010100100000', 'f0000000-0000-4000-8000-000200030000', 'Partner sync S03', null, null, '[]'::jsonb),
  ('f0000000-0000-4000-8000-010300100004', 'f0000000-0000-4000-8000-010000000000', 'f0000000-0000-4000-8000-010100100000', 'f0000000-0000-4000-8000-000200040000', 'Partner sync S04', null, null, '[]'::jsonb),
  ('f0000000-0000-4000-8000-010300100005', 'f0000000-0000-4000-8000-010000000000', 'f0000000-0000-4000-8000-010100100000', 'f0000000-0000-4000-8000-000200050000', 'Partner sync S05', null, null, '[]'::jsonb),
  ('f0000000-0000-4000-8000-010300100007', 'f0000000-0000-4000-8000-010000000000', 'f0000000-0000-4000-8000-010100100000', 'f0000000-0000-4000-8000-000200070000', 'Partner sync S07', null, null, '[]'::jsonb),
  ('f0000000-0000-4000-8000-010300100008', 'f0000000-0000-4000-8000-010000000000', 'f0000000-0000-4000-8000-010100100000', 'f0000000-0000-4000-8000-000200080000', 'Partner sync S08', null, null, '[]'::jsonb),
  ('f0000000-0000-4000-8000-010300100009', 'f0000000-0000-4000-8000-010000000000', 'f0000000-0000-4000-8000-010100100000', 'f0000000-0000-4000-8000-000200090000', 'Partner sync S09', null, null, '[]'::jsonb),
  ('f0000000-0000-4000-8000-010300100011', 'f0000000-0000-4000-8000-010000000000', 'f0000000-0000-4000-8000-010100100000', 'f0000000-0000-4000-8000-000200110000', 'Partner sync S11', null, null, '[]'::jsonb),
  ('f0000000-0000-4000-8000-010300100012', 'f0000000-0000-4000-8000-010000000000', 'f0000000-0000-4000-8000-010100100000', 'f0000000-0000-4000-8000-000200120000', 'Partner sync S12', null, null, '[]'::jsonb),
  ('f0000000-0000-4000-8000-010300100013', 'f0000000-0000-4000-8000-010000000000', 'f0000000-0000-4000-8000-010100100000', 'f0000000-0000-4000-8000-000200130000', 'Partner sync S13', null, null, '[]'::jsonb),
  ('f0000000-0000-4000-8000-010300100015', 'f0000000-0000-4000-8000-010000000000', 'f0000000-0000-4000-8000-010100100000', 'f0000000-0000-4000-8000-000200150000', 'Partner sync S15', null, null, '[]'::jsonb),
  ('f0000000-0000-4000-8000-010300100016', 'f0000000-0000-4000-8000-010000000000', 'f0000000-0000-4000-8000-010100100000', 'f0000000-0000-4000-8000-000200160000', 'Partner sync S16', null, null, '[]'::jsonb),
  ('f0000000-0000-4000-8000-010300110001', 'f0000000-0000-4000-8000-010000000000', 'f0000000-0000-4000-8000-010100110000', 'f0000000-0000-4000-8000-000200010000', 'SLA check S01', null, null, '[]'::jsonb),
  ('f0000000-0000-4000-8000-010300110002', 'f0000000-0000-4000-8000-010000000000', 'f0000000-0000-4000-8000-010100110000', 'f0000000-0000-4000-8000-000200020000', 'SLA check S02', null, null, '[]'::jsonb),
  ('f0000000-0000-4000-8000-010300110004', 'f0000000-0000-4000-8000-010000000000', 'f0000000-0000-4000-8000-010100110000', 'f0000000-0000-4000-8000-000200040000', 'SLA check S04', null, null, '[]'::jsonb),
  ('f0000000-0000-4000-8000-010300110005', 'f0000000-0000-4000-8000-010000000000', 'f0000000-0000-4000-8000-010100110000', 'f0000000-0000-4000-8000-000200050000', 'SLA check S05', null, null, '[]'::jsonb),
  ('f0000000-0000-4000-8000-010300110006', 'f0000000-0000-4000-8000-010000000000', 'f0000000-0000-4000-8000-010100110000', 'f0000000-0000-4000-8000-000200060000', 'SLA check S06', null, null, '[]'::jsonb),
  ('f0000000-0000-4000-8000-010300110008', 'f0000000-0000-4000-8000-010000000000', 'f0000000-0000-4000-8000-010100110000', 'f0000000-0000-4000-8000-000200080000', 'SLA check S08', null, null, '[]'::jsonb),
  ('f0000000-0000-4000-8000-010300110009', 'f0000000-0000-4000-8000-010000000000', 'f0000000-0000-4000-8000-010100110000', 'f0000000-0000-4000-8000-000200090000', 'SLA check S09', null, null, '[]'::jsonb),
  ('f0000000-0000-4000-8000-010300110010', 'f0000000-0000-4000-8000-010000000000', 'f0000000-0000-4000-8000-010100110000', 'f0000000-0000-4000-8000-000200100000', 'SLA check S10', null, null, '[]'::jsonb),
  ('f0000000-0000-4000-8000-010300110012', 'f0000000-0000-4000-8000-010000000000', 'f0000000-0000-4000-8000-010100110000', 'f0000000-0000-4000-8000-000200120000', 'SLA check S12', null, null, '[]'::jsonb),
  ('f0000000-0000-4000-8000-010300110013', 'f0000000-0000-4000-8000-010000000000', 'f0000000-0000-4000-8000-010100110000', 'f0000000-0000-4000-8000-000200130000', 'SLA check S13', null, null, '[]'::jsonb),
  ('f0000000-0000-4000-8000-010300110014', 'f0000000-0000-4000-8000-010000000000', 'f0000000-0000-4000-8000-010100110000', 'f0000000-0000-4000-8000-000200140000', 'SLA check S14', null, null, '[]'::jsonb),
  ('f0000000-0000-4000-8000-010300110016', 'f0000000-0000-4000-8000-010000000000', 'f0000000-0000-4000-8000-010100110000', 'f0000000-0000-4000-8000-000200160000', 'SLA check S16', null, null, '[]'::jsonb),
  ('f0000000-0000-4000-8000-020300000001', 'f0000000-0000-4000-8000-020000000000', 'f0000000-0000-4000-8000-020100000000', 'f0000000-0000-4000-8000-000200010000', '', null, null, '[]'::jsonb),
  ('f0000000-0000-4000-8000-020300000002', 'f0000000-0000-4000-8000-020000000000', 'f0000000-0000-4000-8000-020100000000', 'f0000000-0000-4000-8000-000200020000', '', null, null, '[]'::jsonb),
  ('f0000000-0000-4000-8000-020300000003', 'f0000000-0000-4000-8000-020000000000', 'f0000000-0000-4000-8000-020100000000', 'f0000000-0000-4000-8000-000200030000', '', null, null, '[]'::jsonb),
  ('f0000000-0000-4000-8000-020300000004', 'f0000000-0000-4000-8000-020000000000', 'f0000000-0000-4000-8000-020100000000', 'f0000000-0000-4000-8000-000200040000', '', null, null, '[]'::jsonb),
  ('f0000000-0000-4000-8000-020300000005', 'f0000000-0000-4000-8000-020000000000', 'f0000000-0000-4000-8000-020100000000', 'f0000000-0000-4000-8000-000200050000', '', null, null, '[]'::jsonb),
  ('f0000000-0000-4000-8000-020300000006', 'f0000000-0000-4000-8000-020000000000', 'f0000000-0000-4000-8000-020100000000', 'f0000000-0000-4000-8000-000200060000', '', null, null, '[]'::jsonb),
  ('f0000000-0000-4000-8000-020300000007', 'f0000000-0000-4000-8000-020000000000', 'f0000000-0000-4000-8000-020100000000', 'f0000000-0000-4000-8000-000200070000', '', null, null, '[]'::jsonb),
  ('f0000000-0000-4000-8000-020300000008', 'f0000000-0000-4000-8000-020000000000', 'f0000000-0000-4000-8000-020100000000', 'f0000000-0000-4000-8000-000200080000', '', null, null, '[]'::jsonb),
  ('f0000000-0000-4000-8000-020300000009', 'f0000000-0000-4000-8000-020000000000', 'f0000000-0000-4000-8000-020100000000', 'f0000000-0000-4000-8000-000200090000', '', null, null, '[]'::jsonb),
  ('f0000000-0000-4000-8000-020300000010', 'f0000000-0000-4000-8000-020000000000', 'f0000000-0000-4000-8000-020100000000', 'f0000000-0000-4000-8000-000200100000', '', null, null, '[]'::jsonb),
  ('f0000000-0000-4000-8000-020300000011', 'f0000000-0000-4000-8000-020000000000', 'f0000000-0000-4000-8000-020100000000', 'f0000000-0000-4000-8000-000200110000', '', null, null, '[]'::jsonb),
  ('f0000000-0000-4000-8000-020300000012', 'f0000000-0000-4000-8000-020000000000', 'f0000000-0000-4000-8000-020100000000', 'f0000000-0000-4000-8000-000200120000', '', null, null, '[]'::jsonb),
  ('f0000000-0000-4000-8000-020300000013', 'f0000000-0000-4000-8000-020000000000', 'f0000000-0000-4000-8000-020100000000', 'f0000000-0000-4000-8000-000200130000', '', null, null, '[]'::jsonb),
  ('f0000000-0000-4000-8000-020300000014', 'f0000000-0000-4000-8000-020000000000', 'f0000000-0000-4000-8000-020100000000', 'f0000000-0000-4000-8000-000200140000', '', null, null, '[]'::jsonb),
  ('f0000000-0000-4000-8000-020300000015', 'f0000000-0000-4000-8000-020000000000', 'f0000000-0000-4000-8000-020100000000', 'f0000000-0000-4000-8000-000200150000', '', null, null, '[]'::jsonb),
  ('f0000000-0000-4000-8000-020300000016', 'f0000000-0000-4000-8000-020000000000', 'f0000000-0000-4000-8000-020100000000', 'f0000000-0000-4000-8000-000200160000', '', null, null, '[]'::jsonb),
  ('f0000000-0000-4000-8000-020300010002', 'f0000000-0000-4000-8000-020000000000', 'f0000000-0000-4000-8000-020100010000', 'f0000000-0000-4000-8000-000200020000', '审批工单 S02（备选）', null, null, '[]'::jsonb),
  ('f0000000-0000-4000-8000-020300010003', 'f0000000-0000-4000-8000-020000000000', 'f0000000-0000-4000-8000-020100010000', 'f0000000-0000-4000-8000-000200030000', '分派任务 S03（备选）', null, null, '[]'::jsonb),
  ('f0000000-0000-4000-8000-020300010004', 'f0000000-0000-4000-8000-020000000000', 'f0000000-0000-4000-8000-020100010000', 'f0000000-0000-4000-8000-000200040000', '跟进进度 S04（备选）', null, null, '[]'::jsonb),
  ('f0000000-0000-4000-8000-020300010006', 'f0000000-0000-4000-8000-020000000000', 'f0000000-0000-4000-8000-020100010000', 'f0000000-0000-4000-8000-000200060000', '归档记录 S06（备选）', null, null, '[]'::jsonb),
  ('f0000000-0000-4000-8000-020300010007', 'f0000000-0000-4000-8000-020000000000', 'f0000000-0000-4000-8000-020100010000', 'f0000000-0000-4000-8000-000200070000', '接收报修 S07（备选）', null, null, '[]'::jsonb),
  ('f0000000-0000-4000-8000-020300010008', 'f0000000-0000-4000-8000-020000000000', 'f0000000-0000-4000-8000-020100010000', 'f0000000-0000-4000-8000-000200080000', '审批工单 S08（备选）', null, null, '[]'::jsonb),
  ('f0000000-0000-4000-8000-020300010010', 'f0000000-0000-4000-8000-020000000000', 'f0000000-0000-4000-8000-020100010000', 'f0000000-0000-4000-8000-000200100000', '跟进进度 S10（备选）', null, null, '[]'::jsonb),
  ('f0000000-0000-4000-8000-020300010011', 'f0000000-0000-4000-8000-020000000000', 'f0000000-0000-4000-8000-020100010000', 'f0000000-0000-4000-8000-000200110000', '验收结果 S11（备选）', null, null, '[]'::jsonb),
  ('f0000000-0000-4000-8000-020300010012', 'f0000000-0000-4000-8000-020000000000', 'f0000000-0000-4000-8000-020100010000', 'f0000000-0000-4000-8000-000200120000', '归档记录 S12（备选）', null, null, '[]'::jsonb),
  ('f0000000-0000-4000-8000-020300010014', 'f0000000-0000-4000-8000-020000000000', 'f0000000-0000-4000-8000-020100010000', 'f0000000-0000-4000-8000-000200140000', '审批工单 S14（备选）', null, null, '[]'::jsonb),
  ('f0000000-0000-4000-8000-020300010015', 'f0000000-0000-4000-8000-020000000000', 'f0000000-0000-4000-8000-020100010000', 'f0000000-0000-4000-8000-000200150000', '分派任务 S15（备选）', null, null, '[]'::jsonb),
  ('f0000000-0000-4000-8000-020300010016', 'f0000000-0000-4000-8000-020000000000', 'f0000000-0000-4000-8000-020100010000', 'f0000000-0000-4000-8000-000200160000', '跟进进度 S16（备选）', null, null, '[]'::jsonb),
  ('f0000000-0000-4000-8000-020300020001', 'f0000000-0000-4000-8000-020000000000', 'f0000000-0000-4000-8000-020100020000', 'f0000000-0000-4000-8000-000200010000', '接单出发 S01（备选）', null, null, '[]'::jsonb),
  ('f0000000-0000-4000-8000-020300020003', 'f0000000-0000-4000-8000-020000000000', 'f0000000-0000-4000-8000-020100020000', 'f0000000-0000-4000-8000-000200030000', '更换灯具 S03（备选）', null, null, '[]'::jsonb),
  ('f0000000-0000-4000-8000-020300020004', 'f0000000-0000-4000-8000-020000000000', 'f0000000-0000-4000-8000-020100020000', 'f0000000-0000-4000-8000-000200040000', '拍照回传 S04（备选）', null, null, '[]'::jsonb),
  ('f0000000-0000-4000-8000-020300020005', 'f0000000-0000-4000-8000-020000000000', 'f0000000-0000-4000-8000-020100020000', 'f0000000-0000-4000-8000-000200050000', '填写台账 S05（备选）', null, null, '[]'::jsonb),
  ('f0000000-0000-4000-8000-020300020007', 'f0000000-0000-4000-8000-020000000000', 'f0000000-0000-4000-8000-020100020000', 'f0000000-0000-4000-8000-000200070000', '接单出发 S07（备选）', null, null, '[]'::jsonb),
  ('f0000000-0000-4000-8000-020300020008', 'f0000000-0000-4000-8000-020000000000', 'f0000000-0000-4000-8000-020100020000', 'f0000000-0000-4000-8000-000200080000', '到场勘查 S08（备选）', null, null, '[]'::jsonb),
  ('f0000000-0000-4000-8000-020300020009', 'f0000000-0000-4000-8000-020000000000', 'f0000000-0000-4000-8000-020100020000', 'f0000000-0000-4000-8000-000200090000', '更换灯具 S09（备选）', null, null, '[]'::jsonb),
  ('f0000000-0000-4000-8000-020300020011', 'f0000000-0000-4000-8000-020000000000', 'f0000000-0000-4000-8000-020100020000', 'f0000000-0000-4000-8000-000200110000', '填写台账 S11（备选）', null, null, '[]'::jsonb),
  ('f0000000-0000-4000-8000-020300020012', 'f0000000-0000-4000-8000-020000000000', 'f0000000-0000-4000-8000-020100020000', 'f0000000-0000-4000-8000-000200120000', '返回站点 S12（备选）', null, null, '[]'::jsonb),
  ('f0000000-0000-4000-8000-020300020013', 'f0000000-0000-4000-8000-020000000000', 'f0000000-0000-4000-8000-020100020000', 'f0000000-0000-4000-8000-000200130000', '接单出发 S13（备选）', null, null, '[]'::jsonb),
  ('f0000000-0000-4000-8000-020300020015', 'f0000000-0000-4000-8000-020000000000', 'f0000000-0000-4000-8000-020100020000', 'f0000000-0000-4000-8000-000200150000', '更换灯具 S15（备选）', null, null, '[]'::jsonb),
  ('f0000000-0000-4000-8000-020300020016', 'f0000000-0000-4000-8000-020000000000', 'f0000000-0000-4000-8000-020100020000', 'f0000000-0000-4000-8000-000200160000', '拍照回传 S16（备选）', null, null, '[]'::jsonb),
  ('f0000000-0000-4000-8000-020300030001', 'f0000000-0000-4000-8000-020000000000', 'f0000000-0000-4000-8000-020100030000', 'f0000000-0000-4000-8000-000200010000', '汇总需求 S01（备选）', null, null, '[]'::jsonb),
  ('f0000000-0000-4000-8000-020300030002', 'f0000000-0000-4000-8000-020000000000', 'f0000000-0000-4000-8000-020100030000', 'f0000000-0000-4000-8000-000200020000', '协调排期 S02（备选）', null, 'Scale fixture spine cell at column 2 — exercises the cell detail panel.', '[{"type":"url","label":"SOP 文档","url":"https://example.com/scale-test/sop"}]'::jsonb),
  ('f0000000-0000-4000-8000-020300030004', 'f0000000-0000-4000-8000-020000000000', 'f0000000-0000-4000-8000-020100030000', 'f0000000-0000-4000-8000-000200040000', '催办异常 S04（备选）', null, null, '[]'::jsonb),
  ('f0000000-0000-4000-8000-020300030005', 'f0000000-0000-4000-8000-020000000000', 'f0000000-0000-4000-8000-020100030000', 'f0000000-0000-4000-8000-000200050000', '确认闭环 S05（备选）', null, null, '[]'::jsonb),
  ('f0000000-0000-4000-8000-020300030006', 'f0000000-0000-4000-8000-020000000000', 'f0000000-0000-4000-8000-020100030000', 'f0000000-0000-4000-8000-000200060000', '输出周报 S06（备选）', null, null, '[]'::jsonb),
  ('f0000000-0000-4000-8000-020300030008', 'f0000000-0000-4000-8000-020000000000', 'f0000000-0000-4000-8000-020100030000', 'f0000000-0000-4000-8000-000200080000', '协调排期 S08（备选）', null, null, '[]'::jsonb),
  ('f0000000-0000-4000-8000-020300030009', 'f0000000-0000-4000-8000-020000000000', 'f0000000-0000-4000-8000-020100030000', 'f0000000-0000-4000-8000-000200090000', '同步进展 S09（备选）', null, 'Scale fixture spine cell at column 9 — exercises the cell detail panel.', '[{"type":"url","label":"SOP 文档","url":"https://example.com/scale-test/sop"}]'::jsonb),
  ('f0000000-0000-4000-8000-020300030010', 'f0000000-0000-4000-8000-020000000000', 'f0000000-0000-4000-8000-020100030000', 'f0000000-0000-4000-8000-000200100000', '催办异常 S10（备选）', null, null, '[]'::jsonb),
  ('f0000000-0000-4000-8000-020300030012', 'f0000000-0000-4000-8000-020000000000', 'f0000000-0000-4000-8000-020100030000', 'f0000000-0000-4000-8000-000200120000', '输出周报 S12（备选）', null, null, '[]'::jsonb),
  ('f0000000-0000-4000-8000-020300030013', 'f0000000-0000-4000-8000-020000000000', 'f0000000-0000-4000-8000-020100030000', 'f0000000-0000-4000-8000-000200130000', '汇总需求 S13（备选）', null, null, '[]'::jsonb),
  ('f0000000-0000-4000-8000-020300030014', 'f0000000-0000-4000-8000-020000000000', 'f0000000-0000-4000-8000-020100030000', 'f0000000-0000-4000-8000-000200140000', '协调排期 S14（备选）', null, null, '[]'::jsonb),
  ('f0000000-0000-4000-8000-020300030016', 'f0000000-0000-4000-8000-020000000000', 'f0000000-0000-4000-8000-020100030000', 'f0000000-0000-4000-8000-000200160000', '催办异常 S16（备选）', null, null, '[]'::jsonb),
  ('f0000000-0000-4000-8000-020300040001', 'f0000000-0000-4000-8000-020000000000', 'f0000000-0000-4000-8000-020100040000', 'f0000000-0000-4000-8000-000200010000', 'GIS Portal', null, null, '[]'::jsonb),
  ('f0000000-0000-4000-8000-020300040002', 'f0000000-0000-4000-8000-020000000000', 'f0000000-0000-4000-8000-020100040000', 'f0000000-0000-4000-8000-000200020000', 'GIS Portal
Work Order App', null, null, '[]'::jsonb),
  ('f0000000-0000-4000-8000-020300040003', 'f0000000-0000-4000-8000-020000000000', 'f0000000-0000-4000-8000-020100040000', 'f0000000-0000-4000-8000-000200030000', 'Work Order App
SMS Gateway', null, null, '[{"type":"tech_description","label":"Work Order App","description":"Work Order App handles this step in the scale-test fixture (generated long-form tech copy)."}]'::jsonb),
  ('f0000000-0000-4000-8000-020300040005', 'f0000000-0000-4000-8000-020000000000', 'f0000000-0000-4000-8000-020100040000', 'f0000000-0000-4000-8000-000200050000', 'GIS Portal', null, null, '[]'::jsonb),
  ('f0000000-0000-4000-8000-020300040006', 'f0000000-0000-4000-8000-020000000000', 'f0000000-0000-4000-8000-020100040000', 'f0000000-0000-4000-8000-000200060000', 'GIS Portal
Work Order App', null, null, '[]'::jsonb),
  ('f0000000-0000-4000-8000-020300040007', 'f0000000-0000-4000-8000-020000000000', 'f0000000-0000-4000-8000-020100040000', 'f0000000-0000-4000-8000-000200070000', 'Work Order App
SMS Gateway', null, null, '[]'::jsonb),
  ('f0000000-0000-4000-8000-020300040009', 'f0000000-0000-4000-8000-020000000000', 'f0000000-0000-4000-8000-020100040000', 'f0000000-0000-4000-8000-000200090000', 'GIS Portal', null, null, '[]'::jsonb),
  ('f0000000-0000-4000-8000-020300040010', 'f0000000-0000-4000-8000-020000000000', 'f0000000-0000-4000-8000-020100040000', 'f0000000-0000-4000-8000-000200100000', 'GIS Portal
Work Order App', null, null, '[{"type":"tech_description","label":"GIS Portal","description":"GIS Portal handles this step in the scale-test fixture (generated long-form tech copy)."}]'::jsonb),
  ('f0000000-0000-4000-8000-020300040011', 'f0000000-0000-4000-8000-020000000000', 'f0000000-0000-4000-8000-020100040000', 'f0000000-0000-4000-8000-000200110000', 'Work Order App
SMS Gateway', null, null, '[]'::jsonb),
  ('f0000000-0000-4000-8000-020300040013', 'f0000000-0000-4000-8000-020000000000', 'f0000000-0000-4000-8000-020100040000', 'f0000000-0000-4000-8000-000200130000', 'GIS Portal', null, null, '[]'::jsonb),
  ('f0000000-0000-4000-8000-020300040014', 'f0000000-0000-4000-8000-020000000000', 'f0000000-0000-4000-8000-020100040000', 'f0000000-0000-4000-8000-000200140000', 'GIS Portal
Work Order App', null, null, '[]'::jsonb),
  ('f0000000-0000-4000-8000-020300040015', 'f0000000-0000-4000-8000-020000000000', 'f0000000-0000-4000-8000-020100040000', 'f0000000-0000-4000-8000-000200150000', 'Work Order App
SMS Gateway', null, null, '[]'::jsonb),
  ('f0000000-0000-4000-8000-020300050002', 'f0000000-0000-4000-8000-020000000000', 'f0000000-0000-4000-8000-020100050000', 'f0000000-0000-4000-8000-000200020000', 'Notify requester S02 (alt)', null, null, '[]'::jsonb),
  ('f0000000-0000-4000-8000-020300050003', 'f0000000-0000-4000-8000-020000000000', 'f0000000-0000-4000-8000-020100050000', 'f0000000-0000-4000-8000-000200030000', 'Notify requester S03 (alt)', null, null, '[]'::jsonb),
  ('f0000000-0000-4000-8000-020300050004', 'f0000000-0000-4000-8000-020000000000', 'f0000000-0000-4000-8000-020100050000', 'f0000000-0000-4000-8000-000200040000', 'Notify requester S04 (alt)', null, null, '[]'::jsonb),
  ('f0000000-0000-4000-8000-020300050006', 'f0000000-0000-4000-8000-020000000000', 'f0000000-0000-4000-8000-020100050000', 'f0000000-0000-4000-8000-000200060000', 'Notify requester S06 (alt)', null, null, '[]'::jsonb),
  ('f0000000-0000-4000-8000-020300050007', 'f0000000-0000-4000-8000-020000000000', 'f0000000-0000-4000-8000-020100050000', 'f0000000-0000-4000-8000-000200070000', 'Notify requester S07 (alt)', null, null, '[]'::jsonb),
  ('f0000000-0000-4000-8000-020300050008', 'f0000000-0000-4000-8000-020000000000', 'f0000000-0000-4000-8000-020100050000', 'f0000000-0000-4000-8000-000200080000', 'Notify requester S08 (alt)', null, null, '[]'::jsonb),
  ('f0000000-0000-4000-8000-020300050010', 'f0000000-0000-4000-8000-020000000000', 'f0000000-0000-4000-8000-020100050000', 'f0000000-0000-4000-8000-000200100000', 'Notify requester S10 (alt)', null, null, '[]'::jsonb),
  ('f0000000-0000-4000-8000-020300050011', 'f0000000-0000-4000-8000-020000000000', 'f0000000-0000-4000-8000-020100050000', 'f0000000-0000-4000-8000-000200110000', 'Notify requester S11 (alt)', null, null, '[]'::jsonb),
  ('f0000000-0000-4000-8000-020300050012', 'f0000000-0000-4000-8000-020000000000', 'f0000000-0000-4000-8000-020100050000', 'f0000000-0000-4000-8000-000200120000', 'Notify requester S12 (alt)', null, null, '[]'::jsonb),
  ('f0000000-0000-4000-8000-020300050014', 'f0000000-0000-4000-8000-020000000000', 'f0000000-0000-4000-8000-020100050000', 'f0000000-0000-4000-8000-000200140000', 'Notify requester S14 (alt)', null, null, '[]'::jsonb),
  ('f0000000-0000-4000-8000-020300050015', 'f0000000-0000-4000-8000-020000000000', 'f0000000-0000-4000-8000-020100050000', 'f0000000-0000-4000-8000-000200150000', 'Notify requester S15 (alt)', null, null, '[]'::jsonb),
  ('f0000000-0000-4000-8000-020300050016', 'f0000000-0000-4000-8000-020000000000', 'f0000000-0000-4000-8000-020100050000', 'f0000000-0000-4000-8000-000200160000', 'Notify requester S16 (alt)', null, null, '[]'::jsonb),
  ('f0000000-0000-4000-8000-020300060001', 'f0000000-0000-4000-8000-020000000000', 'f0000000-0000-4000-8000-020100060000', 'f0000000-0000-4000-8000-000200010000', 'Asset DB', null, null, '[]'::jsonb),
  ('f0000000-0000-4000-8000-020300060003', 'f0000000-0000-4000-8000-020000000000', 'f0000000-0000-4000-8000-020100060000', 'f0000000-0000-4000-8000-000200030000', 'Billing Engine
ETL Jobs', null, null, '[]'::jsonb),
  ('f0000000-0000-4000-8000-020300060004', 'f0000000-0000-4000-8000-020000000000', 'f0000000-0000-4000-8000-020100060000', 'f0000000-0000-4000-8000-000200040000', 'Asset DB
ETL Jobs', null, null, '[]'::jsonb),
  ('f0000000-0000-4000-8000-020300060005', 'f0000000-0000-4000-8000-020000000000', 'f0000000-0000-4000-8000-020100060000', 'f0000000-0000-4000-8000-000200050000', 'Asset DB', null, null, '[]'::jsonb),
  ('f0000000-0000-4000-8000-020300060007', 'f0000000-0000-4000-8000-020000000000', 'f0000000-0000-4000-8000-020100060000', 'f0000000-0000-4000-8000-000200070000', 'Billing Engine
ETL Jobs', null, null, '[{"type":"tech_description","label":"Billing Engine","description":"Billing Engine handles this step in the scale-test fixture (generated long-form tech copy)."}]'::jsonb),
  ('f0000000-0000-4000-8000-020300060008', 'f0000000-0000-4000-8000-020000000000', 'f0000000-0000-4000-8000-020100060000', 'f0000000-0000-4000-8000-000200080000', 'Asset DB
ETL Jobs', null, null, '[]'::jsonb),
  ('f0000000-0000-4000-8000-020300060009', 'f0000000-0000-4000-8000-020000000000', 'f0000000-0000-4000-8000-020100060000', 'f0000000-0000-4000-8000-000200090000', 'Asset DB', null, null, '[]'::jsonb),
  ('f0000000-0000-4000-8000-020300060011', 'f0000000-0000-4000-8000-020000000000', 'f0000000-0000-4000-8000-020100060000', 'f0000000-0000-4000-8000-000200110000', 'Billing Engine
ETL Jobs', null, null, '[]'::jsonb),
  ('f0000000-0000-4000-8000-020300060012', 'f0000000-0000-4000-8000-020000000000', 'f0000000-0000-4000-8000-020100060000', 'f0000000-0000-4000-8000-000200120000', 'Asset DB
ETL Jobs', null, null, '[]'::jsonb),
  ('f0000000-0000-4000-8000-020300060013', 'f0000000-0000-4000-8000-020000000000', 'f0000000-0000-4000-8000-020100060000', 'f0000000-0000-4000-8000-000200130000', 'Asset DB', null, null, '[]'::jsonb),
  ('f0000000-0000-4000-8000-020300060015', 'f0000000-0000-4000-8000-020000000000', 'f0000000-0000-4000-8000-020100060000', 'f0000000-0000-4000-8000-000200150000', 'Billing Engine
ETL Jobs', null, null, '[]'::jsonb),
  ('f0000000-0000-4000-8000-020300060016', 'f0000000-0000-4000-8000-020000000000', 'f0000000-0000-4000-8000-020100060000', 'f0000000-0000-4000-8000-000200160000', 'Asset DB
ETL Jobs', null, null, '[]'::jsonb),
  ('f0000000-0000-4000-8000-020300070001', 'f0000000-0000-4000-8000-020000000000', 'f0000000-0000-4000-8000-020100070000', 'f0000000-0000-4000-8000-000200010000', 'Reconcile records S01 (alt)', null, null, '[]'::jsonb),
  ('f0000000-0000-4000-8000-020300070002', 'f0000000-0000-4000-8000-020000000000', 'f0000000-0000-4000-8000-020100070000', 'f0000000-0000-4000-8000-000200020000', 'Reconcile records S02 (alt)', null, null, '[]'::jsonb),
  ('f0000000-0000-4000-8000-020300070004', 'f0000000-0000-4000-8000-020000000000', 'f0000000-0000-4000-8000-020100070000', 'f0000000-0000-4000-8000-000200040000', 'Reconcile records S04 (alt)', null, null, '[]'::jsonb),
  ('f0000000-0000-4000-8000-020300070005', 'f0000000-0000-4000-8000-020000000000', 'f0000000-0000-4000-8000-020100070000', 'f0000000-0000-4000-8000-000200050000', 'Reconcile records S05 (alt)', null, null, '[]'::jsonb),
  ('f0000000-0000-4000-8000-020300070006', 'f0000000-0000-4000-8000-020000000000', 'f0000000-0000-4000-8000-020100070000', 'f0000000-0000-4000-8000-000200060000', 'Reconcile records S06 (alt)', null, null, '[]'::jsonb),
  ('f0000000-0000-4000-8000-020300070008', 'f0000000-0000-4000-8000-020000000000', 'f0000000-0000-4000-8000-020100070000', 'f0000000-0000-4000-8000-000200080000', 'Reconcile records S08 (alt)', null, null, '[]'::jsonb),
  ('f0000000-0000-4000-8000-020300070009', 'f0000000-0000-4000-8000-020000000000', 'f0000000-0000-4000-8000-020100070000', 'f0000000-0000-4000-8000-000200090000', 'Reconcile records S09 (alt)', null, null, '[]'::jsonb),
  ('f0000000-0000-4000-8000-020300070010', 'f0000000-0000-4000-8000-020000000000', 'f0000000-0000-4000-8000-020100070000', 'f0000000-0000-4000-8000-000200100000', 'Reconcile records S10 (alt)', null, null, '[]'::jsonb),
  ('f0000000-0000-4000-8000-020300070012', 'f0000000-0000-4000-8000-020000000000', 'f0000000-0000-4000-8000-020100070000', 'f0000000-0000-4000-8000-000200120000', 'Reconcile records S12 (alt)', null, null, '[]'::jsonb),
  ('f0000000-0000-4000-8000-020300070013', 'f0000000-0000-4000-8000-020000000000', 'f0000000-0000-4000-8000-020100070000', 'f0000000-0000-4000-8000-000200130000', 'Reconcile records S13 (alt)', null, null, '[]'::jsonb),
  ('f0000000-0000-4000-8000-020300070014', 'f0000000-0000-4000-8000-020000000000', 'f0000000-0000-4000-8000-020100070000', 'f0000000-0000-4000-8000-000200140000', 'Reconcile records S14 (alt)', null, null, '[]'::jsonb),
  ('f0000000-0000-4000-8000-020300070016', 'f0000000-0000-4000-8000-020000000000', 'f0000000-0000-4000-8000-020100070000', 'f0000000-0000-4000-8000-000200160000', 'Reconcile records S16 (alt)', null, null, '[]'::jsonb),
  ('f0000000-0000-4000-8000-020300080001', 'f0000000-0000-4000-8000-020000000000', 'f0000000-0000-4000-8000-020100080000', 'f0000000-0000-4000-8000-000200010000', 'Dev Team', null, null, '[]'::jsonb),
  ('f0000000-0000-4000-8000-020300080002', 'f0000000-0000-4000-8000-020000000000', 'f0000000-0000-4000-8000-020100080000', 'f0000000-0000-4000-8000-000200020000', 'Dev Team
GIS Vendor', null, null, '[]'::jsonb),
  ('f0000000-0000-4000-8000-020300080003', 'f0000000-0000-4000-8000-020000000000', 'f0000000-0000-4000-8000-020100080000', 'f0000000-0000-4000-8000-000200030000', 'GIS Vendor
NOC', null, null, '[]'::jsonb),
  ('f0000000-0000-4000-8000-020300080005', 'f0000000-0000-4000-8000-020000000000', 'f0000000-0000-4000-8000-020100080000', 'f0000000-0000-4000-8000-000200050000', 'Dev Team
GIS Vendor', null, null, '[]'::jsonb),
  ('f0000000-0000-4000-8000-020300080006', 'f0000000-0000-4000-8000-020000000000', 'f0000000-0000-4000-8000-020100080000', 'f0000000-0000-4000-8000-000200060000', 'GIS Vendor
NOC', null, null, '[]'::jsonb),
  ('f0000000-0000-4000-8000-020300080007', 'f0000000-0000-4000-8000-020000000000', 'f0000000-0000-4000-8000-020100080000', 'f0000000-0000-4000-8000-000200070000', 'Dev Team', null, null, '[]'::jsonb),
  ('f0000000-0000-4000-8000-020300080009', 'f0000000-0000-4000-8000-020000000000', 'f0000000-0000-4000-8000-020100080000', 'f0000000-0000-4000-8000-000200090000', 'GIS Vendor
NOC', null, null, '[]'::jsonb),
  ('f0000000-0000-4000-8000-020300080010', 'f0000000-0000-4000-8000-020000000000', 'f0000000-0000-4000-8000-020100080000', 'f0000000-0000-4000-8000-000200100000', 'Dev Team', null, null, '[]'::jsonb),
  ('f0000000-0000-4000-8000-020300080011', 'f0000000-0000-4000-8000-020000000000', 'f0000000-0000-4000-8000-020100080000', 'f0000000-0000-4000-8000-000200110000', 'Dev Team
GIS Vendor', null, null, '[]'::jsonb),
  ('f0000000-0000-4000-8000-020300080013', 'f0000000-0000-4000-8000-020000000000', 'f0000000-0000-4000-8000-020100080000', 'f0000000-0000-4000-8000-000200130000', 'Dev Team', null, null, '[]'::jsonb),
  ('f0000000-0000-4000-8000-020300080014', 'f0000000-0000-4000-8000-020000000000', 'f0000000-0000-4000-8000-020100080000', 'f0000000-0000-4000-8000-000200140000', 'Dev Team
GIS Vendor', null, null, '[]'::jsonb),
  ('f0000000-0000-4000-8000-020300080015', 'f0000000-0000-4000-8000-020000000000', 'f0000000-0000-4000-8000-020100080000', 'f0000000-0000-4000-8000-000200150000', 'GIS Vendor
NOC', null, null, '[]'::jsonb),
  ('f0000000-0000-4000-8000-020300090002', 'f0000000-0000-4000-8000-020000000000', 'f0000000-0000-4000-8000-020100090000', 'f0000000-0000-4000-8000-000200020000', 'Audit checkpoint S02 (alt)', null, null, '[]'::jsonb),
  ('f0000000-0000-4000-8000-020300090003', 'f0000000-0000-4000-8000-020000000000', 'f0000000-0000-4000-8000-020100090000', 'f0000000-0000-4000-8000-000200030000', 'Audit checkpoint S03 (alt)', null, null, '[]'::jsonb),
  ('f0000000-0000-4000-8000-020300090004', 'f0000000-0000-4000-8000-020000000000', 'f0000000-0000-4000-8000-020100090000', 'f0000000-0000-4000-8000-000200040000', 'Audit checkpoint S04 (alt)', null, null, '[]'::jsonb),
  ('f0000000-0000-4000-8000-020300090006', 'f0000000-0000-4000-8000-020000000000', 'f0000000-0000-4000-8000-020100090000', 'f0000000-0000-4000-8000-000200060000', 'Audit checkpoint S06 (alt)', null, null, '[]'::jsonb),
  ('f0000000-0000-4000-8000-020300090007', 'f0000000-0000-4000-8000-020000000000', 'f0000000-0000-4000-8000-020100090000', 'f0000000-0000-4000-8000-000200070000', 'Audit checkpoint S07 (alt)', null, null, '[]'::jsonb),
  ('f0000000-0000-4000-8000-020300090008', 'f0000000-0000-4000-8000-020000000000', 'f0000000-0000-4000-8000-020100090000', 'f0000000-0000-4000-8000-000200080000', 'Audit checkpoint S08 (alt)', null, null, '[]'::jsonb),
  ('f0000000-0000-4000-8000-020300090010', 'f0000000-0000-4000-8000-020000000000', 'f0000000-0000-4000-8000-020100090000', 'f0000000-0000-4000-8000-000200100000', 'Audit checkpoint S10 (alt)', null, null, '[]'::jsonb),
  ('f0000000-0000-4000-8000-020300090011', 'f0000000-0000-4000-8000-020000000000', 'f0000000-0000-4000-8000-020100090000', 'f0000000-0000-4000-8000-000200110000', 'Audit checkpoint S11 (alt)', null, null, '[]'::jsonb),
  ('f0000000-0000-4000-8000-020300090012', 'f0000000-0000-4000-8000-020000000000', 'f0000000-0000-4000-8000-020100090000', 'f0000000-0000-4000-8000-000200120000', 'Audit checkpoint S12 (alt)', null, null, '[]'::jsonb),
  ('f0000000-0000-4000-8000-020300090014', 'f0000000-0000-4000-8000-020000000000', 'f0000000-0000-4000-8000-020100090000', 'f0000000-0000-4000-8000-000200140000', 'Audit checkpoint S14 (alt)', null, null, '[]'::jsonb),
  ('f0000000-0000-4000-8000-020300090015', 'f0000000-0000-4000-8000-020000000000', 'f0000000-0000-4000-8000-020100090000', 'f0000000-0000-4000-8000-000200150000', 'Audit checkpoint S15 (alt)', null, null, '[]'::jsonb),
  ('f0000000-0000-4000-8000-020300090016', 'f0000000-0000-4000-8000-020000000000', 'f0000000-0000-4000-8000-020100090000', 'f0000000-0000-4000-8000-000200160000', 'Audit checkpoint S16 (alt)', null, null, '[]'::jsonb),
  ('f0000000-0000-4000-8000-020300100001', 'f0000000-0000-4000-8000-020000000000', 'f0000000-0000-4000-8000-020100100000', 'f0000000-0000-4000-8000-000200010000', 'Partner sync S01 (alt)', null, null, '[]'::jsonb),
  ('f0000000-0000-4000-8000-020300100003', 'f0000000-0000-4000-8000-020000000000', 'f0000000-0000-4000-8000-020100100000', 'f0000000-0000-4000-8000-000200030000', 'Partner sync S03 (alt)', null, null, '[]'::jsonb),
  ('f0000000-0000-4000-8000-020300100004', 'f0000000-0000-4000-8000-020000000000', 'f0000000-0000-4000-8000-020100100000', 'f0000000-0000-4000-8000-000200040000', 'Partner sync S04 (alt)', null, null, '[]'::jsonb),
  ('f0000000-0000-4000-8000-020300100005', 'f0000000-0000-4000-8000-020000000000', 'f0000000-0000-4000-8000-020100100000', 'f0000000-0000-4000-8000-000200050000', 'Partner sync S05 (alt)', null, null, '[]'::jsonb),
  ('f0000000-0000-4000-8000-020300100007', 'f0000000-0000-4000-8000-020000000000', 'f0000000-0000-4000-8000-020100100000', 'f0000000-0000-4000-8000-000200070000', 'Partner sync S07 (alt)', null, null, '[]'::jsonb),
  ('f0000000-0000-4000-8000-020300100008', 'f0000000-0000-4000-8000-020000000000', 'f0000000-0000-4000-8000-020100100000', 'f0000000-0000-4000-8000-000200080000', 'Partner sync S08 (alt)', null, null, '[]'::jsonb),
  ('f0000000-0000-4000-8000-020300100009', 'f0000000-0000-4000-8000-020000000000', 'f0000000-0000-4000-8000-020100100000', 'f0000000-0000-4000-8000-000200090000', 'Partner sync S09 (alt)', null, null, '[]'::jsonb),
  ('f0000000-0000-4000-8000-020300100011', 'f0000000-0000-4000-8000-020000000000', 'f0000000-0000-4000-8000-020100100000', 'f0000000-0000-4000-8000-000200110000', 'Partner sync S11 (alt)', null, null, '[]'::jsonb),
  ('f0000000-0000-4000-8000-020300100012', 'f0000000-0000-4000-8000-020000000000', 'f0000000-0000-4000-8000-020100100000', 'f0000000-0000-4000-8000-000200120000', 'Partner sync S12 (alt)', null, null, '[]'::jsonb),
  ('f0000000-0000-4000-8000-020300100013', 'f0000000-0000-4000-8000-020000000000', 'f0000000-0000-4000-8000-020100100000', 'f0000000-0000-4000-8000-000200130000', 'Partner sync S13 (alt)', null, null, '[]'::jsonb),
  ('f0000000-0000-4000-8000-020300100015', 'f0000000-0000-4000-8000-020000000000', 'f0000000-0000-4000-8000-020100100000', 'f0000000-0000-4000-8000-000200150000', 'Partner sync S15 (alt)', null, null, '[]'::jsonb),
  ('f0000000-0000-4000-8000-020300100016', 'f0000000-0000-4000-8000-020000000000', 'f0000000-0000-4000-8000-020100100000', 'f0000000-0000-4000-8000-000200160000', 'Partner sync S16 (alt)', null, null, '[]'::jsonb),
  ('f0000000-0000-4000-8000-020300110001', 'f0000000-0000-4000-8000-020000000000', 'f0000000-0000-4000-8000-020100110000', 'f0000000-0000-4000-8000-000200010000', 'SLA check S01 (alt)', null, null, '[]'::jsonb),
  ('f0000000-0000-4000-8000-020300110002', 'f0000000-0000-4000-8000-020000000000', 'f0000000-0000-4000-8000-020100110000', 'f0000000-0000-4000-8000-000200020000', 'SLA check S02 (alt)', null, null, '[]'::jsonb),
  ('f0000000-0000-4000-8000-020300110004', 'f0000000-0000-4000-8000-020000000000', 'f0000000-0000-4000-8000-020100110000', 'f0000000-0000-4000-8000-000200040000', 'SLA check S04 (alt)', null, null, '[]'::jsonb),
  ('f0000000-0000-4000-8000-020300110005', 'f0000000-0000-4000-8000-020000000000', 'f0000000-0000-4000-8000-020100110000', 'f0000000-0000-4000-8000-000200050000', 'SLA check S05 (alt)', null, null, '[]'::jsonb),
  ('f0000000-0000-4000-8000-020300110006', 'f0000000-0000-4000-8000-020000000000', 'f0000000-0000-4000-8000-020100110000', 'f0000000-0000-4000-8000-000200060000', 'SLA check S06 (alt)', null, null, '[]'::jsonb),
  ('f0000000-0000-4000-8000-020300110008', 'f0000000-0000-4000-8000-020000000000', 'f0000000-0000-4000-8000-020100110000', 'f0000000-0000-4000-8000-000200080000', 'SLA check S08 (alt)', null, null, '[]'::jsonb),
  ('f0000000-0000-4000-8000-020300110009', 'f0000000-0000-4000-8000-020000000000', 'f0000000-0000-4000-8000-020100110000', 'f0000000-0000-4000-8000-000200090000', 'SLA check S09 (alt)', null, null, '[]'::jsonb),
  ('f0000000-0000-4000-8000-020300110010', 'f0000000-0000-4000-8000-020000000000', 'f0000000-0000-4000-8000-020100110000', 'f0000000-0000-4000-8000-000200100000', 'SLA check S10 (alt)', null, null, '[]'::jsonb),
  ('f0000000-0000-4000-8000-020300110012', 'f0000000-0000-4000-8000-020000000000', 'f0000000-0000-4000-8000-020100110000', 'f0000000-0000-4000-8000-000200120000', 'SLA check S12 (alt)', null, null, '[]'::jsonb),
  ('f0000000-0000-4000-8000-020300110013', 'f0000000-0000-4000-8000-020000000000', 'f0000000-0000-4000-8000-020100110000', 'f0000000-0000-4000-8000-000200130000', 'SLA check S13 (alt)', null, null, '[]'::jsonb),
  ('f0000000-0000-4000-8000-020300110014', 'f0000000-0000-4000-8000-020000000000', 'f0000000-0000-4000-8000-020100110000', 'f0000000-0000-4000-8000-000200140000', 'SLA check S14 (alt)', null, null, '[]'::jsonb),
  ('f0000000-0000-4000-8000-020300110016', 'f0000000-0000-4000-8000-020000000000', 'f0000000-0000-4000-8000-020100110000', 'f0000000-0000-4000-8000-000200160000', 'SLA check S16 (alt)', null, null, '[]'::jsonb),
  ('f0000000-0000-4000-8000-030300000001', 'f0000000-0000-4000-8000-030000000000', 'f0000000-0000-4000-8000-030100000000', 'f0000000-0000-4000-8000-000200010000', '', null, null, '[]'::jsonb),
  ('f0000000-0000-4000-8000-030300000002', 'f0000000-0000-4000-8000-030000000000', 'f0000000-0000-4000-8000-030100000000', 'f0000000-0000-4000-8000-000200020000', '', null, null, '[]'::jsonb),
  ('f0000000-0000-4000-8000-030300000003', 'f0000000-0000-4000-8000-030000000000', 'f0000000-0000-4000-8000-030100000000', 'f0000000-0000-4000-8000-000200030000', '', null, null, '[]'::jsonb),
  ('f0000000-0000-4000-8000-030300000004', 'f0000000-0000-4000-8000-030000000000', 'f0000000-0000-4000-8000-030100000000', 'f0000000-0000-4000-8000-000200040000', '', null, null, '[]'::jsonb),
  ('f0000000-0000-4000-8000-030300000005', 'f0000000-0000-4000-8000-030000000000', 'f0000000-0000-4000-8000-030100000000', 'f0000000-0000-4000-8000-000200050000', '', null, null, '[]'::jsonb),
  ('f0000000-0000-4000-8000-030300000006', 'f0000000-0000-4000-8000-030000000000', 'f0000000-0000-4000-8000-030100000000', 'f0000000-0000-4000-8000-000200060000', '', null, null, '[]'::jsonb),
  ('f0000000-0000-4000-8000-030300000007', 'f0000000-0000-4000-8000-030000000000', 'f0000000-0000-4000-8000-030100000000', 'f0000000-0000-4000-8000-000200070000', '', null, null, '[]'::jsonb),
  ('f0000000-0000-4000-8000-030300000008', 'f0000000-0000-4000-8000-030000000000', 'f0000000-0000-4000-8000-030100000000', 'f0000000-0000-4000-8000-000200080000', '', null, null, '[]'::jsonb),
  ('f0000000-0000-4000-8000-030300000009', 'f0000000-0000-4000-8000-030000000000', 'f0000000-0000-4000-8000-030100000000', 'f0000000-0000-4000-8000-000200090000', '', null, null, '[]'::jsonb),
  ('f0000000-0000-4000-8000-030300000010', 'f0000000-0000-4000-8000-030000000000', 'f0000000-0000-4000-8000-030100000000', 'f0000000-0000-4000-8000-000200100000', '', null, null, '[]'::jsonb),
  ('f0000000-0000-4000-8000-030300000011', 'f0000000-0000-4000-8000-030000000000', 'f0000000-0000-4000-8000-030100000000', 'f0000000-0000-4000-8000-000200110000', '', null, null, '[]'::jsonb),
  ('f0000000-0000-4000-8000-030300000012', 'f0000000-0000-4000-8000-030000000000', 'f0000000-0000-4000-8000-030100000000', 'f0000000-0000-4000-8000-000200120000', '', null, null, '[]'::jsonb),
  ('f0000000-0000-4000-8000-030300000013', 'f0000000-0000-4000-8000-030000000000', 'f0000000-0000-4000-8000-030100000000', 'f0000000-0000-4000-8000-000200130000', '', null, null, '[]'::jsonb),
  ('f0000000-0000-4000-8000-030300000014', 'f0000000-0000-4000-8000-030000000000', 'f0000000-0000-4000-8000-030100000000', 'f0000000-0000-4000-8000-000200140000', '', null, null, '[]'::jsonb),
  ('f0000000-0000-4000-8000-030300000015', 'f0000000-0000-4000-8000-030000000000', 'f0000000-0000-4000-8000-030100000000', 'f0000000-0000-4000-8000-000200150000', '', null, null, '[]'::jsonb),
  ('f0000000-0000-4000-8000-030300000016', 'f0000000-0000-4000-8000-030000000000', 'f0000000-0000-4000-8000-030100000000', 'f0000000-0000-4000-8000-000200160000', '', null, null, '[]'::jsonb),
  ('f0000000-0000-4000-8000-030300010002', 'f0000000-0000-4000-8000-030000000000', 'f0000000-0000-4000-8000-030100010000', 'f0000000-0000-4000-8000-000200020000', '审批工单 S02（异常）', null, null, '[]'::jsonb),
  ('f0000000-0000-4000-8000-030300010003', 'f0000000-0000-4000-8000-030000000000', 'f0000000-0000-4000-8000-030100010000', 'f0000000-0000-4000-8000-000200030000', '分派任务 S03（异常）', null, null, '[]'::jsonb),
  ('f0000000-0000-4000-8000-030300010004', 'f0000000-0000-4000-8000-030000000000', 'f0000000-0000-4000-8000-030100010000', 'f0000000-0000-4000-8000-000200040000', '跟进进度 S04（异常）', null, null, '[]'::jsonb),
  ('f0000000-0000-4000-8000-030300010006', 'f0000000-0000-4000-8000-030000000000', 'f0000000-0000-4000-8000-030100010000', 'f0000000-0000-4000-8000-000200060000', '归档记录 S06（异常）', null, null, '[]'::jsonb),
  ('f0000000-0000-4000-8000-030300010007', 'f0000000-0000-4000-8000-030000000000', 'f0000000-0000-4000-8000-030100010000', 'f0000000-0000-4000-8000-000200070000', '接收报修 S07（异常）', null, null, '[]'::jsonb),
  ('f0000000-0000-4000-8000-030300010008', 'f0000000-0000-4000-8000-030000000000', 'f0000000-0000-4000-8000-030100010000', 'f0000000-0000-4000-8000-000200080000', '审批工单 S08（异常）', null, null, '[]'::jsonb),
  ('f0000000-0000-4000-8000-030300010010', 'f0000000-0000-4000-8000-030000000000', 'f0000000-0000-4000-8000-030100010000', 'f0000000-0000-4000-8000-000200100000', '跟进进度 S10（异常）', null, null, '[]'::jsonb),
  ('f0000000-0000-4000-8000-030300010011', 'f0000000-0000-4000-8000-030000000000', 'f0000000-0000-4000-8000-030100010000', 'f0000000-0000-4000-8000-000200110000', '验收结果 S11（异常）', null, null, '[]'::jsonb),
  ('f0000000-0000-4000-8000-030300010012', 'f0000000-0000-4000-8000-030000000000', 'f0000000-0000-4000-8000-030100010000', 'f0000000-0000-4000-8000-000200120000', '归档记录 S12（异常）', null, null, '[]'::jsonb),
  ('f0000000-0000-4000-8000-030300010014', 'f0000000-0000-4000-8000-030000000000', 'f0000000-0000-4000-8000-030100010000', 'f0000000-0000-4000-8000-000200140000', '审批工单 S14（异常）', null, null, '[]'::jsonb),
  ('f0000000-0000-4000-8000-030300010015', 'f0000000-0000-4000-8000-030000000000', 'f0000000-0000-4000-8000-030100010000', 'f0000000-0000-4000-8000-000200150000', '分派任务 S15（异常）', null, null, '[]'::jsonb),
  ('f0000000-0000-4000-8000-030300010016', 'f0000000-0000-4000-8000-030000000000', 'f0000000-0000-4000-8000-030100010000', 'f0000000-0000-4000-8000-000200160000', '跟进进度 S16（异常）', null, null, '[]'::jsonb),
  ('f0000000-0000-4000-8000-030300020001', 'f0000000-0000-4000-8000-030000000000', 'f0000000-0000-4000-8000-030100020000', 'f0000000-0000-4000-8000-000200010000', '接单出发 S01（异常）', null, null, '[]'::jsonb),
  ('f0000000-0000-4000-8000-030300020003', 'f0000000-0000-4000-8000-030000000000', 'f0000000-0000-4000-8000-030100020000', 'f0000000-0000-4000-8000-000200030000', '更换灯具 S03（异常）', null, null, '[]'::jsonb),
  ('f0000000-0000-4000-8000-030300020004', 'f0000000-0000-4000-8000-030000000000', 'f0000000-0000-4000-8000-030100020000', 'f0000000-0000-4000-8000-000200040000', '拍照回传 S04（异常）', null, null, '[]'::jsonb),
  ('f0000000-0000-4000-8000-030300020005', 'f0000000-0000-4000-8000-030000000000', 'f0000000-0000-4000-8000-030100020000', 'f0000000-0000-4000-8000-000200050000', '填写台账 S05（异常）', null, null, '[]'::jsonb),
  ('f0000000-0000-4000-8000-030300020007', 'f0000000-0000-4000-8000-030000000000', 'f0000000-0000-4000-8000-030100020000', 'f0000000-0000-4000-8000-000200070000', '接单出发 S07（异常）', null, null, '[]'::jsonb),
  ('f0000000-0000-4000-8000-030300020008', 'f0000000-0000-4000-8000-030000000000', 'f0000000-0000-4000-8000-030100020000', 'f0000000-0000-4000-8000-000200080000', '到场勘查 S08（异常）', null, null, '[]'::jsonb),
  ('f0000000-0000-4000-8000-030300020009', 'f0000000-0000-4000-8000-030000000000', 'f0000000-0000-4000-8000-030100020000', 'f0000000-0000-4000-8000-000200090000', '更换灯具 S09（异常）', null, null, '[]'::jsonb),
  ('f0000000-0000-4000-8000-030300020011', 'f0000000-0000-4000-8000-030000000000', 'f0000000-0000-4000-8000-030100020000', 'f0000000-0000-4000-8000-000200110000', '填写台账 S11（异常）', null, null, '[]'::jsonb),
  ('f0000000-0000-4000-8000-030300020012', 'f0000000-0000-4000-8000-030000000000', 'f0000000-0000-4000-8000-030100020000', 'f0000000-0000-4000-8000-000200120000', '返回站点 S12（异常）', null, null, '[]'::jsonb),
  ('f0000000-0000-4000-8000-030300020013', 'f0000000-0000-4000-8000-030000000000', 'f0000000-0000-4000-8000-030100020000', 'f0000000-0000-4000-8000-000200130000', '接单出发 S13（异常）', null, null, '[]'::jsonb),
  ('f0000000-0000-4000-8000-030300020015', 'f0000000-0000-4000-8000-030000000000', 'f0000000-0000-4000-8000-030100020000', 'f0000000-0000-4000-8000-000200150000', '更换灯具 S15（异常）', null, null, '[]'::jsonb),
  ('f0000000-0000-4000-8000-030300020016', 'f0000000-0000-4000-8000-030000000000', 'f0000000-0000-4000-8000-030100020000', 'f0000000-0000-4000-8000-000200160000', '拍照回传 S16（异常）', null, null, '[]'::jsonb),
  ('f0000000-0000-4000-8000-030300030001', 'f0000000-0000-4000-8000-030000000000', 'f0000000-0000-4000-8000-030100030000', 'f0000000-0000-4000-8000-000200010000', '汇总需求 S01（异常）', null, null, '[]'::jsonb),
  ('f0000000-0000-4000-8000-030300030002', 'f0000000-0000-4000-8000-030000000000', 'f0000000-0000-4000-8000-030100030000', 'f0000000-0000-4000-8000-000200020000', '协调排期 S02（异常）', null, 'Scale fixture spine cell at column 2 — exercises the cell detail panel.', '[{"type":"url","label":"SOP 文档","url":"https://example.com/scale-test/sop"}]'::jsonb),
  ('f0000000-0000-4000-8000-030300030004', 'f0000000-0000-4000-8000-030000000000', 'f0000000-0000-4000-8000-030100030000', 'f0000000-0000-4000-8000-000200040000', '催办异常 S04（异常）', null, null, '[]'::jsonb),
  ('f0000000-0000-4000-8000-030300030005', 'f0000000-0000-4000-8000-030000000000', 'f0000000-0000-4000-8000-030100030000', 'f0000000-0000-4000-8000-000200050000', '确认闭环 S05（异常）', null, null, '[]'::jsonb),
  ('f0000000-0000-4000-8000-030300030006', 'f0000000-0000-4000-8000-030000000000', 'f0000000-0000-4000-8000-030100030000', 'f0000000-0000-4000-8000-000200060000', '输出周报 S06（异常）', null, null, '[]'::jsonb),
  ('f0000000-0000-4000-8000-030300030008', 'f0000000-0000-4000-8000-030000000000', 'f0000000-0000-4000-8000-030100030000', 'f0000000-0000-4000-8000-000200080000', '协调排期 S08（异常）', null, null, '[]'::jsonb),
  ('f0000000-0000-4000-8000-030300030009', 'f0000000-0000-4000-8000-030000000000', 'f0000000-0000-4000-8000-030100030000', 'f0000000-0000-4000-8000-000200090000', '同步进展 S09（异常）', null, 'Scale fixture spine cell at column 9 — exercises the cell detail panel.', '[{"type":"url","label":"SOP 文档","url":"https://example.com/scale-test/sop"}]'::jsonb),
  ('f0000000-0000-4000-8000-030300030010', 'f0000000-0000-4000-8000-030000000000', 'f0000000-0000-4000-8000-030100030000', 'f0000000-0000-4000-8000-000200100000', '催办异常 S10（异常）', null, null, '[]'::jsonb),
  ('f0000000-0000-4000-8000-030300030012', 'f0000000-0000-4000-8000-030000000000', 'f0000000-0000-4000-8000-030100030000', 'f0000000-0000-4000-8000-000200120000', '输出周报 S12（异常）', null, null, '[]'::jsonb),
  ('f0000000-0000-4000-8000-030300030013', 'f0000000-0000-4000-8000-030000000000', 'f0000000-0000-4000-8000-030100030000', 'f0000000-0000-4000-8000-000200130000', '汇总需求 S13（异常）', null, null, '[]'::jsonb),
  ('f0000000-0000-4000-8000-030300030014', 'f0000000-0000-4000-8000-030000000000', 'f0000000-0000-4000-8000-030100030000', 'f0000000-0000-4000-8000-000200140000', '协调排期 S14（异常）', null, null, '[]'::jsonb),
  ('f0000000-0000-4000-8000-030300030016', 'f0000000-0000-4000-8000-030000000000', 'f0000000-0000-4000-8000-030100030000', 'f0000000-0000-4000-8000-000200160000', '催办异常 S16（异常）', null, null, '[]'::jsonb),
  ('f0000000-0000-4000-8000-030300040001', 'f0000000-0000-4000-8000-030000000000', 'f0000000-0000-4000-8000-030100040000', 'f0000000-0000-4000-8000-000200010000', 'GIS Portal', null, null, '[]'::jsonb),
  ('f0000000-0000-4000-8000-030300040002', 'f0000000-0000-4000-8000-030000000000', 'f0000000-0000-4000-8000-030100040000', 'f0000000-0000-4000-8000-000200020000', 'GIS Portal
Work Order App', null, null, '[]'::jsonb),
  ('f0000000-0000-4000-8000-030300040003', 'f0000000-0000-4000-8000-030000000000', 'f0000000-0000-4000-8000-030100040000', 'f0000000-0000-4000-8000-000200030000', 'Work Order App
SMS Gateway', null, null, '[{"type":"tech_description","label":"Work Order App","description":"Work Order App handles this step in the scale-test fixture (generated long-form tech copy)."}]'::jsonb),
  ('f0000000-0000-4000-8000-030300040005', 'f0000000-0000-4000-8000-030000000000', 'f0000000-0000-4000-8000-030100040000', 'f0000000-0000-4000-8000-000200050000', 'GIS Portal', null, null, '[]'::jsonb),
  ('f0000000-0000-4000-8000-030300040006', 'f0000000-0000-4000-8000-030000000000', 'f0000000-0000-4000-8000-030100040000', 'f0000000-0000-4000-8000-000200060000', 'GIS Portal
Work Order App', null, null, '[]'::jsonb),
  ('f0000000-0000-4000-8000-030300040007', 'f0000000-0000-4000-8000-030000000000', 'f0000000-0000-4000-8000-030100040000', 'f0000000-0000-4000-8000-000200070000', 'Work Order App
SMS Gateway', null, null, '[]'::jsonb),
  ('f0000000-0000-4000-8000-030300040009', 'f0000000-0000-4000-8000-030000000000', 'f0000000-0000-4000-8000-030100040000', 'f0000000-0000-4000-8000-000200090000', 'GIS Portal', null, null, '[]'::jsonb),
  ('f0000000-0000-4000-8000-030300040010', 'f0000000-0000-4000-8000-030000000000', 'f0000000-0000-4000-8000-030100040000', 'f0000000-0000-4000-8000-000200100000', 'GIS Portal
Work Order App', null, null, '[{"type":"tech_description","label":"GIS Portal","description":"GIS Portal handles this step in the scale-test fixture (generated long-form tech copy)."}]'::jsonb),
  ('f0000000-0000-4000-8000-030300040011', 'f0000000-0000-4000-8000-030000000000', 'f0000000-0000-4000-8000-030100040000', 'f0000000-0000-4000-8000-000200110000', 'Work Order App
SMS Gateway', null, null, '[]'::jsonb),
  ('f0000000-0000-4000-8000-030300040013', 'f0000000-0000-4000-8000-030000000000', 'f0000000-0000-4000-8000-030100040000', 'f0000000-0000-4000-8000-000200130000', 'GIS Portal', null, null, '[]'::jsonb),
  ('f0000000-0000-4000-8000-030300040014', 'f0000000-0000-4000-8000-030000000000', 'f0000000-0000-4000-8000-030100040000', 'f0000000-0000-4000-8000-000200140000', 'GIS Portal
Work Order App', null, null, '[]'::jsonb),
  ('f0000000-0000-4000-8000-030300040015', 'f0000000-0000-4000-8000-030000000000', 'f0000000-0000-4000-8000-030100040000', 'f0000000-0000-4000-8000-000200150000', 'Work Order App
SMS Gateway', null, null, '[]'::jsonb),
  ('f0000000-0000-4000-8000-030300050002', 'f0000000-0000-4000-8000-030000000000', 'f0000000-0000-4000-8000-030100050000', 'f0000000-0000-4000-8000-000200020000', 'Notify requester S02 (exc)', null, null, '[]'::jsonb),
  ('f0000000-0000-4000-8000-030300050003', 'f0000000-0000-4000-8000-030000000000', 'f0000000-0000-4000-8000-030100050000', 'f0000000-0000-4000-8000-000200030000', 'Notify requester S03 (exc)', null, null, '[]'::jsonb),
  ('f0000000-0000-4000-8000-030300050004', 'f0000000-0000-4000-8000-030000000000', 'f0000000-0000-4000-8000-030100050000', 'f0000000-0000-4000-8000-000200040000', 'Notify requester S04 (exc)', null, null, '[]'::jsonb),
  ('f0000000-0000-4000-8000-030300050006', 'f0000000-0000-4000-8000-030000000000', 'f0000000-0000-4000-8000-030100050000', 'f0000000-0000-4000-8000-000200060000', 'Notify requester S06 (exc)', null, null, '[]'::jsonb),
  ('f0000000-0000-4000-8000-030300050007', 'f0000000-0000-4000-8000-030000000000', 'f0000000-0000-4000-8000-030100050000', 'f0000000-0000-4000-8000-000200070000', 'Notify requester S07 (exc)', null, null, '[]'::jsonb),
  ('f0000000-0000-4000-8000-030300050008', 'f0000000-0000-4000-8000-030000000000', 'f0000000-0000-4000-8000-030100050000', 'f0000000-0000-4000-8000-000200080000', 'Notify requester S08 (exc)', null, null, '[]'::jsonb),
  ('f0000000-0000-4000-8000-030300050010', 'f0000000-0000-4000-8000-030000000000', 'f0000000-0000-4000-8000-030100050000', 'f0000000-0000-4000-8000-000200100000', 'Notify requester S10 (exc)', null, null, '[]'::jsonb),
  ('f0000000-0000-4000-8000-030300050011', 'f0000000-0000-4000-8000-030000000000', 'f0000000-0000-4000-8000-030100050000', 'f0000000-0000-4000-8000-000200110000', 'Notify requester S11 (exc)', null, null, '[]'::jsonb),
  ('f0000000-0000-4000-8000-030300050012', 'f0000000-0000-4000-8000-030000000000', 'f0000000-0000-4000-8000-030100050000', 'f0000000-0000-4000-8000-000200120000', 'Notify requester S12 (exc)', null, null, '[]'::jsonb),
  ('f0000000-0000-4000-8000-030300050014', 'f0000000-0000-4000-8000-030000000000', 'f0000000-0000-4000-8000-030100050000', 'f0000000-0000-4000-8000-000200140000', 'Notify requester S14 (exc)', null, null, '[]'::jsonb),
  ('f0000000-0000-4000-8000-030300050015', 'f0000000-0000-4000-8000-030000000000', 'f0000000-0000-4000-8000-030100050000', 'f0000000-0000-4000-8000-000200150000', 'Notify requester S15 (exc)', null, null, '[]'::jsonb),
  ('f0000000-0000-4000-8000-030300050016', 'f0000000-0000-4000-8000-030000000000', 'f0000000-0000-4000-8000-030100050000', 'f0000000-0000-4000-8000-000200160000', 'Notify requester S16 (exc)', null, null, '[]'::jsonb),
  ('f0000000-0000-4000-8000-030300060001', 'f0000000-0000-4000-8000-030000000000', 'f0000000-0000-4000-8000-030100060000', 'f0000000-0000-4000-8000-000200010000', 'Asset DB', null, null, '[]'::jsonb),
  ('f0000000-0000-4000-8000-030300060003', 'f0000000-0000-4000-8000-030000000000', 'f0000000-0000-4000-8000-030100060000', 'f0000000-0000-4000-8000-000200030000', 'Billing Engine
ETL Jobs', null, null, '[]'::jsonb),
  ('f0000000-0000-4000-8000-030300060004', 'f0000000-0000-4000-8000-030000000000', 'f0000000-0000-4000-8000-030100060000', 'f0000000-0000-4000-8000-000200040000', 'Asset DB
ETL Jobs', null, null, '[]'::jsonb),
  ('f0000000-0000-4000-8000-030300060005', 'f0000000-0000-4000-8000-030000000000', 'f0000000-0000-4000-8000-030100060000', 'f0000000-0000-4000-8000-000200050000', 'Asset DB', null, null, '[]'::jsonb),
  ('f0000000-0000-4000-8000-030300060007', 'f0000000-0000-4000-8000-030000000000', 'f0000000-0000-4000-8000-030100060000', 'f0000000-0000-4000-8000-000200070000', 'Billing Engine
ETL Jobs', null, null, '[{"type":"tech_description","label":"Billing Engine","description":"Billing Engine handles this step in the scale-test fixture (generated long-form tech copy)."}]'::jsonb),
  ('f0000000-0000-4000-8000-030300060008', 'f0000000-0000-4000-8000-030000000000', 'f0000000-0000-4000-8000-030100060000', 'f0000000-0000-4000-8000-000200080000', 'Asset DB
ETL Jobs', null, null, '[]'::jsonb),
  ('f0000000-0000-4000-8000-030300060009', 'f0000000-0000-4000-8000-030000000000', 'f0000000-0000-4000-8000-030100060000', 'f0000000-0000-4000-8000-000200090000', 'Asset DB', null, null, '[]'::jsonb),
  ('f0000000-0000-4000-8000-030300060011', 'f0000000-0000-4000-8000-030000000000', 'f0000000-0000-4000-8000-030100060000', 'f0000000-0000-4000-8000-000200110000', 'Billing Engine
ETL Jobs', null, null, '[]'::jsonb),
  ('f0000000-0000-4000-8000-030300060012', 'f0000000-0000-4000-8000-030000000000', 'f0000000-0000-4000-8000-030100060000', 'f0000000-0000-4000-8000-000200120000', 'Asset DB
ETL Jobs', null, null, '[]'::jsonb),
  ('f0000000-0000-4000-8000-030300060013', 'f0000000-0000-4000-8000-030000000000', 'f0000000-0000-4000-8000-030100060000', 'f0000000-0000-4000-8000-000200130000', 'Asset DB', null, null, '[]'::jsonb),
  ('f0000000-0000-4000-8000-030300060015', 'f0000000-0000-4000-8000-030000000000', 'f0000000-0000-4000-8000-030100060000', 'f0000000-0000-4000-8000-000200150000', 'Billing Engine
ETL Jobs', null, null, '[]'::jsonb),
  ('f0000000-0000-4000-8000-030300060016', 'f0000000-0000-4000-8000-030000000000', 'f0000000-0000-4000-8000-030100060000', 'f0000000-0000-4000-8000-000200160000', 'Asset DB
ETL Jobs', null, null, '[]'::jsonb),
  ('f0000000-0000-4000-8000-030300070001', 'f0000000-0000-4000-8000-030000000000', 'f0000000-0000-4000-8000-030100070000', 'f0000000-0000-4000-8000-000200010000', 'Reconcile records S01 (exc)', null, null, '[]'::jsonb),
  ('f0000000-0000-4000-8000-030300070002', 'f0000000-0000-4000-8000-030000000000', 'f0000000-0000-4000-8000-030100070000', 'f0000000-0000-4000-8000-000200020000', 'Reconcile records S02 (exc)', null, null, '[]'::jsonb),
  ('f0000000-0000-4000-8000-030300070004', 'f0000000-0000-4000-8000-030000000000', 'f0000000-0000-4000-8000-030100070000', 'f0000000-0000-4000-8000-000200040000', 'Reconcile records S04 (exc)', null, null, '[]'::jsonb),
  ('f0000000-0000-4000-8000-030300070005', 'f0000000-0000-4000-8000-030000000000', 'f0000000-0000-4000-8000-030100070000', 'f0000000-0000-4000-8000-000200050000', 'Reconcile records S05 (exc)', null, null, '[]'::jsonb),
  ('f0000000-0000-4000-8000-030300070006', 'f0000000-0000-4000-8000-030000000000', 'f0000000-0000-4000-8000-030100070000', 'f0000000-0000-4000-8000-000200060000', 'Reconcile records S06 (exc)', null, null, '[]'::jsonb),
  ('f0000000-0000-4000-8000-030300070008', 'f0000000-0000-4000-8000-030000000000', 'f0000000-0000-4000-8000-030100070000', 'f0000000-0000-4000-8000-000200080000', 'Reconcile records S08 (exc)', null, null, '[]'::jsonb),
  ('f0000000-0000-4000-8000-030300070009', 'f0000000-0000-4000-8000-030000000000', 'f0000000-0000-4000-8000-030100070000', 'f0000000-0000-4000-8000-000200090000', 'Reconcile records S09 (exc)', null, null, '[]'::jsonb),
  ('f0000000-0000-4000-8000-030300070010', 'f0000000-0000-4000-8000-030000000000', 'f0000000-0000-4000-8000-030100070000', 'f0000000-0000-4000-8000-000200100000', 'Reconcile records S10 (exc)', null, null, '[]'::jsonb),
  ('f0000000-0000-4000-8000-030300070012', 'f0000000-0000-4000-8000-030000000000', 'f0000000-0000-4000-8000-030100070000', 'f0000000-0000-4000-8000-000200120000', 'Reconcile records S12 (exc)', null, null, '[]'::jsonb),
  ('f0000000-0000-4000-8000-030300070013', 'f0000000-0000-4000-8000-030000000000', 'f0000000-0000-4000-8000-030100070000', 'f0000000-0000-4000-8000-000200130000', 'Reconcile records S13 (exc)', null, null, '[]'::jsonb),
  ('f0000000-0000-4000-8000-030300070014', 'f0000000-0000-4000-8000-030000000000', 'f0000000-0000-4000-8000-030100070000', 'f0000000-0000-4000-8000-000200140000', 'Reconcile records S14 (exc)', null, null, '[]'::jsonb),
  ('f0000000-0000-4000-8000-030300070016', 'f0000000-0000-4000-8000-030000000000', 'f0000000-0000-4000-8000-030100070000', 'f0000000-0000-4000-8000-000200160000', 'Reconcile records S16 (exc)', null, null, '[]'::jsonb),
  ('f0000000-0000-4000-8000-030300080001', 'f0000000-0000-4000-8000-030000000000', 'f0000000-0000-4000-8000-030100080000', 'f0000000-0000-4000-8000-000200010000', 'Dev Team', null, null, '[]'::jsonb),
  ('f0000000-0000-4000-8000-030300080002', 'f0000000-0000-4000-8000-030000000000', 'f0000000-0000-4000-8000-030100080000', 'f0000000-0000-4000-8000-000200020000', 'Dev Team
GIS Vendor', null, null, '[]'::jsonb),
  ('f0000000-0000-4000-8000-030300080003', 'f0000000-0000-4000-8000-030000000000', 'f0000000-0000-4000-8000-030100080000', 'f0000000-0000-4000-8000-000200030000', 'GIS Vendor
NOC', null, null, '[]'::jsonb),
  ('f0000000-0000-4000-8000-030300080005', 'f0000000-0000-4000-8000-030000000000', 'f0000000-0000-4000-8000-030100080000', 'f0000000-0000-4000-8000-000200050000', 'Dev Team
GIS Vendor', null, null, '[]'::jsonb),
  ('f0000000-0000-4000-8000-030300080006', 'f0000000-0000-4000-8000-030000000000', 'f0000000-0000-4000-8000-030100080000', 'f0000000-0000-4000-8000-000200060000', 'GIS Vendor
NOC', null, null, '[]'::jsonb),
  ('f0000000-0000-4000-8000-030300080007', 'f0000000-0000-4000-8000-030000000000', 'f0000000-0000-4000-8000-030100080000', 'f0000000-0000-4000-8000-000200070000', 'Dev Team', null, null, '[]'::jsonb),
  ('f0000000-0000-4000-8000-030300080009', 'f0000000-0000-4000-8000-030000000000', 'f0000000-0000-4000-8000-030100080000', 'f0000000-0000-4000-8000-000200090000', 'GIS Vendor
NOC', null, null, '[]'::jsonb),
  ('f0000000-0000-4000-8000-030300080010', 'f0000000-0000-4000-8000-030000000000', 'f0000000-0000-4000-8000-030100080000', 'f0000000-0000-4000-8000-000200100000', 'Dev Team', null, null, '[]'::jsonb),
  ('f0000000-0000-4000-8000-030300080011', 'f0000000-0000-4000-8000-030000000000', 'f0000000-0000-4000-8000-030100080000', 'f0000000-0000-4000-8000-000200110000', 'Dev Team
GIS Vendor', null, null, '[]'::jsonb),
  ('f0000000-0000-4000-8000-030300080013', 'f0000000-0000-4000-8000-030000000000', 'f0000000-0000-4000-8000-030100080000', 'f0000000-0000-4000-8000-000200130000', 'Dev Team', null, null, '[]'::jsonb),
  ('f0000000-0000-4000-8000-030300080014', 'f0000000-0000-4000-8000-030000000000', 'f0000000-0000-4000-8000-030100080000', 'f0000000-0000-4000-8000-000200140000', 'Dev Team
GIS Vendor', null, null, '[]'::jsonb),
  ('f0000000-0000-4000-8000-030300080015', 'f0000000-0000-4000-8000-030000000000', 'f0000000-0000-4000-8000-030100080000', 'f0000000-0000-4000-8000-000200150000', 'GIS Vendor
NOC', null, null, '[]'::jsonb),
  ('f0000000-0000-4000-8000-030300090002', 'f0000000-0000-4000-8000-030000000000', 'f0000000-0000-4000-8000-030100090000', 'f0000000-0000-4000-8000-000200020000', 'Audit checkpoint S02 (exc)', null, null, '[]'::jsonb),
  ('f0000000-0000-4000-8000-030300090003', 'f0000000-0000-4000-8000-030000000000', 'f0000000-0000-4000-8000-030100090000', 'f0000000-0000-4000-8000-000200030000', 'Audit checkpoint S03 (exc)', null, null, '[]'::jsonb),
  ('f0000000-0000-4000-8000-030300090004', 'f0000000-0000-4000-8000-030000000000', 'f0000000-0000-4000-8000-030100090000', 'f0000000-0000-4000-8000-000200040000', 'Audit checkpoint S04 (exc)', null, null, '[]'::jsonb),
  ('f0000000-0000-4000-8000-030300090006', 'f0000000-0000-4000-8000-030000000000', 'f0000000-0000-4000-8000-030100090000', 'f0000000-0000-4000-8000-000200060000', 'Audit checkpoint S06 (exc)', null, null, '[]'::jsonb),
  ('f0000000-0000-4000-8000-030300090007', 'f0000000-0000-4000-8000-030000000000', 'f0000000-0000-4000-8000-030100090000', 'f0000000-0000-4000-8000-000200070000', 'Audit checkpoint S07 (exc)', null, null, '[]'::jsonb),
  ('f0000000-0000-4000-8000-030300090008', 'f0000000-0000-4000-8000-030000000000', 'f0000000-0000-4000-8000-030100090000', 'f0000000-0000-4000-8000-000200080000', 'Audit checkpoint S08 (exc)', null, null, '[]'::jsonb),
  ('f0000000-0000-4000-8000-030300090010', 'f0000000-0000-4000-8000-030000000000', 'f0000000-0000-4000-8000-030100090000', 'f0000000-0000-4000-8000-000200100000', 'Audit checkpoint S10 (exc)', null, null, '[]'::jsonb),
  ('f0000000-0000-4000-8000-030300090011', 'f0000000-0000-4000-8000-030000000000', 'f0000000-0000-4000-8000-030100090000', 'f0000000-0000-4000-8000-000200110000', 'Audit checkpoint S11 (exc)', null, null, '[]'::jsonb),
  ('f0000000-0000-4000-8000-030300090012', 'f0000000-0000-4000-8000-030000000000', 'f0000000-0000-4000-8000-030100090000', 'f0000000-0000-4000-8000-000200120000', 'Audit checkpoint S12 (exc)', null, null, '[]'::jsonb),
  ('f0000000-0000-4000-8000-030300090014', 'f0000000-0000-4000-8000-030000000000', 'f0000000-0000-4000-8000-030100090000', 'f0000000-0000-4000-8000-000200140000', 'Audit checkpoint S14 (exc)', null, null, '[]'::jsonb),
  ('f0000000-0000-4000-8000-030300090015', 'f0000000-0000-4000-8000-030000000000', 'f0000000-0000-4000-8000-030100090000', 'f0000000-0000-4000-8000-000200150000', 'Audit checkpoint S15 (exc)', null, null, '[]'::jsonb),
  ('f0000000-0000-4000-8000-030300090016', 'f0000000-0000-4000-8000-030000000000', 'f0000000-0000-4000-8000-030100090000', 'f0000000-0000-4000-8000-000200160000', 'Audit checkpoint S16 (exc)', null, null, '[]'::jsonb),
  ('f0000000-0000-4000-8000-030300100001', 'f0000000-0000-4000-8000-030000000000', 'f0000000-0000-4000-8000-030100100000', 'f0000000-0000-4000-8000-000200010000', 'Partner sync S01 (exc)', null, null, '[]'::jsonb),
  ('f0000000-0000-4000-8000-030300100003', 'f0000000-0000-4000-8000-030000000000', 'f0000000-0000-4000-8000-030100100000', 'f0000000-0000-4000-8000-000200030000', 'Partner sync S03 (exc)', null, null, '[]'::jsonb),
  ('f0000000-0000-4000-8000-030300100004', 'f0000000-0000-4000-8000-030000000000', 'f0000000-0000-4000-8000-030100100000', 'f0000000-0000-4000-8000-000200040000', 'Partner sync S04 (exc)', null, null, '[]'::jsonb),
  ('f0000000-0000-4000-8000-030300100005', 'f0000000-0000-4000-8000-030000000000', 'f0000000-0000-4000-8000-030100100000', 'f0000000-0000-4000-8000-000200050000', 'Partner sync S05 (exc)', null, null, '[]'::jsonb),
  ('f0000000-0000-4000-8000-030300100007', 'f0000000-0000-4000-8000-030000000000', 'f0000000-0000-4000-8000-030100100000', 'f0000000-0000-4000-8000-000200070000', 'Partner sync S07 (exc)', null, null, '[]'::jsonb),
  ('f0000000-0000-4000-8000-030300100008', 'f0000000-0000-4000-8000-030000000000', 'f0000000-0000-4000-8000-030100100000', 'f0000000-0000-4000-8000-000200080000', 'Partner sync S08 (exc)', null, null, '[]'::jsonb),
  ('f0000000-0000-4000-8000-030300100009', 'f0000000-0000-4000-8000-030000000000', 'f0000000-0000-4000-8000-030100100000', 'f0000000-0000-4000-8000-000200090000', 'Partner sync S09 (exc)', null, null, '[]'::jsonb),
  ('f0000000-0000-4000-8000-030300100011', 'f0000000-0000-4000-8000-030000000000', 'f0000000-0000-4000-8000-030100100000', 'f0000000-0000-4000-8000-000200110000', 'Partner sync S11 (exc)', null, null, '[]'::jsonb),
  ('f0000000-0000-4000-8000-030300100012', 'f0000000-0000-4000-8000-030000000000', 'f0000000-0000-4000-8000-030100100000', 'f0000000-0000-4000-8000-000200120000', 'Partner sync S12 (exc)', null, null, '[]'::jsonb),
  ('f0000000-0000-4000-8000-030300100013', 'f0000000-0000-4000-8000-030000000000', 'f0000000-0000-4000-8000-030100100000', 'f0000000-0000-4000-8000-000200130000', 'Partner sync S13 (exc)', null, null, '[]'::jsonb),
  ('f0000000-0000-4000-8000-030300100015', 'f0000000-0000-4000-8000-030000000000', 'f0000000-0000-4000-8000-030100100000', 'f0000000-0000-4000-8000-000200150000', 'Partner sync S15 (exc)', null, null, '[]'::jsonb),
  ('f0000000-0000-4000-8000-030300100016', 'f0000000-0000-4000-8000-030000000000', 'f0000000-0000-4000-8000-030100100000', 'f0000000-0000-4000-8000-000200160000', 'Partner sync S16 (exc)', null, null, '[]'::jsonb),
  ('f0000000-0000-4000-8000-030300110001', 'f0000000-0000-4000-8000-030000000000', 'f0000000-0000-4000-8000-030100110000', 'f0000000-0000-4000-8000-000200010000', 'SLA check S01 (exc)', null, null, '[]'::jsonb),
  ('f0000000-0000-4000-8000-030300110002', 'f0000000-0000-4000-8000-030000000000', 'f0000000-0000-4000-8000-030100110000', 'f0000000-0000-4000-8000-000200020000', 'SLA check S02 (exc)', null, null, '[]'::jsonb),
  ('f0000000-0000-4000-8000-030300110004', 'f0000000-0000-4000-8000-030000000000', 'f0000000-0000-4000-8000-030100110000', 'f0000000-0000-4000-8000-000200040000', 'SLA check S04 (exc)', null, null, '[]'::jsonb),
  ('f0000000-0000-4000-8000-030300110005', 'f0000000-0000-4000-8000-030000000000', 'f0000000-0000-4000-8000-030100110000', 'f0000000-0000-4000-8000-000200050000', 'SLA check S05 (exc)', null, null, '[]'::jsonb),
  ('f0000000-0000-4000-8000-030300110006', 'f0000000-0000-4000-8000-030000000000', 'f0000000-0000-4000-8000-030100110000', 'f0000000-0000-4000-8000-000200060000', 'SLA check S06 (exc)', null, null, '[]'::jsonb),
  ('f0000000-0000-4000-8000-030300110008', 'f0000000-0000-4000-8000-030000000000', 'f0000000-0000-4000-8000-030100110000', 'f0000000-0000-4000-8000-000200080000', 'SLA check S08 (exc)', null, null, '[]'::jsonb),
  ('f0000000-0000-4000-8000-030300110009', 'f0000000-0000-4000-8000-030000000000', 'f0000000-0000-4000-8000-030100110000', 'f0000000-0000-4000-8000-000200090000', 'SLA check S09 (exc)', null, null, '[]'::jsonb),
  ('f0000000-0000-4000-8000-030300110010', 'f0000000-0000-4000-8000-030000000000', 'f0000000-0000-4000-8000-030100110000', 'f0000000-0000-4000-8000-000200100000', 'SLA check S10 (exc)', null, null, '[]'::jsonb),
  ('f0000000-0000-4000-8000-030300110012', 'f0000000-0000-4000-8000-030000000000', 'f0000000-0000-4000-8000-030100110000', 'f0000000-0000-4000-8000-000200120000', 'SLA check S12 (exc)', null, null, '[]'::jsonb),
  ('f0000000-0000-4000-8000-030300110013', 'f0000000-0000-4000-8000-030000000000', 'f0000000-0000-4000-8000-030100110000', 'f0000000-0000-4000-8000-000200130000', 'SLA check S13 (exc)', null, null, '[]'::jsonb),
  ('f0000000-0000-4000-8000-030300110014', 'f0000000-0000-4000-8000-030000000000', 'f0000000-0000-4000-8000-030100110000', 'f0000000-0000-4000-8000-000200140000', 'SLA check S14 (exc)', null, null, '[]'::jsonb),
  ('f0000000-0000-4000-8000-030300110016', 'f0000000-0000-4000-8000-030000000000', 'f0000000-0000-4000-8000-030100110000', 'f0000000-0000-4000-8000-000200160000', 'SLA check S16 (exc)', null, null, '[]'::jsonb);

insert into public.cell_triggers (id, source_cell_id, target_cell_id) values
  ('f0000000-0000-4000-8000-010400010000', 'f0000000-0000-4000-8000-010300030001', 'f0000000-0000-4000-8000-010300030002'),
  ('f0000000-0000-4000-8000-010400020000', 'f0000000-0000-4000-8000-010300030002', 'f0000000-0000-4000-8000-010300030004'),
  ('f0000000-0000-4000-8000-010400030000', 'f0000000-0000-4000-8000-010300030004', 'f0000000-0000-4000-8000-010300030005'),
  ('f0000000-0000-4000-8000-010400040000', 'f0000000-0000-4000-8000-010300030005', 'f0000000-0000-4000-8000-010300030006'),
  ('f0000000-0000-4000-8000-010400050000', 'f0000000-0000-4000-8000-010300030006', 'f0000000-0000-4000-8000-010300030008'),
  ('f0000000-0000-4000-8000-010400060000', 'f0000000-0000-4000-8000-010300030008', 'f0000000-0000-4000-8000-010300030009'),
  ('f0000000-0000-4000-8000-010400070000', 'f0000000-0000-4000-8000-010300030009', 'f0000000-0000-4000-8000-010300030010'),
  ('f0000000-0000-4000-8000-010400080000', 'f0000000-0000-4000-8000-010300030010', 'f0000000-0000-4000-8000-010300030012'),
  ('f0000000-0000-4000-8000-010400090000', 'f0000000-0000-4000-8000-010300030012', 'f0000000-0000-4000-8000-010300030013'),
  ('f0000000-0000-4000-8000-010400100000', 'f0000000-0000-4000-8000-010300030013', 'f0000000-0000-4000-8000-010300030014'),
  ('f0000000-0000-4000-8000-010400110000', 'f0000000-0000-4000-8000-010300030014', 'f0000000-0000-4000-8000-010300030016'),
  ('f0000000-0000-4000-8000-010400120000', 'f0000000-0000-4000-8000-010300030005', 'f0000000-0000-4000-8000-010300050006'),
  ('f0000000-0000-4000-8000-010400130000', 'f0000000-0000-4000-8000-010300020008', 'f0000000-0000-4000-8000-010300070009'),
  ('f0000000-0000-4000-8000-010400140000', 'f0000000-0000-4000-8000-010300070009', 'f0000000-0000-4000-8000-010300090010'),
  ('f0000000-0000-4000-8000-010400150000', 'f0000000-0000-4000-8000-010300090010', 'f0000000-0000-4000-8000-010300100012'),
  ('f0000000-0000-4000-8000-010400160000', 'f0000000-0000-4000-8000-010300030005', 'f0000000-0000-4000-8000-010300040005'),
  ('f0000000-0000-4000-8000-010400170000', 'f0000000-0000-4000-8000-010300050008', 'f0000000-0000-4000-8000-010300060008'),
  ('f0000000-0000-4000-8000-010400180000', 'f0000000-0000-4000-8000-010300020013', 'f0000000-0000-4000-8000-010300020004'),
  ('f0000000-0000-4000-8000-020400010000', 'f0000000-0000-4000-8000-020300030001', 'f0000000-0000-4000-8000-020300030002'),
  ('f0000000-0000-4000-8000-020400020000', 'f0000000-0000-4000-8000-020300030002', 'f0000000-0000-4000-8000-020300030004'),
  ('f0000000-0000-4000-8000-020400030000', 'f0000000-0000-4000-8000-020300030004', 'f0000000-0000-4000-8000-020300030005'),
  ('f0000000-0000-4000-8000-020400040000', 'f0000000-0000-4000-8000-020300030005', 'f0000000-0000-4000-8000-020300030006'),
  ('f0000000-0000-4000-8000-020400050000', 'f0000000-0000-4000-8000-020300030006', 'f0000000-0000-4000-8000-020300030008'),
  ('f0000000-0000-4000-8000-020400060000', 'f0000000-0000-4000-8000-020300030008', 'f0000000-0000-4000-8000-020300030009'),
  ('f0000000-0000-4000-8000-020400070000', 'f0000000-0000-4000-8000-020300030009', 'f0000000-0000-4000-8000-020300030010'),
  ('f0000000-0000-4000-8000-020400080000', 'f0000000-0000-4000-8000-020300030010', 'f0000000-0000-4000-8000-020300030012'),
  ('f0000000-0000-4000-8000-020400090000', 'f0000000-0000-4000-8000-020300030012', 'f0000000-0000-4000-8000-020300030013'),
  ('f0000000-0000-4000-8000-020400100000', 'f0000000-0000-4000-8000-020300030013', 'f0000000-0000-4000-8000-020300030014'),
  ('f0000000-0000-4000-8000-020400110000', 'f0000000-0000-4000-8000-020300030014', 'f0000000-0000-4000-8000-020300030016'),
  ('f0000000-0000-4000-8000-020400120000', 'f0000000-0000-4000-8000-020300030005', 'f0000000-0000-4000-8000-020300050006'),
  ('f0000000-0000-4000-8000-020400130000', 'f0000000-0000-4000-8000-020300020008', 'f0000000-0000-4000-8000-020300070009'),
  ('f0000000-0000-4000-8000-020400140000', 'f0000000-0000-4000-8000-020300070009', 'f0000000-0000-4000-8000-020300090010'),
  ('f0000000-0000-4000-8000-020400150000', 'f0000000-0000-4000-8000-020300090010', 'f0000000-0000-4000-8000-020300100012'),
  ('f0000000-0000-4000-8000-020400160000', 'f0000000-0000-4000-8000-020300030005', 'f0000000-0000-4000-8000-020300040005'),
  ('f0000000-0000-4000-8000-020400170000', 'f0000000-0000-4000-8000-020300050008', 'f0000000-0000-4000-8000-020300060008'),
  ('f0000000-0000-4000-8000-020400180000', 'f0000000-0000-4000-8000-020300020013', 'f0000000-0000-4000-8000-020300020004'),
  ('f0000000-0000-4000-8000-030400010000', 'f0000000-0000-4000-8000-030300030001', 'f0000000-0000-4000-8000-030300030002'),
  ('f0000000-0000-4000-8000-030400020000', 'f0000000-0000-4000-8000-030300030002', 'f0000000-0000-4000-8000-030300030004'),
  ('f0000000-0000-4000-8000-030400030000', 'f0000000-0000-4000-8000-030300030004', 'f0000000-0000-4000-8000-030300030005'),
  ('f0000000-0000-4000-8000-030400040000', 'f0000000-0000-4000-8000-030300030005', 'f0000000-0000-4000-8000-030300030006'),
  ('f0000000-0000-4000-8000-030400050000', 'f0000000-0000-4000-8000-030300030006', 'f0000000-0000-4000-8000-030300030008'),
  ('f0000000-0000-4000-8000-030400060000', 'f0000000-0000-4000-8000-030300030008', 'f0000000-0000-4000-8000-030300030009'),
  ('f0000000-0000-4000-8000-030400070000', 'f0000000-0000-4000-8000-030300030009', 'f0000000-0000-4000-8000-030300030010'),
  ('f0000000-0000-4000-8000-030400080000', 'f0000000-0000-4000-8000-030300030010', 'f0000000-0000-4000-8000-030300030012'),
  ('f0000000-0000-4000-8000-030400090000', 'f0000000-0000-4000-8000-030300030012', 'f0000000-0000-4000-8000-030300030013'),
  ('f0000000-0000-4000-8000-030400100000', 'f0000000-0000-4000-8000-030300030013', 'f0000000-0000-4000-8000-030300030014'),
  ('f0000000-0000-4000-8000-030400110000', 'f0000000-0000-4000-8000-030300030014', 'f0000000-0000-4000-8000-030300030016'),
  ('f0000000-0000-4000-8000-030400120000', 'f0000000-0000-4000-8000-030300030005', 'f0000000-0000-4000-8000-030300050006'),
  ('f0000000-0000-4000-8000-030400130000', 'f0000000-0000-4000-8000-030300020008', 'f0000000-0000-4000-8000-030300070009'),
  ('f0000000-0000-4000-8000-030400140000', 'f0000000-0000-4000-8000-030300070009', 'f0000000-0000-4000-8000-030300090010'),
  ('f0000000-0000-4000-8000-030400150000', 'f0000000-0000-4000-8000-030300090010', 'f0000000-0000-4000-8000-030300100012'),
  ('f0000000-0000-4000-8000-030400160000', 'f0000000-0000-4000-8000-030300030005', 'f0000000-0000-4000-8000-030300040005'),
  ('f0000000-0000-4000-8000-030400170000', 'f0000000-0000-4000-8000-030300050008', 'f0000000-0000-4000-8000-030300060008'),
  ('f0000000-0000-4000-8000-030400180000', 'f0000000-0000-4000-8000-030300020013', 'f0000000-0000-4000-8000-030300020004'),
  ('f0000000-0000-4000-8000-030400190000', 'f0000000-0000-4000-8000-030300090012', 'f0000000-0000-4000-8000-030300090006');

commit;
