-- In-session → Goal Setting scenario — Detailed Path
-- Stable keys map to fixed UUIDs in src/data/goalSettingDetailedPathFallback.ts

insert into public.paths (id, service_scenario_id, name, description, path_type)
values (
  'a0000000-0000-4000-8000-000000000811',
  'a0000000-0000-4000-8000-000000000204',
  'Set Goals',
  'No prior personalized goals set and start of a new goal cycle.',
  'alternative'
)
on conflict (id) do update set
  service_scenario_id = excluded.service_scenario_id,
  name = excluded.name,
  description = excluded.description,
  path_type = excluded.path_type;

delete from public.cell_triggers where source_cell_id in (select id from public.cells where path_id = 'a0000000-0000-4000-8000-000000000811');
delete from public.cells where path_id = 'a0000000-0000-4000-8000-000000000811';
delete from public.layers where path_id = 'a0000000-0000-4000-8000-000000000811';
delete from public.path_steps where path_id = 'a0000000-0000-4000-8000-000000000811';

insert into public.layers (id, path_id, name, row_position)
values
  ('a0000000-0000-4000-8000-0000000008a0', 'a0000000-0000-4000-8000-000000000811', 'Visual', 0),
  ('a0000000-0000-4000-8000-0000000008a1', 'a0000000-0000-4000-8000-000000000811', 'Partner Action: Teacher', 1),
  ('a0000000-0000-4000-8000-0000000008a2', 'a0000000-0000-4000-8000-000000000811', 'Lead Tutor', 2),
  ('a0000000-0000-4000-8000-0000000008a3', 'a0000000-0000-4000-8000-000000000811', 'Regular Tutor', 3),
  ('a0000000-0000-4000-8000-0000000008a5', 'a0000000-0000-4000-8000-000000000811', 'Front Stage Tech', 4),
  ('a0000000-0000-4000-8000-0000000008a4', 'a0000000-0000-4000-8000-000000000811', 'Front Stage Actions', 5),
  ('a0000000-0000-4000-8000-0000000008a7', 'a0000000-0000-4000-8000-000000000811', 'Back Stage Tech', 6),
  ('a0000000-0000-4000-8000-0000000008a6', 'a0000000-0000-4000-8000-000000000811', 'Back Stage Actions', 7),
  ('a0000000-0000-4000-8000-0000000008a8', 'a0000000-0000-4000-8000-000000000811', 'Support Actions', 8)
on conflict (id) do update set name = excluded.name, row_position = excluded.row_position, path_id = excluded.path_id;

insert into public.steps (id, service_scenario_id, name)
values
  ('a0000000-0000-4000-8000-000000009a01', 'a0000000-0000-4000-8000-000000000204', 'Join breakout session'),
  ('a0000000-0000-4000-8000-000000009a02', 'a0000000-0000-4000-8000-000000000204', 'Click on Set Goals CTA in the Action column'),
  ('a0000000-0000-4000-8000-000000009a03', 'a0000000-0000-4000-8000-000000000204', 'Share screen'),
  ('a0000000-0000-4000-8000-000000009a04', 'a0000000-0000-4000-8000-000000000204', 'Explain to student what goal setting is'),
  ('a0000000-0000-4000-8000-000000009a05', 'a0000000-0000-4000-8000-000000000204', 'Once student understands, starts setting first goal while sharing screen'),
  ('a0000000-0000-4000-8000-000000009a06', 'a0000000-0000-4000-8000-000000000204', 'Fill out goal settings and quantity with the student'),
  ('a0000000-0000-4000-8000-000000009a07', 'a0000000-0000-4000-8000-000000000204', 'If prompted, fill out goal achievement strategy with the student'),
  ('a0000000-0000-4000-8000-000000009a08', 'a0000000-0000-4000-8000-000000000204', 'Save goal'),
  ('a0000000-0000-4000-8000-000000009a09', 'a0000000-0000-4000-8000-000000000204', 'Finalize goal setting with student'),
  ('a0000000-0000-4000-8000-000000009a0a', 'a0000000-0000-4000-8000-000000000204', 'Leave breakout room')
on conflict (id) do update set name = excluded.name, service_scenario_id = excluded.service_scenario_id;

insert into public.path_steps (path_id, step_id, column_position)
values
  ('a0000000-0000-4000-8000-000000000811', 'a0000000-0000-4000-8000-000000009a01', 1),
  ('a0000000-0000-4000-8000-000000000811', 'a0000000-0000-4000-8000-000000009a02', 2),
  ('a0000000-0000-4000-8000-000000000811', 'a0000000-0000-4000-8000-000000009a03', 3),
  ('a0000000-0000-4000-8000-000000000811', 'a0000000-0000-4000-8000-000000009a04', 4),
  ('a0000000-0000-4000-8000-000000000811', 'a0000000-0000-4000-8000-000000009a05', 5),
  ('a0000000-0000-4000-8000-000000000811', 'a0000000-0000-4000-8000-000000009a06', 6),
  ('a0000000-0000-4000-8000-000000000811', 'a0000000-0000-4000-8000-000000009a07', 7),
  ('a0000000-0000-4000-8000-000000000811', 'a0000000-0000-4000-8000-000000009a08', 8),
  ('a0000000-0000-4000-8000-000000000811', 'a0000000-0000-4000-8000-000000009a09', 9),
  ('a0000000-0000-4000-8000-000000000811', 'a0000000-0000-4000-8000-000000009a0a', 10),
  ('a0000000-0000-4000-8000-000000000811', 'a0000000-0000-4000-8000-000000000974', 11)
on conflict (path_id, step_id) do update set column_position = excluded.column_position;

insert into public.cells (id, path_id, layer_id, step_id, content)
values
  ('a0000000-0000-4000-8000-0000001f0110', 'a0000000-0000-4000-8000-000000000811', 'a0000000-0000-4000-8000-0000000008a0', 'a0000000-0000-4000-8000-000000009a01', ''),
  ('a0000000-0000-4000-8000-0000001f0210', 'a0000000-0000-4000-8000-000000000811', 'a0000000-0000-4000-8000-0000000008a0', 'a0000000-0000-4000-8000-000000009a02', ''),
  ('a0000000-0000-4000-8000-0000001f0310', 'a0000000-0000-4000-8000-000000000811', 'a0000000-0000-4000-8000-0000000008a0', 'a0000000-0000-4000-8000-000000009a03', ''),
  ('a0000000-0000-4000-8000-0000001f0410', 'a0000000-0000-4000-8000-000000000811', 'a0000000-0000-4000-8000-0000000008a0', 'a0000000-0000-4000-8000-000000009a04', ''),
  ('a0000000-0000-4000-8000-0000001f0510', 'a0000000-0000-4000-8000-000000000811', 'a0000000-0000-4000-8000-0000000008a0', 'a0000000-0000-4000-8000-000000009a05', ''),
  ('a0000000-0000-4000-8000-0000001f0610', 'a0000000-0000-4000-8000-000000000811', 'a0000000-0000-4000-8000-0000000008a0', 'a0000000-0000-4000-8000-000000009a06', ''),
  ('a0000000-0000-4000-8000-0000001f0710', 'a0000000-0000-4000-8000-000000000811', 'a0000000-0000-4000-8000-0000000008a0', 'a0000000-0000-4000-8000-000000009a07', ''),
  ('a0000000-0000-4000-8000-0000001f0810', 'a0000000-0000-4000-8000-000000000811', 'a0000000-0000-4000-8000-0000000008a0', 'a0000000-0000-4000-8000-000000009a08', ''),
  ('a0000000-0000-4000-8000-0000001f0910', 'a0000000-0000-4000-8000-000000000811', 'a0000000-0000-4000-8000-0000000008a0', 'a0000000-0000-4000-8000-000000009a09', ''),
  ('a0000000-0000-4000-8000-0000001f1010', 'a0000000-0000-4000-8000-000000000811', 'a0000000-0000-4000-8000-0000000008a0', 'a0000000-0000-4000-8000-000000009a0a', ''),
  ('a0000000-0000-4000-8000-0000001f1110', 'a0000000-0000-4000-8000-000000000811', 'a0000000-0000-4000-8000-0000000008a0', 'a0000000-0000-4000-8000-000000000974', ''),
  ('a0000000-0000-4000-8000-0000001f0101', 'a0000000-0000-4000-8000-000000000811', 'a0000000-0000-4000-8000-0000000008a1', 'a0000000-0000-4000-8000-000000009a01', 'Circulate and quietly observe the students.'),
  ('a0000000-0000-4000-8000-0000001f0201', 'a0000000-0000-4000-8000-000000000811', 'a0000000-0000-4000-8000-0000000008a1', 'a0000000-0000-4000-8000-000000009a02', 'Remind students to keep working while waiting.'),
  ('a0000000-0000-4000-8000-0000001f0301', 'a0000000-0000-4000-8000-000000000811', 'a0000000-0000-4000-8000-0000000008a1', 'a0000000-0000-4000-8000-000000009a03', 'Checks if all students are in the correct breakout room.'),
  ('a0000000-0000-4000-8000-0000001f0401', 'a0000000-0000-4000-8000-000000000811', 'a0000000-0000-4000-8000-0000000008a1', 'a0000000-0000-4000-8000-000000009a04', 'Receives information that student is absent from session.'),
  ('a0000000-0000-4000-8000-0000001f0501', 'a0000000-0000-4000-8000-000000000811', 'a0000000-0000-4000-8000-0000000008a1', 'a0000000-0000-4000-8000-000000009a05', 'Alerts lead tutor about unassigned or miss-assigned students using the "ask for help" alert.'),
  ('a0000000-0000-4000-8000-0000001f0601', 'a0000000-0000-4000-8000-000000000811', 'a0000000-0000-4000-8000-0000000008a1', 'a0000000-0000-4000-8000-000000009a06', 'Handles student tech problems as they arise.'),
  ('a0000000-0000-4000-8000-0000001f0701', 'a0000000-0000-4000-8000-000000000811', 'a0000000-0000-4000-8000-0000000008a1', 'a0000000-0000-4000-8000-000000009a07', 'Escalates unresolved issues to tutors@tutor.plus promptly.'),
  ('a0000000-0000-4000-8000-0000001f0102', 'a0000000-0000-4000-8000-000000000811', 'a0000000-0000-4000-8000-0000000008a2', 'a0000000-0000-4000-8000-000000009a01', 'Rename students to match roster name.'),
  ('a0000000-0000-4000-8000-0000001f0202', 'a0000000-0000-4000-8000-000000000811', 'a0000000-0000-4000-8000-0000000008a2', 'a0000000-0000-4000-8000-000000009a02', 'Add any un-rostered students to attendance list.'),
  ('a0000000-0000-4000-8000-0000001f0302', 'a0000000-0000-4000-8000-000000000811', 'a0000000-0000-4000-8000-0000000008a2', 'a0000000-0000-4000-8000-000000009a03', 'Manually assign unpaired students to available tutors.'),
  ('a0000000-0000-4000-8000-0000001f0402', 'a0000000-0000-4000-8000-000000000811', 'a0000000-0000-4000-8000-0000000008a2', 'a0000000-0000-4000-8000-000000009a04', 'Inform classroom teacher about students that are absent.'),
  ('a0000000-0000-4000-8000-0000001f0502', 'a0000000-0000-4000-8000-000000000811', 'a0000000-0000-4000-8000-0000000008a2', 'a0000000-0000-4000-8000-000000009a05', 'Respond to classroom teachers "ask for help" request.'),
  ('a0000000-0000-4000-8000-0000001f0103', 'a0000000-0000-4000-8000-000000000811', 'a0000000-0000-4000-8000-0000000008a3', 'a0000000-0000-4000-8000-000000009a01', 'Join breakout session.'),
  ('a0000000-0000-4000-8000-0000001f0203', 'a0000000-0000-4000-8000-000000000811', 'a0000000-0000-4000-8000-0000000008a3', 'a0000000-0000-4000-8000-000000009a02', 'Click on Set Goals CTA in the Action column.'),
  ('a0000000-0000-4000-8000-0000001f0303', 'a0000000-0000-4000-8000-000000000811', 'a0000000-0000-4000-8000-0000000008a3', 'a0000000-0000-4000-8000-000000009a03', 'Share screen.'),
  ('a0000000-0000-4000-8000-0000001f0403', 'a0000000-0000-4000-8000-000000000811', 'a0000000-0000-4000-8000-0000000008a3', 'a0000000-0000-4000-8000-000000009a04', 'Explain to student what goal setting is.'),
  ('a0000000-0000-4000-8000-0000001f0503', 'a0000000-0000-4000-8000-000000000811', 'a0000000-0000-4000-8000-0000000008a3', 'a0000000-0000-4000-8000-000000009a05', 'Once student understands, starts setting first goal while sharing screen.'),
  ('a0000000-0000-4000-8000-0000001f0603', 'a0000000-0000-4000-8000-000000000811', 'a0000000-0000-4000-8000-0000000008a3', 'a0000000-0000-4000-8000-000000009a06', 'Fill out goal settings and quantity with the student.'),
  ('a0000000-0000-4000-8000-0000001f0703', 'a0000000-0000-4000-8000-000000000811', 'a0000000-0000-4000-8000-0000000008a3', 'a0000000-0000-4000-8000-000000009a07', 'If prompted, fill out goal achievement strategy with the student.'),
  ('a0000000-0000-4000-8000-0000001f0803', 'a0000000-0000-4000-8000-000000000811', 'a0000000-0000-4000-8000-0000000008a3', 'a0000000-0000-4000-8000-000000009a08', 'Save goal.'),
  ('a0000000-0000-4000-8000-0000001f0903', 'a0000000-0000-4000-8000-000000000811', 'a0000000-0000-4000-8000-0000000008a3', 'a0000000-0000-4000-8000-000000009a09', 'Finalize goal setting with student.'),
  ('a0000000-0000-4000-8000-0000001f1003', 'a0000000-0000-4000-8000-000000000811', 'a0000000-0000-4000-8000-0000000008a3', 'a0000000-0000-4000-8000-000000009a0a', 'Leave breakout room.'),
  ('a0000000-0000-4000-8000-0000001f1103', 'a0000000-0000-4000-8000-000000000811', 'a0000000-0000-4000-8000-0000000008a3', 'a0000000-0000-4000-8000-000000000974', 'Move on to the next student in sorted order set by researchers.'),
  ('a0000000-0000-4000-8000-0000001f0106', 'a0000000-0000-4000-8000-000000000811', 'a0000000-0000-4000-8000-0000000008a4', 'a0000000-0000-4000-8000-000000009a01', 'Zoom/Pencil'),
  ('a0000000-0000-4000-8000-0000001f0206', 'a0000000-0000-4000-8000-000000000811', 'a0000000-0000-4000-8000-0000000008a4', 'a0000000-0000-4000-8000-000000009a02', 'PLUS App'),
  ('a0000000-0000-4000-8000-0000001f0306', 'a0000000-0000-4000-8000-000000000811', 'a0000000-0000-4000-8000-0000000008a4', 'a0000000-0000-4000-8000-000000009a03', 'Zoom/Pencil, PLUS App'),
  ('a0000000-0000-4000-8000-0000001f0406', 'a0000000-0000-4000-8000-000000000811', 'a0000000-0000-4000-8000-0000000008a4', 'a0000000-0000-4000-8000-000000009a04', 'Zoom/Pencil'),
  ('a0000000-0000-4000-8000-0000001f0506', 'a0000000-0000-4000-8000-000000000811', 'a0000000-0000-4000-8000-0000000008a4', 'a0000000-0000-4000-8000-000000009a05', 'Zoom/Pencil, PLUS App'),
  ('a0000000-0000-4000-8000-0000001f0606', 'a0000000-0000-4000-8000-000000000811', 'a0000000-0000-4000-8000-0000000008a4', 'a0000000-0000-4000-8000-000000009a06', 'Zoom/Pencil, PLUS App'),
  ('a0000000-0000-4000-8000-0000001f0706', 'a0000000-0000-4000-8000-000000000811', 'a0000000-0000-4000-8000-0000000008a4', 'a0000000-0000-4000-8000-000000009a07', 'Zoom/Pencil, PLUS App'),
  ('a0000000-0000-4000-8000-0000001f0806', 'a0000000-0000-4000-8000-000000000811', 'a0000000-0000-4000-8000-0000000008a4', 'a0000000-0000-4000-8000-000000009a08', 'Zoom/Pencil, PLUS App'),
  ('a0000000-0000-4000-8000-0000001f0906', 'a0000000-0000-4000-8000-000000000811', 'a0000000-0000-4000-8000-0000000008a4', 'a0000000-0000-4000-8000-000000009a09', 'Zoom/Pencil, PLUS App'),
  ('a0000000-0000-4000-8000-0000001f1006', 'a0000000-0000-4000-8000-000000000811', 'a0000000-0000-4000-8000-0000000008a4', 'a0000000-0000-4000-8000-000000009a0a', 'Zoom/Pencil'),
  ('a0000000-0000-4000-8000-0000001f1106', 'a0000000-0000-4000-8000-000000000811', 'a0000000-0000-4000-8000-0000000008a4', 'a0000000-0000-4000-8000-000000000974', 'PLUS App'),
  ('a0000000-0000-4000-8000-0000001f0407', 'a0000000-0000-4000-8000-000000000811', 'a0000000-0000-4000-8000-0000000008a6', 'a0000000-0000-4000-8000-000000009a04', 'Researchers set goal setting activities.'),
  ('a0000000-0000-4000-8000-0000001f0507', 'a0000000-0000-4000-8000-000000000811', 'a0000000-0000-4000-8000-0000000008a6', 'a0000000-0000-4000-8000-000000009a05', 'Researchers set goal setting activities.'),
  ('a0000000-0000-4000-8000-0000001f0607', 'a0000000-0000-4000-8000-000000000811', 'a0000000-0000-4000-8000-0000000008a6', 'a0000000-0000-4000-8000-000000009a06', 'Researchers set goal setting activities.'),
  ('a0000000-0000-4000-8000-0000001f0707', 'a0000000-0000-4000-8000-000000000811', 'a0000000-0000-4000-8000-0000000008a6', 'a0000000-0000-4000-8000-000000009a07', 'Researchers set goal setting activities.'),
  ('a0000000-0000-4000-8000-0000001f0807', 'a0000000-0000-4000-8000-000000000811', 'a0000000-0000-4000-8000-0000000008a6', 'a0000000-0000-4000-8000-000000009a08', 'Researchers set goal setting activities.'),
  ('a0000000-0000-4000-8000-0000001f0907', 'a0000000-0000-4000-8000-000000000811', 'a0000000-0000-4000-8000-0000000008a6', 'a0000000-0000-4000-8000-000000009a09', 'Researchers set goal setting activities.'),
  ('a0000000-0000-4000-8000-0000001f1107', 'a0000000-0000-4000-8000-000000000811', 'a0000000-0000-4000-8000-0000000008a6', 'a0000000-0000-4000-8000-000000000974', 'Researchers set student order.'),
  ('a0000000-0000-4000-8000-0000001f0109', 'a0000000-0000-4000-8000-000000000811', 'a0000000-0000-4000-8000-0000000008a8', 'a0000000-0000-4000-8000-000000009a01', E'Dev Team\nDesign Team'),
  ('a0000000-0000-4000-8000-0000001f0209', 'a0000000-0000-4000-8000-000000000811', 'a0000000-0000-4000-8000-0000000008a8', 'a0000000-0000-4000-8000-000000009a02', E'Dev Team\nDesign Team'),
  ('a0000000-0000-4000-8000-0000001f0309', 'a0000000-0000-4000-8000-000000000811', 'a0000000-0000-4000-8000-0000000008a8', 'a0000000-0000-4000-8000-000000009a03', E'Dev Team\nDesign Team'),
  ('a0000000-0000-4000-8000-0000001f0409', 'a0000000-0000-4000-8000-000000000811', 'a0000000-0000-4000-8000-0000000008a8', 'a0000000-0000-4000-8000-000000009a04', E'Dev Team\nDesign Team'),
  ('a0000000-0000-4000-8000-0000001f0509', 'a0000000-0000-4000-8000-000000000811', 'a0000000-0000-4000-8000-0000000008a8', 'a0000000-0000-4000-8000-000000009a05', E'Dev Team\nDesign Team'),
  ('a0000000-0000-4000-8000-0000001f0609', 'a0000000-0000-4000-8000-000000000811', 'a0000000-0000-4000-8000-0000000008a8', 'a0000000-0000-4000-8000-000000009a06', E'Dev Team\nDesign Team'),
  ('a0000000-0000-4000-8000-0000001f0709', 'a0000000-0000-4000-8000-000000000811', 'a0000000-0000-4000-8000-0000000008a8', 'a0000000-0000-4000-8000-000000009a07', E'Dev Team\nDesign Team'),
  ('a0000000-0000-4000-8000-0000001f0809', 'a0000000-0000-4000-8000-000000000811', 'a0000000-0000-4000-8000-0000000008a8', 'a0000000-0000-4000-8000-000000009a08', E'Dev Team\nDesign Team'),
  ('a0000000-0000-4000-8000-0000001f1109', 'a0000000-0000-4000-8000-000000000811', 'a0000000-0000-4000-8000-0000000008a8', 'a0000000-0000-4000-8000-000000000974', E'Dev Team\nDesign Team')
on conflict (id) do update set path_id = excluded.path_id, layer_id = excluded.layer_id, step_id = excluded.step_id, content = excluded.content;

insert into public.cell_triggers (id, source_cell_id, target_cell_id)
values
  ('a0000000-0000-4000-8000-00000009b001', 'a0000000-0000-4000-8000-0000001f0101', 'a0000000-0000-4000-8000-0000001f0201'),
  ('a0000000-0000-4000-8000-00000009b002', 'a0000000-0000-4000-8000-0000001f0201', 'a0000000-0000-4000-8000-0000001f0301'),
  ('a0000000-0000-4000-8000-00000009b003', 'a0000000-0000-4000-8000-0000001f0301', 'a0000000-0000-4000-8000-0000001f0401'),
  ('a0000000-0000-4000-8000-00000009b004', 'a0000000-0000-4000-8000-0000001f0401', 'a0000000-0000-4000-8000-0000001f0501'),
  ('a0000000-0000-4000-8000-00000009b005', 'a0000000-0000-4000-8000-0000001f0501', 'a0000000-0000-4000-8000-0000001f0601'),
  ('a0000000-0000-4000-8000-00000009b006', 'a0000000-0000-4000-8000-0000001f0601', 'a0000000-0000-4000-8000-0000001f0701'),
  ('a0000000-0000-4000-8000-00000009b020', 'a0000000-0000-4000-8000-0000001f0102', 'a0000000-0000-4000-8000-0000001f0202'),
  ('a0000000-0000-4000-8000-00000009b021', 'a0000000-0000-4000-8000-0000001f0202', 'a0000000-0000-4000-8000-0000001f0302'),
  ('a0000000-0000-4000-8000-00000009b022', 'a0000000-0000-4000-8000-0000001f0302', 'a0000000-0000-4000-8000-0000001f0402'),
  ('a0000000-0000-4000-8000-00000009b023', 'a0000000-0000-4000-8000-0000001f0402', 'a0000000-0000-4000-8000-0000001f0502'),
  ('a0000000-0000-4000-8000-00000009b033', 'a0000000-0000-4000-8000-0000001f0402', 'a0000000-0000-4000-8000-0000001f0401'),
  ('a0000000-0000-4000-8000-00000009b034', 'a0000000-0000-4000-8000-0000001f0401', 'a0000000-0000-4000-8000-0000001f0402'),
  ('a0000000-0000-4000-8000-00000009b035', 'a0000000-0000-4000-8000-0000001f0502', 'a0000000-0000-4000-8000-0000001f0501'),
  ('a0000000-0000-4000-8000-00000009b036', 'a0000000-0000-4000-8000-0000001f0501', 'a0000000-0000-4000-8000-0000001f0502'),
  ('a0000000-0000-4000-8000-00000009b041', 'a0000000-0000-4000-8000-0000001f0701', 'a0000000-0000-4000-8000-0000001f0101'),
  ('a0000000-0000-4000-8000-00000009b042', 'a0000000-0000-4000-8000-0000001f0502', 'a0000000-0000-4000-8000-0000001f0102'),
  ('a0000000-0000-4000-8000-00000009b050', 'a0000000-0000-4000-8000-0000001f0103', 'a0000000-0000-4000-8000-0000001f0203'),
  ('a0000000-0000-4000-8000-00000009b051', 'a0000000-0000-4000-8000-0000001f0203', 'a0000000-0000-4000-8000-0000001f0303'),
  ('a0000000-0000-4000-8000-00000009b052', 'a0000000-0000-4000-8000-0000001f0303', 'a0000000-0000-4000-8000-0000001f0403'),
  ('a0000000-0000-4000-8000-00000009b053', 'a0000000-0000-4000-8000-0000001f0403', 'a0000000-0000-4000-8000-0000001f0503'),
  ('a0000000-0000-4000-8000-00000009b054', 'a0000000-0000-4000-8000-0000001f0503', 'a0000000-0000-4000-8000-0000001f0603'),
  ('a0000000-0000-4000-8000-00000009b055', 'a0000000-0000-4000-8000-0000001f0603', 'a0000000-0000-4000-8000-0000001f0703'),
  ('a0000000-0000-4000-8000-00000009b056', 'a0000000-0000-4000-8000-0000001f0703', 'a0000000-0000-4000-8000-0000001f0803'),
  ('a0000000-0000-4000-8000-00000009b057', 'a0000000-0000-4000-8000-0000001f0803', 'a0000000-0000-4000-8000-0000001f0903'),
  ('a0000000-0000-4000-8000-00000009b058', 'a0000000-0000-4000-8000-0000001f0903', 'a0000000-0000-4000-8000-0000001f1003'),
  ('a0000000-0000-4000-8000-00000009b059', 'a0000000-0000-4000-8000-0000001f1003', 'a0000000-0000-4000-8000-0000001f1103'),
  ('a0000000-0000-4000-8000-00000009b060', 'a0000000-0000-4000-8000-0000001f1103', 'a0000000-0000-4000-8000-0000001f0103'),
  ('a0000000-0000-4000-8000-00000009b070', 'a0000000-0000-4000-8000-0000001f0103', 'a0000000-0000-4000-8000-0000001f0106'),
  ('a0000000-0000-4000-8000-00000009b071', 'a0000000-0000-4000-8000-0000001f0203', 'a0000000-0000-4000-8000-0000001f0206'),
  ('a0000000-0000-4000-8000-00000009b072', 'a0000000-0000-4000-8000-0000001f0303', 'a0000000-0000-4000-8000-0000001f0306'),
  ('a0000000-0000-4000-8000-00000009b073', 'a0000000-0000-4000-8000-0000001f0403', 'a0000000-0000-4000-8000-0000001f0406'),
  ('a0000000-0000-4000-8000-00000009b074', 'a0000000-0000-4000-8000-0000001f0503', 'a0000000-0000-4000-8000-0000001f0506'),
  ('a0000000-0000-4000-8000-00000009b075', 'a0000000-0000-4000-8000-0000001f0603', 'a0000000-0000-4000-8000-0000001f0606'),
  ('a0000000-0000-4000-8000-00000009b076', 'a0000000-0000-4000-8000-0000001f0703', 'a0000000-0000-4000-8000-0000001f0706'),
  ('a0000000-0000-4000-8000-00000009b077', 'a0000000-0000-4000-8000-0000001f0803', 'a0000000-0000-4000-8000-0000001f0806'),
  ('a0000000-0000-4000-8000-00000009b078', 'a0000000-0000-4000-8000-0000001f0903', 'a0000000-0000-4000-8000-0000001f0906'),
  ('a0000000-0000-4000-8000-00000009b079', 'a0000000-0000-4000-8000-0000001f1003', 'a0000000-0000-4000-8000-0000001f1006'),
  ('a0000000-0000-4000-8000-00000009b080', 'a0000000-0000-4000-8000-0000001f1103', 'a0000000-0000-4000-8000-0000001f1106')
on conflict (id) do update set source_cell_id = excluded.source_cell_id, target_cell_id = excluded.target_cell_id;

update public.cells
set content = E'Dev Team\nDesign Team',
    description =
      'Dev Team builds the app and the Design Team creates the screens and flows relevant to this step. Both implement the findings from the research team into the app in their respective role.'
where id in (
  'a0000000-0000-4000-8000-0000001f0209',
  'a0000000-0000-4000-8000-0000001f0309',
  'a0000000-0000-4000-8000-0000001f0509',
  'a0000000-0000-4000-8000-0000001f0609',
  'a0000000-0000-4000-8000-0000001f0709',
  'a0000000-0000-4000-8000-0000001f0809',
  'a0000000-0000-4000-8000-0000001f0909',
  'a0000000-0000-4000-8000-0000001f1109'
);
