-- Goal Setting scenario — Check Goals and Update Goals paths
-- Stable keys map to src/data/goalSettingCheckGoalsPathFallback.ts and goalSettingUpdateGoalsPathFallback.ts

-- Check Goals
insert into public.paths (id, service_scenario_id, name, description, path_type)
values ('a0000000-0000-4000-8000-000000000814', 'a0000000-0000-4000-8000-000000000204', 'Check Goals', 'Goals already set, but deadline not reached.', 'alternative')
on conflict (id) do update set service_scenario_id = excluded.service_scenario_id, name = excluded.name, description = excluded.description, path_type = excluded.path_type;
delete from public.cell_triggers where source_cell_id in (select id from public.cells where path_id = 'a0000000-0000-4000-8000-000000000814');
delete from public.cells where path_id = 'a0000000-0000-4000-8000-000000000814';
delete from public.layers where path_id = 'a0000000-0000-4000-8000-000000000814';
delete from public.path_steps where path_id = 'a0000000-0000-4000-8000-000000000814';
insert into public.layers (id, path_id, name, row_position)
values
  ('a0000000-0000-4000-8000-0000000008b0', 'a0000000-0000-4000-8000-000000000814', 'Visual', 0),
  ('a0000000-0000-4000-8000-0000000008b1', 'a0000000-0000-4000-8000-000000000814', 'Partner Action: Teacher', 1),
  ('a0000000-0000-4000-8000-0000000008b2', 'a0000000-0000-4000-8000-000000000814', 'Lead Tutor', 2),
  ('a0000000-0000-4000-8000-0000000008b3', 'a0000000-0000-4000-8000-000000000814', 'Regular Tutor', 3),
  ('a0000000-0000-4000-8000-0000000008b5', 'a0000000-0000-4000-8000-000000000814', 'Front Stage Tech', 4),
  ('a0000000-0000-4000-8000-0000000008b4', 'a0000000-0000-4000-8000-000000000814', 'Front Stage Actions', 5),
  ('a0000000-0000-4000-8000-0000000008b7', 'a0000000-0000-4000-8000-000000000814', 'Back Stage Tech', 6),
  ('a0000000-0000-4000-8000-0000000008b6', 'a0000000-0000-4000-8000-000000000814', 'Back Stage Actions', 7),
  ('a0000000-0000-4000-8000-0000000008b8', 'a0000000-0000-4000-8000-000000000814', 'Support Actions', 8)
on conflict (id) do update set name = excluded.name, row_position = excluded.row_position, path_id = excluded.path_id;
insert into public.steps (id, service_scenario_id, name)
values
  ('a0000000-0000-4000-8000-000000009b01', 'a0000000-0000-4000-8000-000000000204', 'Join breakout session'),
  ('a0000000-0000-4000-8000-000000009b02', 'a0000000-0000-4000-8000-000000000204', 'Click on ''Check Goals'' CTA in the Action column'),
  ('a0000000-0000-4000-8000-000000009b03', 'a0000000-0000-4000-8000-000000000204', 'Share screen'),
  ('a0000000-0000-4000-8000-000000009b04', 'a0000000-0000-4000-8000-000000000204', 'Review goals that were set with student'),
  ('a0000000-0000-4000-8000-000000009b05', 'a0000000-0000-4000-8000-000000000204', 'Once goal review is done, clicks on ''Check Goals'' button'),
  ('a0000000-0000-4000-8000-000000009b06', 'a0000000-0000-4000-8000-000000000204', 'Finalize checking goal with the student.'),
  ('a0000000-0000-4000-8000-000000009b07', 'a0000000-0000-4000-8000-000000000204', 'Leave breakout room'),
  ('a0000000-0000-4000-8000-000000009b08', 'a0000000-0000-4000-8000-000000000204', 'Move on to the next student in sorted order set by researchers.')
on conflict (id) do update set name = excluded.name, service_scenario_id = excluded.service_scenario_id;
insert into public.path_steps (path_id, step_id, column_position)
values
  ('a0000000-0000-4000-8000-000000000814', 'a0000000-0000-4000-8000-000000009b01', 1),
  ('a0000000-0000-4000-8000-000000000814', 'a0000000-0000-4000-8000-000000009b02', 2),
  ('a0000000-0000-4000-8000-000000000814', 'a0000000-0000-4000-8000-000000009b03', 3),
  ('a0000000-0000-4000-8000-000000000814', 'a0000000-0000-4000-8000-000000009b04', 4),
  ('a0000000-0000-4000-8000-000000000814', 'a0000000-0000-4000-8000-000000009b05', 5),
  ('a0000000-0000-4000-8000-000000000814', 'a0000000-0000-4000-8000-000000009b06', 6),
  ('a0000000-0000-4000-8000-000000000814', 'a0000000-0000-4000-8000-000000009b07', 7),
  ('a0000000-0000-4000-8000-000000000814', 'a0000000-0000-4000-8000-000000009b08', 8)
on conflict (path_id, step_id) do update set column_position = excluded.column_position;
insert into public.cells (id, path_id, layer_id, step_id, content)
values
  ('a0000000-0000-4000-8000-000000a00110', 'a0000000-0000-4000-8000-000000000814', 'a0000000-0000-4000-8000-0000000008b0', 'a0000000-0000-4000-8000-000000009b01', ''),
  ('a0000000-0000-4000-8000-000000a00210', 'a0000000-0000-4000-8000-000000000814', 'a0000000-0000-4000-8000-0000000008b0', 'a0000000-0000-4000-8000-000000009b02', ''),
  ('a0000000-0000-4000-8000-000000a00310', 'a0000000-0000-4000-8000-000000000814', 'a0000000-0000-4000-8000-0000000008b0', 'a0000000-0000-4000-8000-000000009b03', ''),
  ('a0000000-0000-4000-8000-000000a00410', 'a0000000-0000-4000-8000-000000000814', 'a0000000-0000-4000-8000-0000000008b0', 'a0000000-0000-4000-8000-000000009b04', ''),
  ('a0000000-0000-4000-8000-000000a00510', 'a0000000-0000-4000-8000-000000000814', 'a0000000-0000-4000-8000-0000000008b0', 'a0000000-0000-4000-8000-000000009b05', ''),
  ('a0000000-0000-4000-8000-000000a00610', 'a0000000-0000-4000-8000-000000000814', 'a0000000-0000-4000-8000-0000000008b0', 'a0000000-0000-4000-8000-000000009b06', ''),
  ('a0000000-0000-4000-8000-000000a00710', 'a0000000-0000-4000-8000-000000000814', 'a0000000-0000-4000-8000-0000000008b0', 'a0000000-0000-4000-8000-000000009b07', ''),
  ('a0000000-0000-4000-8000-000000a00810', 'a0000000-0000-4000-8000-000000000814', 'a0000000-0000-4000-8000-0000000008b0', 'a0000000-0000-4000-8000-000000009b08', ''),
  ('a0000000-0000-4000-8000-000000a00101', 'a0000000-0000-4000-8000-000000000814', 'a0000000-0000-4000-8000-0000000008b1', 'a0000000-0000-4000-8000-000000009b01', 'Circulate and quietly observe the students.'),
  ('a0000000-0000-4000-8000-000000a00201', 'a0000000-0000-4000-8000-000000000814', 'a0000000-0000-4000-8000-0000000008b1', 'a0000000-0000-4000-8000-000000009b02', 'Remind students to keep working while waiting.'),
  ('a0000000-0000-4000-8000-000000a00301', 'a0000000-0000-4000-8000-000000000814', 'a0000000-0000-4000-8000-0000000008b1', 'a0000000-0000-4000-8000-000000009b03', 'Checks if all students are in the correct breakout room.'),
  ('a0000000-0000-4000-8000-000000a00401', 'a0000000-0000-4000-8000-000000000814', 'a0000000-0000-4000-8000-0000000008b1', 'a0000000-0000-4000-8000-000000009b04', 'Receives information that student is absent from session.'),
  ('a0000000-0000-4000-8000-000000a00501', 'a0000000-0000-4000-8000-000000000814', 'a0000000-0000-4000-8000-0000000008b1', 'a0000000-0000-4000-8000-000000009b05', 'Alerts lead tutor about unassigned or miss-assigned students using the "ask for help" alert.'),
  ('a0000000-0000-4000-8000-000000a00601', 'a0000000-0000-4000-8000-000000000814', 'a0000000-0000-4000-8000-0000000008b1', 'a0000000-0000-4000-8000-000000009b06', 'Handles student tech problems as they arise.'),
  ('a0000000-0000-4000-8000-000000a00701', 'a0000000-0000-4000-8000-000000000814', 'a0000000-0000-4000-8000-0000000008b1', 'a0000000-0000-4000-8000-000000009b07', 'Escalates unresolved issues to tutors@tutor.plus promptly.'),
  ('a0000000-0000-4000-8000-000000a00102', 'a0000000-0000-4000-8000-000000000814', 'a0000000-0000-4000-8000-0000000008b2', 'a0000000-0000-4000-8000-000000009b01', 'Rename students to match roster name.'),
  ('a0000000-0000-4000-8000-000000a00202', 'a0000000-0000-4000-8000-000000000814', 'a0000000-0000-4000-8000-0000000008b2', 'a0000000-0000-4000-8000-000000009b02', 'Add any un-rostered students to attendance list.'),
  ('a0000000-0000-4000-8000-000000a00302', 'a0000000-0000-4000-8000-000000000814', 'a0000000-0000-4000-8000-0000000008b2', 'a0000000-0000-4000-8000-000000009b03', 'Manually assign unpaired students to available tutors.'),
  ('a0000000-0000-4000-8000-000000a00402', 'a0000000-0000-4000-8000-000000000814', 'a0000000-0000-4000-8000-0000000008b2', 'a0000000-0000-4000-8000-000000009b04', 'Inform classroom teacher about students that are absent.'),
  ('a0000000-0000-4000-8000-000000a00502', 'a0000000-0000-4000-8000-000000000814', 'a0000000-0000-4000-8000-0000000008b2', 'a0000000-0000-4000-8000-000000009b05', 'Respond to classroom teachers "ask for help" request.'),
  ('a0000000-0000-4000-8000-000000a00103', 'a0000000-0000-4000-8000-000000000814', 'a0000000-0000-4000-8000-0000000008b3', 'a0000000-0000-4000-8000-000000009b01', 'Join breakout session.'),
  ('a0000000-0000-4000-8000-000000a00203', 'a0000000-0000-4000-8000-000000000814', 'a0000000-0000-4000-8000-0000000008b3', 'a0000000-0000-4000-8000-000000009b02', 'Click on ''Check Goals'' CTA in the Action column.'),
  ('a0000000-0000-4000-8000-000000a00303', 'a0000000-0000-4000-8000-000000000814', 'a0000000-0000-4000-8000-0000000008b3', 'a0000000-0000-4000-8000-000000009b03', 'Share screen.'),
  ('a0000000-0000-4000-8000-000000a00403', 'a0000000-0000-4000-8000-000000000814', 'a0000000-0000-4000-8000-0000000008b3', 'a0000000-0000-4000-8000-000000009b04', 'Review goals that were set with student.'),
  ('a0000000-0000-4000-8000-000000a00503', 'a0000000-0000-4000-8000-000000000814', 'a0000000-0000-4000-8000-0000000008b3', 'a0000000-0000-4000-8000-000000009b05', 'Once goal review is done, clicks on ''Check Goals'' button.'),
  ('a0000000-0000-4000-8000-000000a00603', 'a0000000-0000-4000-8000-000000000814', 'a0000000-0000-4000-8000-0000000008b3', 'a0000000-0000-4000-8000-000000009b06', 'Finalize checking goal with the student.'),
  ('a0000000-0000-4000-8000-000000a00703', 'a0000000-0000-4000-8000-000000000814', 'a0000000-0000-4000-8000-0000000008b3', 'a0000000-0000-4000-8000-000000009b07', 'Leave breakout room.'),
  ('a0000000-0000-4000-8000-000000a00803', 'a0000000-0000-4000-8000-000000000814', 'a0000000-0000-4000-8000-0000000008b3', 'a0000000-0000-4000-8000-000000009b08', 'Move on to the next student in sorted order set by researchers.'),
  ('a0000000-0000-4000-8000-000000a00106', 'a0000000-0000-4000-8000-000000000814', 'a0000000-0000-4000-8000-0000000008b4', 'a0000000-0000-4000-8000-000000009b01', 'Zoom/Pencil'),
  ('a0000000-0000-4000-8000-000000a00206', 'a0000000-0000-4000-8000-000000000814', 'a0000000-0000-4000-8000-0000000008b4', 'a0000000-0000-4000-8000-000000009b02', 'PLUS App'),
  ('a0000000-0000-4000-8000-000000a00306', 'a0000000-0000-4000-8000-000000000814', 'a0000000-0000-4000-8000-0000000008b4', 'a0000000-0000-4000-8000-000000009b03', 'Zoom/Pencil, PLUS App'),
  ('a0000000-0000-4000-8000-000000a00406', 'a0000000-0000-4000-8000-000000000814', 'a0000000-0000-4000-8000-0000000008b4', 'a0000000-0000-4000-8000-000000009b04', 'Zoom/Pencil'),
  ('a0000000-0000-4000-8000-000000a00506', 'a0000000-0000-4000-8000-000000000814', 'a0000000-0000-4000-8000-0000000008b4', 'a0000000-0000-4000-8000-000000009b05', 'Zoom/Pencil, PLUS App'),
  ('a0000000-0000-4000-8000-000000a00606', 'a0000000-0000-4000-8000-000000000814', 'a0000000-0000-4000-8000-0000000008b4', 'a0000000-0000-4000-8000-000000009b06', 'Zoom/Pencil, PLUS App'),
  ('a0000000-0000-4000-8000-000000a00706', 'a0000000-0000-4000-8000-000000000814', 'a0000000-0000-4000-8000-0000000008b4', 'a0000000-0000-4000-8000-000000009b07', 'Zoom/Pencil'),
  ('a0000000-0000-4000-8000-000000a00806', 'a0000000-0000-4000-8000-000000000814', 'a0000000-0000-4000-8000-0000000008b4', 'a0000000-0000-4000-8000-000000009b08', 'PLUS App'),
  ('a0000000-0000-4000-8000-000000a00407', 'a0000000-0000-4000-8000-000000000814', 'a0000000-0000-4000-8000-0000000008b6', 'a0000000-0000-4000-8000-000000009b04', 'Researchers set goal setting activities.'),
  ('a0000000-0000-4000-8000-000000a00507', 'a0000000-0000-4000-8000-000000000814', 'a0000000-0000-4000-8000-0000000008b6', 'a0000000-0000-4000-8000-000000009b05', 'Researchers set goal setting activities.'),
  ('a0000000-0000-4000-8000-000000a00607', 'a0000000-0000-4000-8000-000000000814', 'a0000000-0000-4000-8000-0000000008b6', 'a0000000-0000-4000-8000-000000009b06', 'Researchers set goal setting activities.'),
  ('a0000000-0000-4000-8000-000000a00807', 'a0000000-0000-4000-8000-000000000814', 'a0000000-0000-4000-8000-0000000008b6', 'a0000000-0000-4000-8000-000000009b08', 'Researchers set student order.'),
  ('a0000000-0000-4000-8000-000000a00209', 'a0000000-0000-4000-8000-000000000814', 'a0000000-0000-4000-8000-0000000008b8', 'a0000000-0000-4000-8000-000000009b02', E'Dev Team\nDesign Team'),
  ('a0000000-0000-4000-8000-000000a00309', 'a0000000-0000-4000-8000-000000000814', 'a0000000-0000-4000-8000-0000000008b8', 'a0000000-0000-4000-8000-000000009b03', E'Dev Team\nDesign Team'),
  ('a0000000-0000-4000-8000-000000a00409', 'a0000000-0000-4000-8000-000000000814', 'a0000000-0000-4000-8000-0000000008b8', 'a0000000-0000-4000-8000-000000009b04', E'Dev Team\nDesign Team'),
  ('a0000000-0000-4000-8000-000000a00509', 'a0000000-0000-4000-8000-000000000814', 'a0000000-0000-4000-8000-0000000008b8', 'a0000000-0000-4000-8000-000000009b05', E'Dev Team\nDesign Team'),
  ('a0000000-0000-4000-8000-000000a00609', 'a0000000-0000-4000-8000-000000000814', 'a0000000-0000-4000-8000-0000000008b8', 'a0000000-0000-4000-8000-000000009b06', E'Dev Team\nDesign Team'),
  ('a0000000-0000-4000-8000-000000a00809', 'a0000000-0000-4000-8000-000000000814', 'a0000000-0000-4000-8000-0000000008b8', 'a0000000-0000-4000-8000-000000009b08', 'Researchers set student order, Dev Team, Design Team.')
on conflict (id) do update set path_id = excluded.path_id, layer_id = excluded.layer_id, step_id = excluded.step_id, content = excluded.content;
insert into public.cell_triggers (id, source_cell_id, target_cell_id)
values
  ('a0000000-0000-4000-8000-00000009c001', 'a0000000-0000-4000-8000-000000a00101', 'a0000000-0000-4000-8000-000000a00201'),
  ('a0000000-0000-4000-8000-00000009c002', 'a0000000-0000-4000-8000-000000a00201', 'a0000000-0000-4000-8000-000000a00301'),
  ('a0000000-0000-4000-8000-00000009c003', 'a0000000-0000-4000-8000-000000a00301', 'a0000000-0000-4000-8000-000000a00401'),
  ('a0000000-0000-4000-8000-00000009c004', 'a0000000-0000-4000-8000-000000a00401', 'a0000000-0000-4000-8000-000000a00501'),
  ('a0000000-0000-4000-8000-00000009c005', 'a0000000-0000-4000-8000-000000a00501', 'a0000000-0000-4000-8000-000000a00601'),
  ('a0000000-0000-4000-8000-00000009c006', 'a0000000-0000-4000-8000-000000a00601', 'a0000000-0000-4000-8000-000000a00701'),
  ('a0000000-0000-4000-8000-00000009c020', 'a0000000-0000-4000-8000-000000a00102', 'a0000000-0000-4000-8000-000000a00202'),
  ('a0000000-0000-4000-8000-00000009c021', 'a0000000-0000-4000-8000-000000a00202', 'a0000000-0000-4000-8000-000000a00302'),
  ('a0000000-0000-4000-8000-00000009c022', 'a0000000-0000-4000-8000-000000a00302', 'a0000000-0000-4000-8000-000000a00402'),
  ('a0000000-0000-4000-8000-00000009c023', 'a0000000-0000-4000-8000-000000a00402', 'a0000000-0000-4000-8000-000000a00502'),
  ('a0000000-0000-4000-8000-00000009c033', 'a0000000-0000-4000-8000-000000a00402', 'a0000000-0000-4000-8000-000000a00401'),
  ('a0000000-0000-4000-8000-00000009c034', 'a0000000-0000-4000-8000-000000a00401', 'a0000000-0000-4000-8000-000000a00402'),
  ('a0000000-0000-4000-8000-00000009c035', 'a0000000-0000-4000-8000-000000a00502', 'a0000000-0000-4000-8000-000000a00501'),
  ('a0000000-0000-4000-8000-00000009c036', 'a0000000-0000-4000-8000-000000a00501', 'a0000000-0000-4000-8000-000000a00502'),
  ('a0000000-0000-4000-8000-00000009c041', 'a0000000-0000-4000-8000-000000a00701', 'a0000000-0000-4000-8000-000000a00101'),
  ('a0000000-0000-4000-8000-00000009c042', 'a0000000-0000-4000-8000-000000a00502', 'a0000000-0000-4000-8000-000000a00102'),
  ('a0000000-0000-4000-8000-00000009c050', 'a0000000-0000-4000-8000-000000a00103', 'a0000000-0000-4000-8000-000000a00203'),
  ('a0000000-0000-4000-8000-00000009c051', 'a0000000-0000-4000-8000-000000a00203', 'a0000000-0000-4000-8000-000000a00303'),
  ('a0000000-0000-4000-8000-00000009c052', 'a0000000-0000-4000-8000-000000a00303', 'a0000000-0000-4000-8000-000000a00403'),
  ('a0000000-0000-4000-8000-00000009c053', 'a0000000-0000-4000-8000-000000a00403', 'a0000000-0000-4000-8000-000000a00503'),
  ('a0000000-0000-4000-8000-00000009c054', 'a0000000-0000-4000-8000-000000a00503', 'a0000000-0000-4000-8000-000000a00603'),
  ('a0000000-0000-4000-8000-00000009c055', 'a0000000-0000-4000-8000-000000a00603', 'a0000000-0000-4000-8000-000000a00703'),
  ('a0000000-0000-4000-8000-00000009c056', 'a0000000-0000-4000-8000-000000a00703', 'a0000000-0000-4000-8000-000000a00803'),
  ('a0000000-0000-4000-8000-00000009c070', 'a0000000-0000-4000-8000-000000a00103', 'a0000000-0000-4000-8000-000000a00106'),
  ('a0000000-0000-4000-8000-00000009c071', 'a0000000-0000-4000-8000-000000a00203', 'a0000000-0000-4000-8000-000000a00206'),
  ('a0000000-0000-4000-8000-00000009c072', 'a0000000-0000-4000-8000-000000a00303', 'a0000000-0000-4000-8000-000000a00306'),
  ('a0000000-0000-4000-8000-00000009c073', 'a0000000-0000-4000-8000-000000a00403', 'a0000000-0000-4000-8000-000000a00406'),
  ('a0000000-0000-4000-8000-00000009c074', 'a0000000-0000-4000-8000-000000a00503', 'a0000000-0000-4000-8000-000000a00506'),
  ('a0000000-0000-4000-8000-00000009c075', 'a0000000-0000-4000-8000-000000a00603', 'a0000000-0000-4000-8000-000000a00606'),
  ('a0000000-0000-4000-8000-00000009c076', 'a0000000-0000-4000-8000-000000a00703', 'a0000000-0000-4000-8000-000000a00706'),
  ('a0000000-0000-4000-8000-00000009c077', 'a0000000-0000-4000-8000-000000a00803', 'a0000000-0000-4000-8000-000000a00806'),
  ('a0000000-0000-4000-8000-00000009c062', 'a0000000-0000-4000-8000-000000a00803', 'a0000000-0000-4000-8000-000000a00103')
on conflict (id) do update set source_cell_id = excluded.source_cell_id, target_cell_id = excluded.target_cell_id;

-- Update Goals
insert into public.paths (id, service_scenario_id, name, description, path_type)
values ('a0000000-0000-4000-8000-000000000815', 'a0000000-0000-4000-8000-000000000204', 'Update Goals', 'First tutoring day of a new goal cycle after personalized goals have been set.', 'alternative')
on conflict (id) do update set service_scenario_id = excluded.service_scenario_id, name = excluded.name, description = excluded.description, path_type = excluded.path_type;
delete from public.cell_triggers where source_cell_id in (select id from public.cells where path_id = 'a0000000-0000-4000-8000-000000000815');
delete from public.cells where path_id = 'a0000000-0000-4000-8000-000000000815';
delete from public.layers where path_id = 'a0000000-0000-4000-8000-000000000815';
delete from public.path_steps where path_id = 'a0000000-0000-4000-8000-000000000815';
insert into public.layers (id, path_id, name, row_position)
values
  ('a0000000-0000-4000-8000-0000000008d0', 'a0000000-0000-4000-8000-000000000815', 'Visual', 0),
  ('a0000000-0000-4000-8000-0000000008d1', 'a0000000-0000-4000-8000-000000000815', 'Partner Action: Teacher', 1),
  ('a0000000-0000-4000-8000-0000000008d2', 'a0000000-0000-4000-8000-000000000815', 'Lead Tutor', 2),
  ('a0000000-0000-4000-8000-0000000008d3', 'a0000000-0000-4000-8000-000000000815', 'Regular Tutor', 3),
  ('a0000000-0000-4000-8000-0000000008d5', 'a0000000-0000-4000-8000-000000000815', 'Front Stage Tech', 4),
  ('a0000000-0000-4000-8000-0000000008d4', 'a0000000-0000-4000-8000-000000000815', 'Front Stage Actions', 5),
  ('a0000000-0000-4000-8000-0000000008d7', 'a0000000-0000-4000-8000-000000000815', 'Back Stage Tech', 6),
  ('a0000000-0000-4000-8000-0000000008d6', 'a0000000-0000-4000-8000-000000000815', 'Back Stage Actions', 7),
  ('a0000000-0000-4000-8000-0000000008d8', 'a0000000-0000-4000-8000-000000000815', 'Support Actions', 8)
on conflict (id) do update set name = excluded.name, row_position = excluded.row_position, path_id = excluded.path_id;
insert into public.steps (id, service_scenario_id, name)
values
  ('a0000000-0000-4000-8000-000000009d01', 'a0000000-0000-4000-8000-000000000204', 'Join breakout session'),
  ('a0000000-0000-4000-8000-000000009d02', 'a0000000-0000-4000-8000-000000000204', 'Click on ''Update Goals'' CTA in the Action column'),
  ('a0000000-0000-4000-8000-000000009d03', 'a0000000-0000-4000-8000-000000000204', 'Share screen'),
  ('a0000000-0000-4000-8000-000000009d04', 'a0000000-0000-4000-8000-000000000204', 'Review last goal cycle overview and system suggestion'),
  ('a0000000-0000-4000-8000-000000009d05', 'a0000000-0000-4000-8000-000000000204', 'Once student understands, starts updating goal for the next goal cycle while sharing screen'),
  ('a0000000-0000-4000-8000-000000009d06', 'a0000000-0000-4000-8000-000000000204', 'Fills out goal settings and quantity with the student'),
  ('a0000000-0000-4000-8000-000000009d07', 'a0000000-0000-4000-8000-000000000204', 'If prompted, fill out goal achievement strategy with the student'),
  ('a0000000-0000-4000-8000-000000009d08', 'a0000000-0000-4000-8000-000000000204', 'Save goal'),
  ('a0000000-0000-4000-8000-000000009d09', 'a0000000-0000-4000-8000-000000000204', 'Finalize updating goal with the student'),
  ('a0000000-0000-4000-8000-000000009d0a', 'a0000000-0000-4000-8000-000000000204', 'Leave breakout room'),
  ('a0000000-0000-4000-8000-000000009d0b', 'a0000000-0000-4000-8000-000000000204', 'Move on to the next student in sorted order set by researchers.')
on conflict (id) do update set name = excluded.name, service_scenario_id = excluded.service_scenario_id;
insert into public.path_steps (path_id, step_id, column_position)
values
  ('a0000000-0000-4000-8000-000000000815', 'a0000000-0000-4000-8000-000000009d01', 1),
  ('a0000000-0000-4000-8000-000000000815', 'a0000000-0000-4000-8000-000000009d02', 2),
  ('a0000000-0000-4000-8000-000000000815', 'a0000000-0000-4000-8000-000000009d03', 3),
  ('a0000000-0000-4000-8000-000000000815', 'a0000000-0000-4000-8000-000000009d04', 4),
  ('a0000000-0000-4000-8000-000000000815', 'a0000000-0000-4000-8000-000000009d05', 5),
  ('a0000000-0000-4000-8000-000000000815', 'a0000000-0000-4000-8000-000000009d06', 6),
  ('a0000000-0000-4000-8000-000000000815', 'a0000000-0000-4000-8000-000000009d07', 7),
  ('a0000000-0000-4000-8000-000000000815', 'a0000000-0000-4000-8000-000000009d08', 8),
  ('a0000000-0000-4000-8000-000000000815', 'a0000000-0000-4000-8000-000000009d09', 9),
  ('a0000000-0000-4000-8000-000000000815', 'a0000000-0000-4000-8000-000000009d0a', 10),
  ('a0000000-0000-4000-8000-000000000815', 'a0000000-0000-4000-8000-000000009d0b', 11)
on conflict (path_id, step_id) do update set column_position = excluded.column_position;
insert into public.cells (id, path_id, layer_id, step_id, content)
values
  ('a0000000-0000-4000-8000-000000b00110', 'a0000000-0000-4000-8000-000000000815', 'a0000000-0000-4000-8000-0000000008d0', 'a0000000-0000-4000-8000-000000009d01', ''),
  ('a0000000-0000-4000-8000-000000b00210', 'a0000000-0000-4000-8000-000000000815', 'a0000000-0000-4000-8000-0000000008d0', 'a0000000-0000-4000-8000-000000009d02', ''),
  ('a0000000-0000-4000-8000-000000b00310', 'a0000000-0000-4000-8000-000000000815', 'a0000000-0000-4000-8000-0000000008d0', 'a0000000-0000-4000-8000-000000009d03', ''),
  ('a0000000-0000-4000-8000-000000b00410', 'a0000000-0000-4000-8000-000000000815', 'a0000000-0000-4000-8000-0000000008d0', 'a0000000-0000-4000-8000-000000009d04', ''),
  ('a0000000-0000-4000-8000-000000b00510', 'a0000000-0000-4000-8000-000000000815', 'a0000000-0000-4000-8000-0000000008d0', 'a0000000-0000-4000-8000-000000009d05', ''),
  ('a0000000-0000-4000-8000-000000b00610', 'a0000000-0000-4000-8000-000000000815', 'a0000000-0000-4000-8000-0000000008d0', 'a0000000-0000-4000-8000-000000009d06', ''),
  ('a0000000-0000-4000-8000-000000b00710', 'a0000000-0000-4000-8000-000000000815', 'a0000000-0000-4000-8000-0000000008d0', 'a0000000-0000-4000-8000-000000009d07', ''),
  ('a0000000-0000-4000-8000-000000b00810', 'a0000000-0000-4000-8000-000000000815', 'a0000000-0000-4000-8000-0000000008d0', 'a0000000-0000-4000-8000-000000009d08', ''),
  ('a0000000-0000-4000-8000-000000b00910', 'a0000000-0000-4000-8000-000000000815', 'a0000000-0000-4000-8000-0000000008d0', 'a0000000-0000-4000-8000-000000009d09', ''),
  ('a0000000-0000-4000-8000-000000b01010', 'a0000000-0000-4000-8000-000000000815', 'a0000000-0000-4000-8000-0000000008d0', 'a0000000-0000-4000-8000-000000009d0a', ''),
  ('a0000000-0000-4000-8000-000000b01110', 'a0000000-0000-4000-8000-000000000815', 'a0000000-0000-4000-8000-0000000008d0', 'a0000000-0000-4000-8000-000000009d0b', ''),
  ('a0000000-0000-4000-8000-000000b00101', 'a0000000-0000-4000-8000-000000000815', 'a0000000-0000-4000-8000-0000000008d1', 'a0000000-0000-4000-8000-000000009d01', 'Circulate and quietly observe the students.'),
  ('a0000000-0000-4000-8000-000000b00201', 'a0000000-0000-4000-8000-000000000815', 'a0000000-0000-4000-8000-0000000008d1', 'a0000000-0000-4000-8000-000000009d02', 'Remind students to keep working while waiting.'),
  ('a0000000-0000-4000-8000-000000b00301', 'a0000000-0000-4000-8000-000000000815', 'a0000000-0000-4000-8000-0000000008d1', 'a0000000-0000-4000-8000-000000009d03', 'Checks if all students are in the correct breakout room.'),
  ('a0000000-0000-4000-8000-000000b00401', 'a0000000-0000-4000-8000-000000000815', 'a0000000-0000-4000-8000-0000000008d1', 'a0000000-0000-4000-8000-000000009d04', 'Receives information that student is absent from session.'),
  ('a0000000-0000-4000-8000-000000b00501', 'a0000000-0000-4000-8000-000000000815', 'a0000000-0000-4000-8000-0000000008d1', 'a0000000-0000-4000-8000-000000009d05', 'Alerts lead tutor about unassigned or miss-assigned students using the "ask for help" alert.'),
  ('a0000000-0000-4000-8000-000000b00601', 'a0000000-0000-4000-8000-000000000815', 'a0000000-0000-4000-8000-0000000008d1', 'a0000000-0000-4000-8000-000000009d06', 'Handles student tech problems as they arise.'),
  ('a0000000-0000-4000-8000-000000b00701', 'a0000000-0000-4000-8000-000000000815', 'a0000000-0000-4000-8000-0000000008d1', 'a0000000-0000-4000-8000-000000009d07', 'Escalates unresolved issues to tutors@tutor.plus promptly.'),
  ('a0000000-0000-4000-8000-000000b00102', 'a0000000-0000-4000-8000-000000000815', 'a0000000-0000-4000-8000-0000000008d2', 'a0000000-0000-4000-8000-000000009d01', 'Rename students to match roster name.'),
  ('a0000000-0000-4000-8000-000000b00202', 'a0000000-0000-4000-8000-000000000815', 'a0000000-0000-4000-8000-0000000008d2', 'a0000000-0000-4000-8000-000000009d02', 'Add any un-rostered students to attendance list.'),
  ('a0000000-0000-4000-8000-000000b00302', 'a0000000-0000-4000-8000-000000000815', 'a0000000-0000-4000-8000-0000000008d2', 'a0000000-0000-4000-8000-000000009d03', 'Manually assign unpaired students to available tutors.'),
  ('a0000000-0000-4000-8000-000000b00402', 'a0000000-0000-4000-8000-000000000815', 'a0000000-0000-4000-8000-0000000008d2', 'a0000000-0000-4000-8000-000000009d04', 'Inform classroom teacher about students that are absent.'),
  ('a0000000-0000-4000-8000-000000b00502', 'a0000000-0000-4000-8000-000000000815', 'a0000000-0000-4000-8000-0000000008d2', 'a0000000-0000-4000-8000-000000009d05', 'Respond to classroom teachers "ask for help" request.'),
  ('a0000000-0000-4000-8000-000000b00103', 'a0000000-0000-4000-8000-000000000815', 'a0000000-0000-4000-8000-0000000008d3', 'a0000000-0000-4000-8000-000000009d01', 'Join breakout session.'),
  ('a0000000-0000-4000-8000-000000b00203', 'a0000000-0000-4000-8000-000000000815', 'a0000000-0000-4000-8000-0000000008d3', 'a0000000-0000-4000-8000-000000009d02', 'Click on ''Update Goals'' CTA in the Action column.'),
  ('a0000000-0000-4000-8000-000000b00303', 'a0000000-0000-4000-8000-000000000815', 'a0000000-0000-4000-8000-0000000008d3', 'a0000000-0000-4000-8000-000000009d03', 'Share screen.'),
  ('a0000000-0000-4000-8000-000000b00403', 'a0000000-0000-4000-8000-000000000815', 'a0000000-0000-4000-8000-0000000008d3', 'a0000000-0000-4000-8000-000000009d04', 'Review last goal cycle overview and system suggestion.'),
  ('a0000000-0000-4000-8000-000000b00503', 'a0000000-0000-4000-8000-000000000815', 'a0000000-0000-4000-8000-0000000008d3', 'a0000000-0000-4000-8000-000000009d05', 'Once student understands, starts updating goal for the next goal cycle while sharing screen.'),
  ('a0000000-0000-4000-8000-000000b00603', 'a0000000-0000-4000-8000-000000000815', 'a0000000-0000-4000-8000-0000000008d3', 'a0000000-0000-4000-8000-000000009d06', 'Fills out goal settings and quantity with the student.'),
  ('a0000000-0000-4000-8000-000000b00703', 'a0000000-0000-4000-8000-000000000815', 'a0000000-0000-4000-8000-0000000008d3', 'a0000000-0000-4000-8000-000000009d07', 'If prompted, fill out goal achievement strategy with the student.'),
  ('a0000000-0000-4000-8000-000000b00803', 'a0000000-0000-4000-8000-000000000815', 'a0000000-0000-4000-8000-0000000008d3', 'a0000000-0000-4000-8000-000000009d08', 'Save goal.'),
  ('a0000000-0000-4000-8000-000000b00903', 'a0000000-0000-4000-8000-000000000815', 'a0000000-0000-4000-8000-0000000008d3', 'a0000000-0000-4000-8000-000000009d09', 'Finalize updating goal with the student.'),
  ('a0000000-0000-4000-8000-000000b01003', 'a0000000-0000-4000-8000-000000000815', 'a0000000-0000-4000-8000-0000000008d3', 'a0000000-0000-4000-8000-000000009d0a', 'Leave breakout room.'),
  ('a0000000-0000-4000-8000-000000b01103', 'a0000000-0000-4000-8000-000000000815', 'a0000000-0000-4000-8000-0000000008d3', 'a0000000-0000-4000-8000-000000009d0b', 'Move on to the next student in sorted order set by researchers.'),
  ('a0000000-0000-4000-8000-000000b00106', 'a0000000-0000-4000-8000-000000000815', 'a0000000-0000-4000-8000-0000000008d4', 'a0000000-0000-4000-8000-000000009d01', 'Zoom/Pencil'),
  ('a0000000-0000-4000-8000-000000b00206', 'a0000000-0000-4000-8000-000000000815', 'a0000000-0000-4000-8000-0000000008d4', 'a0000000-0000-4000-8000-000000009d02', 'PLUS App'),
  ('a0000000-0000-4000-8000-000000b00306', 'a0000000-0000-4000-8000-000000000815', 'a0000000-0000-4000-8000-0000000008d4', 'a0000000-0000-4000-8000-000000009d03', 'Zoom/Pencil, PLUS App'),
  ('a0000000-0000-4000-8000-000000b00406', 'a0000000-0000-4000-8000-000000000815', 'a0000000-0000-4000-8000-0000000008d4', 'a0000000-0000-4000-8000-000000009d04', 'Zoom/Pencil'),
  ('a0000000-0000-4000-8000-000000b00506', 'a0000000-0000-4000-8000-000000000815', 'a0000000-0000-4000-8000-0000000008d4', 'a0000000-0000-4000-8000-000000009d05', 'Zoom/Pencil, PLUS App'),
  ('a0000000-0000-4000-8000-000000b00606', 'a0000000-0000-4000-8000-000000000815', 'a0000000-0000-4000-8000-0000000008d4', 'a0000000-0000-4000-8000-000000009d06', 'Zoom/Pencil, PLUS App'),
  ('a0000000-0000-4000-8000-000000b00706', 'a0000000-0000-4000-8000-000000000815', 'a0000000-0000-4000-8000-0000000008d4', 'a0000000-0000-4000-8000-000000009d07', 'Zoom/Pencil, PLUS App'),
  ('a0000000-0000-4000-8000-000000b00806', 'a0000000-0000-4000-8000-000000000815', 'a0000000-0000-4000-8000-0000000008d4', 'a0000000-0000-4000-8000-000000009d08', 'Zoom/Pencil, PLUS App'),
  ('a0000000-0000-4000-8000-000000b00906', 'a0000000-0000-4000-8000-000000000815', 'a0000000-0000-4000-8000-0000000008d4', 'a0000000-0000-4000-8000-000000009d09', 'Zoom/Pencil, PLUS App'),
  ('a0000000-0000-4000-8000-000000b01006', 'a0000000-0000-4000-8000-000000000815', 'a0000000-0000-4000-8000-0000000008d4', 'a0000000-0000-4000-8000-000000009d0a', 'Zoom/Pencil'),
  ('a0000000-0000-4000-8000-000000b01106', 'a0000000-0000-4000-8000-000000000815', 'a0000000-0000-4000-8000-0000000008d4', 'a0000000-0000-4000-8000-000000009d0b', 'PLUS App'),
  ('a0000000-0000-4000-8000-000000b00407', 'a0000000-0000-4000-8000-000000000815', 'a0000000-0000-4000-8000-0000000008d6', 'a0000000-0000-4000-8000-000000009d04', 'Researchers set goal setting activities.'),
  ('a0000000-0000-4000-8000-000000b00507', 'a0000000-0000-4000-8000-000000000815', 'a0000000-0000-4000-8000-0000000008d6', 'a0000000-0000-4000-8000-000000009d05', 'Researchers set goal setting activities.'),
  ('a0000000-0000-4000-8000-000000b00607', 'a0000000-0000-4000-8000-000000000815', 'a0000000-0000-4000-8000-0000000008d6', 'a0000000-0000-4000-8000-000000009d06', 'Researchers set goal setting activities.'),
  ('a0000000-0000-4000-8000-000000b00707', 'a0000000-0000-4000-8000-000000000815', 'a0000000-0000-4000-8000-0000000008d6', 'a0000000-0000-4000-8000-000000009d07', 'Researchers set goal setting activities.'),
  ('a0000000-0000-4000-8000-000000b00807', 'a0000000-0000-4000-8000-000000000815', 'a0000000-0000-4000-8000-0000000008d6', 'a0000000-0000-4000-8000-000000009d08', 'Researchers set goal setting activities.'),
  ('a0000000-0000-4000-8000-000000b00907', 'a0000000-0000-4000-8000-000000000815', 'a0000000-0000-4000-8000-0000000008d6', 'a0000000-0000-4000-8000-000000009d09', 'Researchers set goal setting activities.'),
  ('a0000000-0000-4000-8000-000000b01107', 'a0000000-0000-4000-8000-000000000815', 'a0000000-0000-4000-8000-0000000008d6', 'a0000000-0000-4000-8000-000000009d0b', 'Researchers set student order.'),
  ('a0000000-0000-4000-8000-000000b00209', 'a0000000-0000-4000-8000-000000000815', 'a0000000-0000-4000-8000-0000000008d8', 'a0000000-0000-4000-8000-000000009d02', E'Dev Team\nDesign Team'),
  ('a0000000-0000-4000-8000-000000b00309', 'a0000000-0000-4000-8000-000000000815', 'a0000000-0000-4000-8000-0000000008d8', 'a0000000-0000-4000-8000-000000009d03', E'Dev Team\nDesign Team'),
  ('a0000000-0000-4000-8000-000000b00409', 'a0000000-0000-4000-8000-000000000815', 'a0000000-0000-4000-8000-0000000008d8', 'a0000000-0000-4000-8000-000000009d04', E'Dev Team\nDesign Team'),
  ('a0000000-0000-4000-8000-000000b00509', 'a0000000-0000-4000-8000-000000000815', 'a0000000-0000-4000-8000-0000000008d8', 'a0000000-0000-4000-8000-000000009d05', E'Dev Team\nDesign Team'),
  ('a0000000-0000-4000-8000-000000b00609', 'a0000000-0000-4000-8000-000000000815', 'a0000000-0000-4000-8000-0000000008d8', 'a0000000-0000-4000-8000-000000009d06', E'Dev Team\nDesign Team'),
  ('a0000000-0000-4000-8000-000000b00709', 'a0000000-0000-4000-8000-000000000815', 'a0000000-0000-4000-8000-0000000008d8', 'a0000000-0000-4000-8000-000000009d07', E'Dev Team\nDesign Team'),
  ('a0000000-0000-4000-8000-000000b00809', 'a0000000-0000-4000-8000-000000000815', 'a0000000-0000-4000-8000-0000000008d8', 'a0000000-0000-4000-8000-000000009d08', E'Dev Team\nDesign Team'),
  ('a0000000-0000-4000-8000-000000b01109', 'a0000000-0000-4000-8000-000000000815', 'a0000000-0000-4000-8000-0000000008d8', 'a0000000-0000-4000-8000-000000009d0b', 'Dev Team, Design Team')
on conflict (id) do update set path_id = excluded.path_id, layer_id = excluded.layer_id, step_id = excluded.step_id, content = excluded.content;
insert into public.cell_triggers (id, source_cell_id, target_cell_id)
values
  ('a0000000-0000-4000-8000-00000009e001', 'a0000000-0000-4000-8000-000000b00101', 'a0000000-0000-4000-8000-000000b00201'),
  ('a0000000-0000-4000-8000-00000009e002', 'a0000000-0000-4000-8000-000000b00201', 'a0000000-0000-4000-8000-000000b00301'),
  ('a0000000-0000-4000-8000-00000009e003', 'a0000000-0000-4000-8000-000000b00301', 'a0000000-0000-4000-8000-000000b00401'),
  ('a0000000-0000-4000-8000-00000009e004', 'a0000000-0000-4000-8000-000000b00401', 'a0000000-0000-4000-8000-000000b00501'),
  ('a0000000-0000-4000-8000-00000009e005', 'a0000000-0000-4000-8000-000000b00501', 'a0000000-0000-4000-8000-000000b00601'),
  ('a0000000-0000-4000-8000-00000009e006', 'a0000000-0000-4000-8000-000000b00601', 'a0000000-0000-4000-8000-000000b00701'),
  ('a0000000-0000-4000-8000-00000009e020', 'a0000000-0000-4000-8000-000000b00102', 'a0000000-0000-4000-8000-000000b00202'),
  ('a0000000-0000-4000-8000-00000009e021', 'a0000000-0000-4000-8000-000000b00202', 'a0000000-0000-4000-8000-000000b00302'),
  ('a0000000-0000-4000-8000-00000009e022', 'a0000000-0000-4000-8000-000000b00302', 'a0000000-0000-4000-8000-000000b00402'),
  ('a0000000-0000-4000-8000-00000009e023', 'a0000000-0000-4000-8000-000000b00402', 'a0000000-0000-4000-8000-000000b00502'),
  ('a0000000-0000-4000-8000-00000009e033', 'a0000000-0000-4000-8000-000000b00402', 'a0000000-0000-4000-8000-000000b00401'),
  ('a0000000-0000-4000-8000-00000009e034', 'a0000000-0000-4000-8000-000000b00401', 'a0000000-0000-4000-8000-000000b00402'),
  ('a0000000-0000-4000-8000-00000009e035', 'a0000000-0000-4000-8000-000000b00502', 'a0000000-0000-4000-8000-000000b00501'),
  ('a0000000-0000-4000-8000-00000009e036', 'a0000000-0000-4000-8000-000000b00501', 'a0000000-0000-4000-8000-000000b00502'),
  ('a0000000-0000-4000-8000-00000009e041', 'a0000000-0000-4000-8000-000000b00701', 'a0000000-0000-4000-8000-000000b00101'),
  ('a0000000-0000-4000-8000-00000009e042', 'a0000000-0000-4000-8000-000000b00502', 'a0000000-0000-4000-8000-000000b00102'),
  ('a0000000-0000-4000-8000-00000009e050', 'a0000000-0000-4000-8000-000000b00103', 'a0000000-0000-4000-8000-000000b00203'),
  ('a0000000-0000-4000-8000-00000009e051', 'a0000000-0000-4000-8000-000000b00203', 'a0000000-0000-4000-8000-000000b00303'),
  ('a0000000-0000-4000-8000-00000009e052', 'a0000000-0000-4000-8000-000000b00303', 'a0000000-0000-4000-8000-000000b00403'),
  ('a0000000-0000-4000-8000-00000009e053', 'a0000000-0000-4000-8000-000000b00403', 'a0000000-0000-4000-8000-000000b00503'),
  ('a0000000-0000-4000-8000-00000009e054', 'a0000000-0000-4000-8000-000000b00503', 'a0000000-0000-4000-8000-000000b00603'),
  ('a0000000-0000-4000-8000-00000009e055', 'a0000000-0000-4000-8000-000000b00603', 'a0000000-0000-4000-8000-000000b00703'),
  ('a0000000-0000-4000-8000-00000009e056', 'a0000000-0000-4000-8000-000000b00703', 'a0000000-0000-4000-8000-000000b00803'),
  ('a0000000-0000-4000-8000-00000009e057', 'a0000000-0000-4000-8000-000000b00803', 'a0000000-0000-4000-8000-000000b00903'),
  ('a0000000-0000-4000-8000-00000009e058', 'a0000000-0000-4000-8000-000000b00903', 'a0000000-0000-4000-8000-000000b01003'),
  ('a0000000-0000-4000-8000-00000009e059', 'a0000000-0000-4000-8000-000000b01003', 'a0000000-0000-4000-8000-000000b01103'),
  ('a0000000-0000-4000-8000-00000009e070', 'a0000000-0000-4000-8000-000000b00103', 'a0000000-0000-4000-8000-000000b00106'),
  ('a0000000-0000-4000-8000-00000009e071', 'a0000000-0000-4000-8000-000000b00203', 'a0000000-0000-4000-8000-000000b00206'),
  ('a0000000-0000-4000-8000-00000009e072', 'a0000000-0000-4000-8000-000000b00303', 'a0000000-0000-4000-8000-000000b00306'),
  ('a0000000-0000-4000-8000-00000009e073', 'a0000000-0000-4000-8000-000000b00403', 'a0000000-0000-4000-8000-000000b00406'),
  ('a0000000-0000-4000-8000-00000009e074', 'a0000000-0000-4000-8000-000000b00503', 'a0000000-0000-4000-8000-000000b00506'),
  ('a0000000-0000-4000-8000-00000009e075', 'a0000000-0000-4000-8000-000000b00603', 'a0000000-0000-4000-8000-000000b00606'),
  ('a0000000-0000-4000-8000-00000009e076', 'a0000000-0000-4000-8000-000000b00703', 'a0000000-0000-4000-8000-000000b00706'),
  ('a0000000-0000-4000-8000-00000009e077', 'a0000000-0000-4000-8000-000000b00803', 'a0000000-0000-4000-8000-000000b00806'),
  ('a0000000-0000-4000-8000-00000009e078', 'a0000000-0000-4000-8000-000000b00903', 'a0000000-0000-4000-8000-000000b00906'),
  ('a0000000-0000-4000-8000-00000009e079', 'a0000000-0000-4000-8000-000000b01003', 'a0000000-0000-4000-8000-000000b01006'),
  ('a0000000-0000-4000-8000-00000009e080', 'a0000000-0000-4000-8000-000000b01103', 'a0000000-0000-4000-8000-000000b01106'),
  ('a0000000-0000-4000-8000-00000009e062', 'a0000000-0000-4000-8000-000000b01103', 'a0000000-0000-4000-8000-000000b00103')
on conflict (id) do update set source_cell_id = excluded.source_cell_id, target_cell_id = excluded.target_cell_id;
