-- Goal Setting scenario — Update Goals Edge Case path
-- Stable keys map to src/data/goalSettingUpdatedGoalsEdgeCasePathFallback.ts

-- Update Goals Edge Case
insert into public.paths (id, service_scenario_id, name, description, path_type)
values ('a0000000-0000-4000-8000-000000000817', 'a0000000-0000-4000-8000-000000000204', 'Update Goals Edge Case', 'Goal cycle began and deadline not reached, but student did not set goals last session and has prior goals.', 'alternative')
on conflict (id) do update set service_scenario_id = excluded.service_scenario_id, name = excluded.name, description = excluded.description, path_type = excluded.path_type;
delete from public.cell_triggers where source_cell_id in (select id from public.cells where path_id = 'a0000000-0000-4000-8000-000000000817');
delete from public.cells where path_id = 'a0000000-0000-4000-8000-000000000817';
delete from public.layers where path_id = 'a0000000-0000-4000-8000-000000000817';
delete from public.path_steps where path_id = 'a0000000-0000-4000-8000-000000000817';
insert into public.layers (id, path_id, name, row_position)
values
  ('a0000000-0000-4000-8000-0000000008f0', 'a0000000-0000-4000-8000-000000000817', 'Visual', 0),
  ('a0000000-0000-4000-8000-0000000008f1', 'a0000000-0000-4000-8000-000000000817', 'Partner Action: Teacher', 1),
  ('a0000000-0000-4000-8000-0000000008f2', 'a0000000-0000-4000-8000-000000000817', 'Lead Tutor', 2),
  ('a0000000-0000-4000-8000-0000000008f3', 'a0000000-0000-4000-8000-000000000817', 'Regular Tutor', 3),
  ('a0000000-0000-4000-8000-0000000008f5', 'a0000000-0000-4000-8000-000000000817', 'Front Stage Tech', 4),
  ('a0000000-0000-4000-8000-0000000008f4', 'a0000000-0000-4000-8000-000000000817', 'Front Stage Actions', 5),
  ('a0000000-0000-4000-8000-0000000008f7', 'a0000000-0000-4000-8000-000000000817', 'Back Stage Tech', 6),
  ('a0000000-0000-4000-8000-0000000008f6', 'a0000000-0000-4000-8000-000000000817', 'Back Stage Actions', 7),
  ('a0000000-0000-4000-8000-0000000008f8', 'a0000000-0000-4000-8000-000000000817', 'Support Actions', 8)
on conflict (id) do update set name = excluded.name, row_position = excluded.row_position, path_id = excluded.path_id;
insert into public.steps (id, service_scenario_id, name)
values
  ('a0000000-0000-4000-8000-000000009e01', 'a0000000-0000-4000-8000-000000000204', 'Join breakout session'),
  ('a0000000-0000-4000-8000-000000009e02', 'a0000000-0000-4000-8000-000000000204', 'Sees action color in dashboard is warning and CTA copy is ''Update Goals'' within a mid-cycle goal check-in session.'),
  ('a0000000-0000-4000-8000-000000009e03', 'a0000000-0000-4000-8000-000000000204', 'Click on ''Update Goals'' CTA in the action column'),
  ('a0000000-0000-4000-8000-000000009e04', 'a0000000-0000-4000-8000-000000000204', 'Share screen'),
  ('a0000000-0000-4000-8000-000000009e05', 'a0000000-0000-4000-8000-000000000204', 'Review last goal cycle overview and system suggestion'),
  ('a0000000-0000-4000-8000-000000009e06', 'a0000000-0000-4000-8000-000000000204', 'Once student understands, starts updating goal for the next goal cycle while sharing screen'),
  ('a0000000-0000-4000-8000-000000009e07', 'a0000000-0000-4000-8000-000000000204', 'Fills out goal settings and quantity with the student'),
  ('a0000000-0000-4000-8000-000000009e08', 'a0000000-0000-4000-8000-000000000204', 'If prompted, fill out goal achievement strategy with the student'),
  ('a0000000-0000-4000-8000-000000009e09', 'a0000000-0000-4000-8000-000000000204', 'Save goal'),
  ('a0000000-0000-4000-8000-000000009e0a', 'a0000000-0000-4000-8000-000000000204', 'Finalize updating goal with student'),
  ('a0000000-0000-4000-8000-000000009e0b', 'a0000000-0000-4000-8000-000000000204', 'Leave breakout room'),
  ('a0000000-0000-4000-8000-000000009e0c', 'a0000000-0000-4000-8000-000000000204', 'Move on to the next student in sorted order set by researchers')
on conflict (id) do update set name = excluded.name, service_scenario_id = excluded.service_scenario_id;
insert into public.path_steps (path_id, step_id, column_position)
values
  ('a0000000-0000-4000-8000-000000000817', 'a0000000-0000-4000-8000-000000009e01', 1),
  ('a0000000-0000-4000-8000-000000000817', 'a0000000-0000-4000-8000-000000009e02', 2),
  ('a0000000-0000-4000-8000-000000000817', 'a0000000-0000-4000-8000-000000009e03', 3),
  ('a0000000-0000-4000-8000-000000000817', 'a0000000-0000-4000-8000-000000009e04', 4),
  ('a0000000-0000-4000-8000-000000000817', 'a0000000-0000-4000-8000-000000009e05', 5),
  ('a0000000-0000-4000-8000-000000000817', 'a0000000-0000-4000-8000-000000009e06', 6),
  ('a0000000-0000-4000-8000-000000000817', 'a0000000-0000-4000-8000-000000009e07', 7),
  ('a0000000-0000-4000-8000-000000000817', 'a0000000-0000-4000-8000-000000009e08', 8),
  ('a0000000-0000-4000-8000-000000000817', 'a0000000-0000-4000-8000-000000009e09', 9),
  ('a0000000-0000-4000-8000-000000000817', 'a0000000-0000-4000-8000-000000009e0a', 10),
  ('a0000000-0000-4000-8000-000000000817', 'a0000000-0000-4000-8000-000000009e0b', 11),
  ('a0000000-0000-4000-8000-000000000817', 'a0000000-0000-4000-8000-000000009e0c', 12)
on conflict (path_id, step_id) do update set column_position = excluded.column_position;
insert into public.cells (id, path_id, layer_id, step_id, content)
values
  ('a0000000-0000-4000-8000-000000d00110', 'a0000000-0000-4000-8000-000000000817', 'a0000000-0000-4000-8000-0000000008f0', 'a0000000-0000-4000-8000-000000009e01', ''),
  ('a0000000-0000-4000-8000-000000d00210', 'a0000000-0000-4000-8000-000000000817', 'a0000000-0000-4000-8000-0000000008f0', 'a0000000-0000-4000-8000-000000009e02', ''),
  ('a0000000-0000-4000-8000-000000d00310', 'a0000000-0000-4000-8000-000000000817', 'a0000000-0000-4000-8000-0000000008f0', 'a0000000-0000-4000-8000-000000009e03', ''),
  ('a0000000-0000-4000-8000-000000d00410', 'a0000000-0000-4000-8000-000000000817', 'a0000000-0000-4000-8000-0000000008f0', 'a0000000-0000-4000-8000-000000009e04', ''),
  ('a0000000-0000-4000-8000-000000d00510', 'a0000000-0000-4000-8000-000000000817', 'a0000000-0000-4000-8000-0000000008f0', 'a0000000-0000-4000-8000-000000009e05', ''),
  ('a0000000-0000-4000-8000-000000d00610', 'a0000000-0000-4000-8000-000000000817', 'a0000000-0000-4000-8000-0000000008f0', 'a0000000-0000-4000-8000-000000009e06', ''),
  ('a0000000-0000-4000-8000-000000d00710', 'a0000000-0000-4000-8000-000000000817', 'a0000000-0000-4000-8000-0000000008f0', 'a0000000-0000-4000-8000-000000009e07', ''),
  ('a0000000-0000-4000-8000-000000d00810', 'a0000000-0000-4000-8000-000000000817', 'a0000000-0000-4000-8000-0000000008f0', 'a0000000-0000-4000-8000-000000009e08', ''),
  ('a0000000-0000-4000-8000-000000d00910', 'a0000000-0000-4000-8000-000000000817', 'a0000000-0000-4000-8000-0000000008f0', 'a0000000-0000-4000-8000-000000009e09', ''),
  ('a0000000-0000-4000-8000-000000d01010', 'a0000000-0000-4000-8000-000000000817', 'a0000000-0000-4000-8000-0000000008f0', 'a0000000-0000-4000-8000-000000009e0a', ''),
  ('a0000000-0000-4000-8000-000000d01110', 'a0000000-0000-4000-8000-000000000817', 'a0000000-0000-4000-8000-0000000008f0', 'a0000000-0000-4000-8000-000000009e0b', ''),
  ('a0000000-0000-4000-8000-000000d01210', 'a0000000-0000-4000-8000-000000000817', 'a0000000-0000-4000-8000-0000000008f0', 'a0000000-0000-4000-8000-000000009e0c', ''),
  ('a0000000-0000-4000-8000-000000d00101', 'a0000000-0000-4000-8000-000000000817', 'a0000000-0000-4000-8000-0000000008f1', 'a0000000-0000-4000-8000-000000009e01', 'Circulate and quietly observe the students.'),
  ('a0000000-0000-4000-8000-000000d00201', 'a0000000-0000-4000-8000-000000000817', 'a0000000-0000-4000-8000-0000000008f1', 'a0000000-0000-4000-8000-000000009e02', 'Remind students to keep working while waiting.'),
  ('a0000000-0000-4000-8000-000000d00301', 'a0000000-0000-4000-8000-000000000817', 'a0000000-0000-4000-8000-0000000008f1', 'a0000000-0000-4000-8000-000000009e03', 'Checks if all students are in the correct breakout room.'),
  ('a0000000-0000-4000-8000-000000d00401', 'a0000000-0000-4000-8000-000000000817', 'a0000000-0000-4000-8000-0000000008f1', 'a0000000-0000-4000-8000-000000009e04', 'Receives information that student is absent from session.'),
  ('a0000000-0000-4000-8000-000000d00501', 'a0000000-0000-4000-8000-000000000817', 'a0000000-0000-4000-8000-0000000008f1', 'a0000000-0000-4000-8000-000000009e05', 'Alerts lead tutor about unassigned or miss-assigned students using the "ask for help" alert.'),
  ('a0000000-0000-4000-8000-000000d00601', 'a0000000-0000-4000-8000-000000000817', 'a0000000-0000-4000-8000-0000000008f1', 'a0000000-0000-4000-8000-000000009e06', 'Handles student tech problems as they arise.'),
  ('a0000000-0000-4000-8000-000000d00701', 'a0000000-0000-4000-8000-000000000817', 'a0000000-0000-4000-8000-0000000008f1', 'a0000000-0000-4000-8000-000000009e07', 'Escalates unresolved issues to tutors@tutor.plus promptly.'),
  ('a0000000-0000-4000-8000-000000d00102', 'a0000000-0000-4000-8000-000000000817', 'a0000000-0000-4000-8000-0000000008f2', 'a0000000-0000-4000-8000-000000009e01', 'Rename students to match roster name.'),
  ('a0000000-0000-4000-8000-000000d00202', 'a0000000-0000-4000-8000-000000000817', 'a0000000-0000-4000-8000-0000000008f2', 'a0000000-0000-4000-8000-000000009e02', 'Add any un-rostered students to attendance list.'),
  ('a0000000-0000-4000-8000-000000d00302', 'a0000000-0000-4000-8000-000000000817', 'a0000000-0000-4000-8000-0000000008f2', 'a0000000-0000-4000-8000-000000009e03', 'Manually assign unpaired students to available tutors.'),
  ('a0000000-0000-4000-8000-000000d00402', 'a0000000-0000-4000-8000-000000000817', 'a0000000-0000-4000-8000-0000000008f2', 'a0000000-0000-4000-8000-000000009e04', 'Inform classroom teacher about students that are absent.'),
  ('a0000000-0000-4000-8000-000000d00502', 'a0000000-0000-4000-8000-000000000817', 'a0000000-0000-4000-8000-0000000008f2', 'a0000000-0000-4000-8000-000000009e05', 'Respond to classroom teachers "ask for help" request.'),
  ('a0000000-0000-4000-8000-000000d00103', 'a0000000-0000-4000-8000-000000000817', 'a0000000-0000-4000-8000-0000000008f3', 'a0000000-0000-4000-8000-000000009e01', 'Join breakout session.'),
  ('a0000000-0000-4000-8000-000000d00203', 'a0000000-0000-4000-8000-000000000817', 'a0000000-0000-4000-8000-0000000008f3', 'a0000000-0000-4000-8000-000000009e02', 'Sees action color in dashboard is warning and CTA copy is ''Update Goals'' within a mid-cycle goal check-in session.'),
  ('a0000000-0000-4000-8000-000000d00303', 'a0000000-0000-4000-8000-000000000817', 'a0000000-0000-4000-8000-0000000008f3', 'a0000000-0000-4000-8000-000000009e03', 'Click on ''Update Goals'' CTA in the action column.'),
  ('a0000000-0000-4000-8000-000000d00403', 'a0000000-0000-4000-8000-000000000817', 'a0000000-0000-4000-8000-0000000008f3', 'a0000000-0000-4000-8000-000000009e04', 'Share screen.'),
  ('a0000000-0000-4000-8000-000000d00503', 'a0000000-0000-4000-8000-000000000817', 'a0000000-0000-4000-8000-0000000008f3', 'a0000000-0000-4000-8000-000000009e05', 'Review last goal cycle overview and system suggestion.'),
  ('a0000000-0000-4000-8000-000000d00603', 'a0000000-0000-4000-8000-000000000817', 'a0000000-0000-4000-8000-0000000008f3', 'a0000000-0000-4000-8000-000000009e06', 'Once student understands, starts updating goal for the next goal cycle while sharing screen.'),
  ('a0000000-0000-4000-8000-000000d00703', 'a0000000-0000-4000-8000-000000000817', 'a0000000-0000-4000-8000-0000000008f3', 'a0000000-0000-4000-8000-000000009e07', 'Fills out goal settings and quantity with the student.'),
  ('a0000000-0000-4000-8000-000000d00803', 'a0000000-0000-4000-8000-000000000817', 'a0000000-0000-4000-8000-0000000008f3', 'a0000000-0000-4000-8000-000000009e08', 'If prompted, fill out goal achievement strategy with the student.'),
  ('a0000000-0000-4000-8000-000000d00903', 'a0000000-0000-4000-8000-000000000817', 'a0000000-0000-4000-8000-0000000008f3', 'a0000000-0000-4000-8000-000000009e09', 'Save goal.'),
  ('a0000000-0000-4000-8000-000000d01003', 'a0000000-0000-4000-8000-000000000817', 'a0000000-0000-4000-8000-0000000008f3', 'a0000000-0000-4000-8000-000000009e0a', 'Finalize updating goal with student.'),
  ('a0000000-0000-4000-8000-000000d01103', 'a0000000-0000-4000-8000-000000000817', 'a0000000-0000-4000-8000-0000000008f3', 'a0000000-0000-4000-8000-000000009e0b', 'Leave breakout room.'),
  ('a0000000-0000-4000-8000-000000d01203', 'a0000000-0000-4000-8000-000000000817', 'a0000000-0000-4000-8000-0000000008f3', 'a0000000-0000-4000-8000-000000009e0c', 'Move on to the next student in sorted order set by researchers.'),
  ('a0000000-0000-4000-8000-000000d00106', 'a0000000-0000-4000-8000-000000000817', 'a0000000-0000-4000-8000-0000000008f4', 'a0000000-0000-4000-8000-000000009e01', 'Zoom/Pencil'),
  ('a0000000-0000-4000-8000-000000d00206', 'a0000000-0000-4000-8000-000000000817', 'a0000000-0000-4000-8000-0000000008f4', 'a0000000-0000-4000-8000-000000009e02', 'PLUS App'),
  ('a0000000-0000-4000-8000-000000d00306', 'a0000000-0000-4000-8000-000000000817', 'a0000000-0000-4000-8000-0000000008f4', 'a0000000-0000-4000-8000-000000009e03', 'PLUS App'),
  ('a0000000-0000-4000-8000-000000d00406', 'a0000000-0000-4000-8000-000000000817', 'a0000000-0000-4000-8000-0000000008f4', 'a0000000-0000-4000-8000-000000009e04', 'Zoom/Pencil, PLUS App'),
  ('a0000000-0000-4000-8000-000000d00506', 'a0000000-0000-4000-8000-000000000817', 'a0000000-0000-4000-8000-0000000008f4', 'a0000000-0000-4000-8000-000000009e05', 'Zoom/Pencil, PLUS App'),
  ('a0000000-0000-4000-8000-000000d00606', 'a0000000-0000-4000-8000-000000000817', 'a0000000-0000-4000-8000-0000000008f4', 'a0000000-0000-4000-8000-000000009e06', 'Zoom/Pencil, PLUS App'),
  ('a0000000-0000-4000-8000-000000d00706', 'a0000000-0000-4000-8000-000000000817', 'a0000000-0000-4000-8000-0000000008f4', 'a0000000-0000-4000-8000-000000009e07', 'Zoom/Pencil, PLUS App'),
  ('a0000000-0000-4000-8000-000000d00806', 'a0000000-0000-4000-8000-000000000817', 'a0000000-0000-4000-8000-0000000008f4', 'a0000000-0000-4000-8000-000000009e08', 'Zoom/Pencil, PLUS App'),
  ('a0000000-0000-4000-8000-000000d00906', 'a0000000-0000-4000-8000-000000000817', 'a0000000-0000-4000-8000-0000000008f4', 'a0000000-0000-4000-8000-000000009e09', 'Zoom/Pencil, PLUS App'),
  ('a0000000-0000-4000-8000-000000d01006', 'a0000000-0000-4000-8000-000000000817', 'a0000000-0000-4000-8000-0000000008f4', 'a0000000-0000-4000-8000-000000009e0a', 'Zoom/Pencil, PLUS App'),
  ('a0000000-0000-4000-8000-000000d01106', 'a0000000-0000-4000-8000-000000000817', 'a0000000-0000-4000-8000-0000000008f4', 'a0000000-0000-4000-8000-000000009e0b', 'Zoom/Pencil'),
  ('a0000000-0000-4000-8000-000000d01206', 'a0000000-0000-4000-8000-000000000817', 'a0000000-0000-4000-8000-0000000008f4', 'a0000000-0000-4000-8000-000000009e0c', 'PLUS App'),
  ('a0000000-0000-4000-8000-000000d00507', 'a0000000-0000-4000-8000-000000000817', 'a0000000-0000-4000-8000-0000000008f6', 'a0000000-0000-4000-8000-000000009e05', 'Researcher sets goal setting activities.'),
  ('a0000000-0000-4000-8000-000000d00607', 'a0000000-0000-4000-8000-000000000817', 'a0000000-0000-4000-8000-0000000008f6', 'a0000000-0000-4000-8000-000000009e06', 'Researcher sets goal setting activities.'),
  ('a0000000-0000-4000-8000-000000d00707', 'a0000000-0000-4000-8000-000000000817', 'a0000000-0000-4000-8000-0000000008f6', 'a0000000-0000-4000-8000-000000009e07', 'Researcher sets goal setting activities.'),
  ('a0000000-0000-4000-8000-000000d00807', 'a0000000-0000-4000-8000-000000000817', 'a0000000-0000-4000-8000-0000000008f6', 'a0000000-0000-4000-8000-000000009e08', 'Researcher sets goal setting activities.'),
  ('a0000000-0000-4000-8000-000000d00907', 'a0000000-0000-4000-8000-000000000817', 'a0000000-0000-4000-8000-0000000008f6', 'a0000000-0000-4000-8000-000000009e09', 'Researcher sets goal setting activities.'),
  ('a0000000-0000-4000-8000-000000d01007', 'a0000000-0000-4000-8000-000000000817', 'a0000000-0000-4000-8000-0000000008f6', 'a0000000-0000-4000-8000-000000009e0a', 'Researcher sets goal setting activities.'),
  ('a0000000-0000-4000-8000-000000d01207', 'a0000000-0000-4000-8000-000000000817', 'a0000000-0000-4000-8000-0000000008f6', 'a0000000-0000-4000-8000-000000009e0c', 'Researcher sets goal setting activities.'),
  ('a0000000-0000-4000-8000-000000d00209', 'a0000000-0000-4000-8000-000000000817', 'a0000000-0000-4000-8000-0000000008f8', 'a0000000-0000-4000-8000-000000009e02', E'Dev Team\nDesign Team'),
  ('a0000000-0000-4000-8000-000000d00309', 'a0000000-0000-4000-8000-000000000817', 'a0000000-0000-4000-8000-0000000008f8', 'a0000000-0000-4000-8000-000000009e03', E'Dev Team\nDesign Team'),
  ('a0000000-0000-4000-8000-000000d00409', 'a0000000-0000-4000-8000-000000000817', 'a0000000-0000-4000-8000-0000000008f8', 'a0000000-0000-4000-8000-000000009e04', E'Dev Team\nDesign Team'),
  ('a0000000-0000-4000-8000-000000d00509', 'a0000000-0000-4000-8000-000000000817', 'a0000000-0000-4000-8000-0000000008f8', 'a0000000-0000-4000-8000-000000009e05', E'Dev Team\nDesign Team'),
  ('a0000000-0000-4000-8000-000000d00609', 'a0000000-0000-4000-8000-000000000817', 'a0000000-0000-4000-8000-0000000008f8', 'a0000000-0000-4000-8000-000000009e06', E'Dev Team\nDesign Team'),
  ('a0000000-0000-4000-8000-000000d00709', 'a0000000-0000-4000-8000-000000000817', 'a0000000-0000-4000-8000-0000000008f8', 'a0000000-0000-4000-8000-000000009e07', E'Dev Team\nDesign Team'),
  ('a0000000-0000-4000-8000-000000d00809', 'a0000000-0000-4000-8000-000000000817', 'a0000000-0000-4000-8000-0000000008f8', 'a0000000-0000-4000-8000-000000009e08', E'Dev Team\nDesign Team'),
  ('a0000000-0000-4000-8000-000000d00909', 'a0000000-0000-4000-8000-000000000817', 'a0000000-0000-4000-8000-0000000008f8', 'a0000000-0000-4000-8000-000000009e09', E'Dev Team\nDesign Team'),
  ('a0000000-0000-4000-8000-000000d01209', 'a0000000-0000-4000-8000-000000000817', 'a0000000-0000-4000-8000-0000000008f8', 'a0000000-0000-4000-8000-000000009e0c', E'Dev Team\nDesign Team')
on conflict (id) do update set path_id = excluded.path_id, layer_id = excluded.layer_id, step_id = excluded.step_id, content = excluded.content;
insert into public.cell_triggers (id, source_cell_id, target_cell_id)
values
  ('a0000000-0000-4000-8000-00000009e001', 'a0000000-0000-4000-8000-000000d00101', 'a0000000-0000-4000-8000-000000d00201'),
  ('a0000000-0000-4000-8000-00000009e002', 'a0000000-0000-4000-8000-000000d00201', 'a0000000-0000-4000-8000-000000d00301'),
  ('a0000000-0000-4000-8000-00000009e003', 'a0000000-0000-4000-8000-000000d00301', 'a0000000-0000-4000-8000-000000d00401'),
  ('a0000000-0000-4000-8000-00000009e004', 'a0000000-0000-4000-8000-000000d00401', 'a0000000-0000-4000-8000-000000d00501'),
  ('a0000000-0000-4000-8000-00000009e005', 'a0000000-0000-4000-8000-000000d00501', 'a0000000-0000-4000-8000-000000d00601'),
  ('a0000000-0000-4000-8000-00000009e006', 'a0000000-0000-4000-8000-000000d00601', 'a0000000-0000-4000-8000-000000d00701'),
  ('a0000000-0000-4000-8000-00000009e020', 'a0000000-0000-4000-8000-000000d00102', 'a0000000-0000-4000-8000-000000d00202'),
  ('a0000000-0000-4000-8000-00000009e021', 'a0000000-0000-4000-8000-000000d00202', 'a0000000-0000-4000-8000-000000d00302'),
  ('a0000000-0000-4000-8000-00000009e022', 'a0000000-0000-4000-8000-000000d00302', 'a0000000-0000-4000-8000-000000d00402'),
  ('a0000000-0000-4000-8000-00000009e023', 'a0000000-0000-4000-8000-000000d00402', 'a0000000-0000-4000-8000-000000d00502'),
  ('a0000000-0000-4000-8000-00000009e033', 'a0000000-0000-4000-8000-000000d00402', 'a0000000-0000-4000-8000-000000d00401'),
  ('a0000000-0000-4000-8000-00000009e034', 'a0000000-0000-4000-8000-000000d00401', 'a0000000-0000-4000-8000-000000d00402'),
  ('a0000000-0000-4000-8000-00000009e035', 'a0000000-0000-4000-8000-000000d00502', 'a0000000-0000-4000-8000-000000d00501'),
  ('a0000000-0000-4000-8000-00000009e036', 'a0000000-0000-4000-8000-000000d00501', 'a0000000-0000-4000-8000-000000d00502'),
  ('a0000000-0000-4000-8000-00000009e041', 'a0000000-0000-4000-8000-000000d00701', 'a0000000-0000-4000-8000-000000d00101'),
  ('a0000000-0000-4000-8000-00000009e042', 'a0000000-0000-4000-8000-000000d00502', 'a0000000-0000-4000-8000-000000d00102'),
  ('a0000000-0000-4000-8000-00000009e050', 'a0000000-0000-4000-8000-000000d00103', 'a0000000-0000-4000-8000-000000d00203'),
  ('a0000000-0000-4000-8000-00000009e051', 'a0000000-0000-4000-8000-000000d00203', 'a0000000-0000-4000-8000-000000d00303'),
  ('a0000000-0000-4000-8000-00000009e052', 'a0000000-0000-4000-8000-000000d00303', 'a0000000-0000-4000-8000-000000d00403'),
  ('a0000000-0000-4000-8000-00000009e053', 'a0000000-0000-4000-8000-000000d00403', 'a0000000-0000-4000-8000-000000d00503'),
  ('a0000000-0000-4000-8000-00000009e054', 'a0000000-0000-4000-8000-000000d00503', 'a0000000-0000-4000-8000-000000d00603'),
  ('a0000000-0000-4000-8000-00000009e055', 'a0000000-0000-4000-8000-000000d00603', 'a0000000-0000-4000-8000-000000d00703'),
  ('a0000000-0000-4000-8000-00000009e056', 'a0000000-0000-4000-8000-000000d00703', 'a0000000-0000-4000-8000-000000d00803'),
  ('a0000000-0000-4000-8000-00000009e057', 'a0000000-0000-4000-8000-000000d00803', 'a0000000-0000-4000-8000-000000d00903'),
  ('a0000000-0000-4000-8000-00000009e058', 'a0000000-0000-4000-8000-000000d00903', 'a0000000-0000-4000-8000-000000d01003'),
  ('a0000000-0000-4000-8000-00000009e059', 'a0000000-0000-4000-8000-000000d01003', 'a0000000-0000-4000-8000-000000d01103'),
  ('a0000000-0000-4000-8000-00000009e060', 'a0000000-0000-4000-8000-000000d01103', 'a0000000-0000-4000-8000-000000d01203'),
  ('a0000000-0000-4000-8000-00000009e070', 'a0000000-0000-4000-8000-000000d00103', 'a0000000-0000-4000-8000-000000d00106'),
  ('a0000000-0000-4000-8000-00000009e071', 'a0000000-0000-4000-8000-000000d00203', 'a0000000-0000-4000-8000-000000d00206'),
  ('a0000000-0000-4000-8000-00000009e072', 'a0000000-0000-4000-8000-000000d00303', 'a0000000-0000-4000-8000-000000d00306'),
  ('a0000000-0000-4000-8000-00000009e073', 'a0000000-0000-4000-8000-000000d00403', 'a0000000-0000-4000-8000-000000d00406'),
  ('a0000000-0000-4000-8000-00000009e074', 'a0000000-0000-4000-8000-000000d00503', 'a0000000-0000-4000-8000-000000d00506'),
  ('a0000000-0000-4000-8000-00000009e075', 'a0000000-0000-4000-8000-000000d00603', 'a0000000-0000-4000-8000-000000d00606'),
  ('a0000000-0000-4000-8000-00000009e076', 'a0000000-0000-4000-8000-000000d00703', 'a0000000-0000-4000-8000-000000d00706'),
  ('a0000000-0000-4000-8000-00000009e077', 'a0000000-0000-4000-8000-000000d00803', 'a0000000-0000-4000-8000-000000d00806'),
  ('a0000000-0000-4000-8000-00000009e078', 'a0000000-0000-4000-8000-000000d00903', 'a0000000-0000-4000-8000-000000d00906'),
  ('a0000000-0000-4000-8000-00000009e079', 'a0000000-0000-4000-8000-000000d01003', 'a0000000-0000-4000-8000-000000d01006'),
  ('a0000000-0000-4000-8000-00000009e080', 'a0000000-0000-4000-8000-000000d01103', 'a0000000-0000-4000-8000-000000d01106'),
  ('a0000000-0000-4000-8000-00000009e081', 'a0000000-0000-4000-8000-000000d01203', 'a0000000-0000-4000-8000-000000d01206'),
  ('a0000000-0000-4000-8000-00000009e062', 'a0000000-0000-4000-8000-000000d01203', 'a0000000-0000-4000-8000-000000d00103')
on conflict (id) do update set source_cell_id = excluded.source_cell_id, target_cell_id = excluded.target_cell_id;
