-- Goal Setting scenario — Set Goals Edge Case path
-- Stable keys map to src/data/goalSettingSetGoalsEdgeCasePathFallback.ts

-- Set Goals Edge Case
insert into public.paths (id, service_scenario_id, name, description, path_type)
values ('a0000000-0000-4000-8000-000000000816', 'a0000000-0000-4000-8000-000000000204', 'Set Goals Edge Case', 'Goal cycle began and deadline not reached, but student did not set goals last session and student has no prior goals.', 'alternative')
on conflict (id) do update set service_scenario_id = excluded.service_scenario_id, name = excluded.name, description = excluded.description, path_type = excluded.path_type;
delete from public.cell_triggers where source_cell_id in (select id from public.cells where path_id = 'a0000000-0000-4000-8000-000000000816');
delete from public.cells where path_id = 'a0000000-0000-4000-8000-000000000816';
delete from public.layers where path_id = 'a0000000-0000-4000-8000-000000000816';
delete from public.path_steps where path_id = 'a0000000-0000-4000-8000-000000000816';
insert into public.layers (id, path_id, name, row_position)
values
  ('a0000000-0000-4000-8000-0000000008e0', 'a0000000-0000-4000-8000-000000000816', 'Visual', 0),
  ('a0000000-0000-4000-8000-0000000008e1', 'a0000000-0000-4000-8000-000000000816', 'Partner Action: Teacher', 1),
  ('a0000000-0000-4000-8000-0000000008e2', 'a0000000-0000-4000-8000-000000000816', 'Lead Tutor', 2),
  ('a0000000-0000-4000-8000-0000000008e3', 'a0000000-0000-4000-8000-000000000816', 'Regular Tutor', 3),
  ('a0000000-0000-4000-8000-0000000008e5', 'a0000000-0000-4000-8000-000000000816', 'Front Stage Tech', 4),
  ('a0000000-0000-4000-8000-0000000008e4', 'a0000000-0000-4000-8000-000000000816', 'Front Stage Actions', 5),
  ('a0000000-0000-4000-8000-0000000008e7', 'a0000000-0000-4000-8000-000000000816', 'Back Stage Tech', 6),
  ('a0000000-0000-4000-8000-0000000008e6', 'a0000000-0000-4000-8000-000000000816', 'Back Stage Actions', 7),
  ('a0000000-0000-4000-8000-0000000008e8', 'a0000000-0000-4000-8000-000000000816', 'Support Actions', 8)
on conflict (id) do update set name = excluded.name, row_position = excluded.row_position, path_id = excluded.path_id;
insert into public.steps (id, service_scenario_id, name)
values
  ('a0000000-0000-4000-8000-000000009f01', 'a0000000-0000-4000-8000-000000000204', 'Join breakout session'),
  ('a0000000-0000-4000-8000-000000009f02', 'a0000000-0000-4000-8000-000000000204', 'Sees action color in dashboard is warning and CTA copy is ''Set Goals'' within a mid-cycle goal check-in session.'),
  ('a0000000-0000-4000-8000-000000009f03', 'a0000000-0000-4000-8000-000000000204', 'Click on ''Set Goals'' CTA in the action column'),
  ('a0000000-0000-4000-8000-000000009f04', 'a0000000-0000-4000-8000-000000000204', 'Share screen'),
  ('a0000000-0000-4000-8000-000000009f05', 'a0000000-0000-4000-8000-000000000204', 'Explain to student what goal setting is'),
  ('a0000000-0000-4000-8000-000000009f06', 'a0000000-0000-4000-8000-000000000204', 'Once student understands, starts setting first goal while sharing screen'),
  ('a0000000-0000-4000-8000-000000009f07', 'a0000000-0000-4000-8000-000000000204', 'Fill out goal settings and quantity with the student'),
  ('a0000000-0000-4000-8000-000000009f08', 'a0000000-0000-4000-8000-000000000204', 'If prompted, fill out goal achievement strategy with the student'),
  ('a0000000-0000-4000-8000-000000009f09', 'a0000000-0000-4000-8000-000000000204', 'Save goal'),
  ('a0000000-0000-4000-8000-000000009f0a', 'a0000000-0000-4000-8000-000000000204', 'Finalize goal setting with student'),
  ('a0000000-0000-4000-8000-000000009f0b', 'a0000000-0000-4000-8000-000000000204', 'Leave breakout room'),
  ('a0000000-0000-4000-8000-000000009f0c', 'a0000000-0000-4000-8000-000000000204', 'Move on to the next student in sorted order set by researchers')
on conflict (id) do update set name = excluded.name, service_scenario_id = excluded.service_scenario_id;
insert into public.path_steps (path_id, step_id, column_position)
values
  ('a0000000-0000-4000-8000-000000000816', 'a0000000-0000-4000-8000-000000009f01', 1),
  ('a0000000-0000-4000-8000-000000000816', 'a0000000-0000-4000-8000-000000009f02', 2),
  ('a0000000-0000-4000-8000-000000000816', 'a0000000-0000-4000-8000-000000009f03', 3),
  ('a0000000-0000-4000-8000-000000000816', 'a0000000-0000-4000-8000-000000009f04', 4),
  ('a0000000-0000-4000-8000-000000000816', 'a0000000-0000-4000-8000-000000009f05', 5),
  ('a0000000-0000-4000-8000-000000000816', 'a0000000-0000-4000-8000-000000009f06', 6),
  ('a0000000-0000-4000-8000-000000000816', 'a0000000-0000-4000-8000-000000009f07', 7),
  ('a0000000-0000-4000-8000-000000000816', 'a0000000-0000-4000-8000-000000009f08', 8),
  ('a0000000-0000-4000-8000-000000000816', 'a0000000-0000-4000-8000-000000009f09', 9),
  ('a0000000-0000-4000-8000-000000000816', 'a0000000-0000-4000-8000-000000009f0a', 10),
  ('a0000000-0000-4000-8000-000000000816', 'a0000000-0000-4000-8000-000000009f0b', 11),
  ('a0000000-0000-4000-8000-000000000816', 'a0000000-0000-4000-8000-000000009f0c', 12)
on conflict (path_id, step_id) do update set column_position = excluded.column_position;
insert into public.cells (id, path_id, layer_id, step_id, content)
values
  ('a0000000-0000-4000-8000-000000c00110', 'a0000000-0000-4000-8000-000000000816', 'a0000000-0000-4000-8000-0000000008e0', 'a0000000-0000-4000-8000-000000009f01', ''),
  ('a0000000-0000-4000-8000-000000c00210', 'a0000000-0000-4000-8000-000000000816', 'a0000000-0000-4000-8000-0000000008e0', 'a0000000-0000-4000-8000-000000009f02', ''),
  ('a0000000-0000-4000-8000-000000c00310', 'a0000000-0000-4000-8000-000000000816', 'a0000000-0000-4000-8000-0000000008e0', 'a0000000-0000-4000-8000-000000009f03', ''),
  ('a0000000-0000-4000-8000-000000c00410', 'a0000000-0000-4000-8000-000000000816', 'a0000000-0000-4000-8000-0000000008e0', 'a0000000-0000-4000-8000-000000009f04', ''),
  ('a0000000-0000-4000-8000-000000c00510', 'a0000000-0000-4000-8000-000000000816', 'a0000000-0000-4000-8000-0000000008e0', 'a0000000-0000-4000-8000-000000009f05', ''),
  ('a0000000-0000-4000-8000-000000c00610', 'a0000000-0000-4000-8000-000000000816', 'a0000000-0000-4000-8000-0000000008e0', 'a0000000-0000-4000-8000-000000009f06', ''),
  ('a0000000-0000-4000-8000-000000c00710', 'a0000000-0000-4000-8000-000000000816', 'a0000000-0000-4000-8000-0000000008e0', 'a0000000-0000-4000-8000-000000009f07', ''),
  ('a0000000-0000-4000-8000-000000c00810', 'a0000000-0000-4000-8000-000000000816', 'a0000000-0000-4000-8000-0000000008e0', 'a0000000-0000-4000-8000-000000009f08', ''),
  ('a0000000-0000-4000-8000-000000c00910', 'a0000000-0000-4000-8000-000000000816', 'a0000000-0000-4000-8000-0000000008e0', 'a0000000-0000-4000-8000-000000009f09', ''),
  ('a0000000-0000-4000-8000-000000c01010', 'a0000000-0000-4000-8000-000000000816', 'a0000000-0000-4000-8000-0000000008e0', 'a0000000-0000-4000-8000-000000009f0a', ''),
  ('a0000000-0000-4000-8000-000000c01110', 'a0000000-0000-4000-8000-000000000816', 'a0000000-0000-4000-8000-0000000008e0', 'a0000000-0000-4000-8000-000000009f0b', ''),
  ('a0000000-0000-4000-8000-000000c01210', 'a0000000-0000-4000-8000-000000000816', 'a0000000-0000-4000-8000-0000000008e0', 'a0000000-0000-4000-8000-000000009f0c', ''),
  ('a0000000-0000-4000-8000-000000c00101', 'a0000000-0000-4000-8000-000000000816', 'a0000000-0000-4000-8000-0000000008e1', 'a0000000-0000-4000-8000-000000009f01', 'Circulate and quietly observe the students.'),
  ('a0000000-0000-4000-8000-000000c00201', 'a0000000-0000-4000-8000-000000000816', 'a0000000-0000-4000-8000-0000000008e1', 'a0000000-0000-4000-8000-000000009f02', 'Remind students to keep working while waiting.'),
  ('a0000000-0000-4000-8000-000000c00301', 'a0000000-0000-4000-8000-000000000816', 'a0000000-0000-4000-8000-0000000008e1', 'a0000000-0000-4000-8000-000000009f03', 'Checks if all students are in the correct breakout room.'),
  ('a0000000-0000-4000-8000-000000c00401', 'a0000000-0000-4000-8000-000000000816', 'a0000000-0000-4000-8000-0000000008e1', 'a0000000-0000-4000-8000-000000009f04', 'Receives information that student is absent from session.'),
  ('a0000000-0000-4000-8000-000000c00501', 'a0000000-0000-4000-8000-000000000816', 'a0000000-0000-4000-8000-0000000008e1', 'a0000000-0000-4000-8000-000000009f05', 'Alerts lead tutor about unassigned or miss-assigned students using the "ask for help" alert.'),
  ('a0000000-0000-4000-8000-000000c00601', 'a0000000-0000-4000-8000-000000000816', 'a0000000-0000-4000-8000-0000000008e1', 'a0000000-0000-4000-8000-000000009f06', 'Handles student tech problems as they arise.'),
  ('a0000000-0000-4000-8000-000000c00701', 'a0000000-0000-4000-8000-000000000816', 'a0000000-0000-4000-8000-0000000008e1', 'a0000000-0000-4000-8000-000000009f07', 'Escalates unresolved issues to tutors@tutor.plus promptly.'),
  ('a0000000-0000-4000-8000-000000c00102', 'a0000000-0000-4000-8000-000000000816', 'a0000000-0000-4000-8000-0000000008e2', 'a0000000-0000-4000-8000-000000009f01', 'Rename students to match roster name.'),
  ('a0000000-0000-4000-8000-000000c00202', 'a0000000-0000-4000-8000-000000000816', 'a0000000-0000-4000-8000-0000000008e2', 'a0000000-0000-4000-8000-000000009f02', 'Add any un-rostered students to attendance list.'),
  ('a0000000-0000-4000-8000-000000c00302', 'a0000000-0000-4000-8000-000000000816', 'a0000000-0000-4000-8000-0000000008e2', 'a0000000-0000-4000-8000-000000009f03', 'Manually assign unpaired students to available tutors.'),
  ('a0000000-0000-4000-8000-000000c00402', 'a0000000-0000-4000-8000-000000000816', 'a0000000-0000-4000-8000-0000000008e2', 'a0000000-0000-4000-8000-000000009f04', 'Inform classroom teacher about students that are absent.'),
  ('a0000000-0000-4000-8000-000000c00502', 'a0000000-0000-4000-8000-000000000816', 'a0000000-0000-4000-8000-0000000008e2', 'a0000000-0000-4000-8000-000000009f05', 'Respond to classroom teachers "ask for help" request.'),
  ('a0000000-0000-4000-8000-000000c00103', 'a0000000-0000-4000-8000-000000000816', 'a0000000-0000-4000-8000-0000000008e3', 'a0000000-0000-4000-8000-000000009f01', 'Join breakout session.'),
  ('a0000000-0000-4000-8000-000000c00203', 'a0000000-0000-4000-8000-000000000816', 'a0000000-0000-4000-8000-0000000008e3', 'a0000000-0000-4000-8000-000000009f02', 'Sees action color in dashboard is warning and CTA copy is ''Set Goals'' within a mid-cycle goal check-in session.'),
  ('a0000000-0000-4000-8000-000000c00303', 'a0000000-0000-4000-8000-000000000816', 'a0000000-0000-4000-8000-0000000008e3', 'a0000000-0000-4000-8000-000000009f03', 'Click on ''Set Goals'' CTA in the action column.'),
  ('a0000000-0000-4000-8000-000000c00403', 'a0000000-0000-4000-8000-000000000816', 'a0000000-0000-4000-8000-0000000008e3', 'a0000000-0000-4000-8000-000000009f04', 'Share screen.'),
  ('a0000000-0000-4000-8000-000000c00503', 'a0000000-0000-4000-8000-000000000816', 'a0000000-0000-4000-8000-0000000008e3', 'a0000000-0000-4000-8000-000000009f05', 'Explain to student what goal setting is.'),
  ('a0000000-0000-4000-8000-000000c00603', 'a0000000-0000-4000-8000-000000000816', 'a0000000-0000-4000-8000-0000000008e3', 'a0000000-0000-4000-8000-000000009f06', 'Once student understands, starts setting first goal while sharing screen.'),
  ('a0000000-0000-4000-8000-000000c00703', 'a0000000-0000-4000-8000-000000000816', 'a0000000-0000-4000-8000-0000000008e3', 'a0000000-0000-4000-8000-000000009f07', 'Fill out goal settings and quantity with the student.'),
  ('a0000000-0000-4000-8000-000000c00803', 'a0000000-0000-4000-8000-000000000816', 'a0000000-0000-4000-8000-0000000008e3', 'a0000000-0000-4000-8000-000000009f08', 'If prompted, fill out goal achievement strategy with the student.'),
  ('a0000000-0000-4000-8000-000000c00903', 'a0000000-0000-4000-8000-000000000816', 'a0000000-0000-4000-8000-0000000008e3', 'a0000000-0000-4000-8000-000000009f09', 'Save goal.'),
  ('a0000000-0000-4000-8000-000000c01003', 'a0000000-0000-4000-8000-000000000816', 'a0000000-0000-4000-8000-0000000008e3', 'a0000000-0000-4000-8000-000000009f0a', 'Finalize goal setting with student.'),
  ('a0000000-0000-4000-8000-000000c01103', 'a0000000-0000-4000-8000-000000000816', 'a0000000-0000-4000-8000-0000000008e3', 'a0000000-0000-4000-8000-000000009f0b', 'Leave breakout room.'),
  ('a0000000-0000-4000-8000-000000c01203', 'a0000000-0000-4000-8000-000000000816', 'a0000000-0000-4000-8000-0000000008e3', 'a0000000-0000-4000-8000-000000009f0c', 'Move on to the next student in sorted order set by researchers.'),
  ('a0000000-0000-4000-8000-000000c00106', 'a0000000-0000-4000-8000-000000000816', 'a0000000-0000-4000-8000-0000000008e4', 'a0000000-0000-4000-8000-000000009f01', 'Zoom/Pencil'),
  ('a0000000-0000-4000-8000-000000c00206', 'a0000000-0000-4000-8000-000000000816', 'a0000000-0000-4000-8000-0000000008e4', 'a0000000-0000-4000-8000-000000009f02', 'PLUS App'),
  ('a0000000-0000-4000-8000-000000c00306', 'a0000000-0000-4000-8000-000000000816', 'a0000000-0000-4000-8000-0000000008e4', 'a0000000-0000-4000-8000-000000009f03', 'PLUS App'),
  ('a0000000-0000-4000-8000-000000c00406', 'a0000000-0000-4000-8000-000000000816', 'a0000000-0000-4000-8000-0000000008e4', 'a0000000-0000-4000-8000-000000009f04', 'Zoom/Pencil, PLUS App'),
  ('a0000000-0000-4000-8000-000000c00506', 'a0000000-0000-4000-8000-000000000816', 'a0000000-0000-4000-8000-0000000008e4', 'a0000000-0000-4000-8000-000000009f05', 'Zoom/Pencil'),
  ('a0000000-0000-4000-8000-000000c00606', 'a0000000-0000-4000-8000-000000000816', 'a0000000-0000-4000-8000-0000000008e4', 'a0000000-0000-4000-8000-000000009f06', 'Zoom/Pencil, PLUS App'),
  ('a0000000-0000-4000-8000-000000c00706', 'a0000000-0000-4000-8000-000000000816', 'a0000000-0000-4000-8000-0000000008e4', 'a0000000-0000-4000-8000-000000009f07', 'Zoom/Pencil, PLUS App'),
  ('a0000000-0000-4000-8000-000000c00806', 'a0000000-0000-4000-8000-000000000816', 'a0000000-0000-4000-8000-0000000008e4', 'a0000000-0000-4000-8000-000000009f08', 'Zoom/Pencil, PLUS App'),
  ('a0000000-0000-4000-8000-000000c00906', 'a0000000-0000-4000-8000-000000000816', 'a0000000-0000-4000-8000-0000000008e4', 'a0000000-0000-4000-8000-000000009f09', 'Zoom/Pencil, PLUS App'),
  ('a0000000-0000-4000-8000-000000c01006', 'a0000000-0000-4000-8000-000000000816', 'a0000000-0000-4000-8000-0000000008e4', 'a0000000-0000-4000-8000-000000009f0a', 'Zoom/Pencil, PLUS App'),
  ('a0000000-0000-4000-8000-000000c01106', 'a0000000-0000-4000-8000-000000000816', 'a0000000-0000-4000-8000-0000000008e4', 'a0000000-0000-4000-8000-000000009f0b', 'Zoom/Pencil'),
  ('a0000000-0000-4000-8000-000000c01206', 'a0000000-0000-4000-8000-000000000816', 'a0000000-0000-4000-8000-0000000008e4', 'a0000000-0000-4000-8000-000000009f0c', 'PLUS App'),
  ('a0000000-0000-4000-8000-000000c00507', 'a0000000-0000-4000-8000-000000000816', 'a0000000-0000-4000-8000-0000000008e6', 'a0000000-0000-4000-8000-000000009f05', 'Researchers set goal setting activities.'),
  ('a0000000-0000-4000-8000-000000c00607', 'a0000000-0000-4000-8000-000000000816', 'a0000000-0000-4000-8000-0000000008e6', 'a0000000-0000-4000-8000-000000009f06', 'Researchers set goal setting activities.'),
  ('a0000000-0000-4000-8000-000000c00707', 'a0000000-0000-4000-8000-000000000816', 'a0000000-0000-4000-8000-0000000008e6', 'a0000000-0000-4000-8000-000000009f07', 'Researchers set goal setting activities.'),
  ('a0000000-0000-4000-8000-000000c00807', 'a0000000-0000-4000-8000-000000000816', 'a0000000-0000-4000-8000-0000000008e6', 'a0000000-0000-4000-8000-000000009f08', 'Researchers set goal setting activities.'),
  ('a0000000-0000-4000-8000-000000c00907', 'a0000000-0000-4000-8000-000000000816', 'a0000000-0000-4000-8000-0000000008e6', 'a0000000-0000-4000-8000-000000009f09', 'Researchers set goal setting activities.'),
  ('a0000000-0000-4000-8000-000000c01007', 'a0000000-0000-4000-8000-000000000816', 'a0000000-0000-4000-8000-0000000008e6', 'a0000000-0000-4000-8000-000000009f0a', 'Researchers set goal setting activities.'),
  ('a0000000-0000-4000-8000-000000c01207', 'a0000000-0000-4000-8000-000000000816', 'a0000000-0000-4000-8000-0000000008e6', 'a0000000-0000-4000-8000-000000009f0c', 'Researchers set student order.'),
  ('a0000000-0000-4000-8000-000000c00209', 'a0000000-0000-4000-8000-000000000816', 'a0000000-0000-4000-8000-0000000008e8', 'a0000000-0000-4000-8000-000000009f02', E'Dev Team\nDesign Team'),
  ('a0000000-0000-4000-8000-000000c00309', 'a0000000-0000-4000-8000-000000000816', 'a0000000-0000-4000-8000-0000000008e8', 'a0000000-0000-4000-8000-000000009f03', E'Dev Team\nDesign Team'),
  ('a0000000-0000-4000-8000-000000c00409', 'a0000000-0000-4000-8000-000000000816', 'a0000000-0000-4000-8000-0000000008e8', 'a0000000-0000-4000-8000-000000009f04', E'Dev Team\nDesign Team'),
  ('a0000000-0000-4000-8000-000000c00509', 'a0000000-0000-4000-8000-000000000816', 'a0000000-0000-4000-8000-0000000008e8', 'a0000000-0000-4000-8000-000000009f05', E'Dev Team\nDesign Team'),
  ('a0000000-0000-4000-8000-000000c00609', 'a0000000-0000-4000-8000-000000000816', 'a0000000-0000-4000-8000-0000000008e8', 'a0000000-0000-4000-8000-000000009f06', E'Dev Team\nDesign Team'),
  ('a0000000-0000-4000-8000-000000c00709', 'a0000000-0000-4000-8000-000000000816', 'a0000000-0000-4000-8000-0000000008e8', 'a0000000-0000-4000-8000-000000009f07', E'Dev Team\nDesign Team'),
  ('a0000000-0000-4000-8000-000000c00809', 'a0000000-0000-4000-8000-000000000816', 'a0000000-0000-4000-8000-0000000008e8', 'a0000000-0000-4000-8000-000000009f08', E'Dev Team\nDesign Team'),
  ('a0000000-0000-4000-8000-000000c00909', 'a0000000-0000-4000-8000-000000000816', 'a0000000-0000-4000-8000-0000000008e8', 'a0000000-0000-4000-8000-000000009f09', E'Dev Team\nDesign Team'),
  ('a0000000-0000-4000-8000-000000c01009', 'a0000000-0000-4000-8000-000000000816', 'a0000000-0000-4000-8000-0000000008e8', 'a0000000-0000-4000-8000-000000009f0a', E'Dev Team\nDesign Team'),
  ('a0000000-0000-4000-8000-000000c01209', 'a0000000-0000-4000-8000-000000000816', 'a0000000-0000-4000-8000-0000000008e8', 'a0000000-0000-4000-8000-000000009f0c', E'Dev Team\nDesign Team')
on conflict (id) do update set path_id = excluded.path_id, layer_id = excluded.layer_id, step_id = excluded.step_id, content = excluded.content;
insert into public.cell_triggers (id, source_cell_id, target_cell_id)
values
  ('a0000000-0000-4000-8000-00000009f001', 'a0000000-0000-4000-8000-000000c00101', 'a0000000-0000-4000-8000-000000c00201'),
  ('a0000000-0000-4000-8000-00000009f002', 'a0000000-0000-4000-8000-000000c00201', 'a0000000-0000-4000-8000-000000c00301'),
  ('a0000000-0000-4000-8000-00000009f003', 'a0000000-0000-4000-8000-000000c00301', 'a0000000-0000-4000-8000-000000c00401'),
  ('a0000000-0000-4000-8000-00000009f004', 'a0000000-0000-4000-8000-000000c00401', 'a0000000-0000-4000-8000-000000c00501'),
  ('a0000000-0000-4000-8000-00000009f005', 'a0000000-0000-4000-8000-000000c00501', 'a0000000-0000-4000-8000-000000c00601'),
  ('a0000000-0000-4000-8000-00000009f006', 'a0000000-0000-4000-8000-000000c00601', 'a0000000-0000-4000-8000-000000c00701'),
  ('a0000000-0000-4000-8000-00000009f020', 'a0000000-0000-4000-8000-000000c00102', 'a0000000-0000-4000-8000-000000c00202'),
  ('a0000000-0000-4000-8000-00000009f021', 'a0000000-0000-4000-8000-000000c00202', 'a0000000-0000-4000-8000-000000c00302'),
  ('a0000000-0000-4000-8000-00000009f022', 'a0000000-0000-4000-8000-000000c00302', 'a0000000-0000-4000-8000-000000c00402'),
  ('a0000000-0000-4000-8000-00000009f023', 'a0000000-0000-4000-8000-000000c00402', 'a0000000-0000-4000-8000-000000c00502'),
  ('a0000000-0000-4000-8000-00000009f033', 'a0000000-0000-4000-8000-000000c00402', 'a0000000-0000-4000-8000-000000c00401'),
  ('a0000000-0000-4000-8000-00000009f034', 'a0000000-0000-4000-8000-000000c00401', 'a0000000-0000-4000-8000-000000c00402'),
  ('a0000000-0000-4000-8000-00000009f035', 'a0000000-0000-4000-8000-000000c00502', 'a0000000-0000-4000-8000-000000c00501'),
  ('a0000000-0000-4000-8000-00000009f036', 'a0000000-0000-4000-8000-000000c00501', 'a0000000-0000-4000-8000-000000c00502'),
  ('a0000000-0000-4000-8000-00000009f041', 'a0000000-0000-4000-8000-000000c00701', 'a0000000-0000-4000-8000-000000c00101'),
  ('a0000000-0000-4000-8000-00000009f042', 'a0000000-0000-4000-8000-000000c00502', 'a0000000-0000-4000-8000-000000c00102'),
  ('a0000000-0000-4000-8000-00000009f050', 'a0000000-0000-4000-8000-000000c00103', 'a0000000-0000-4000-8000-000000c00203'),
  ('a0000000-0000-4000-8000-00000009f051', 'a0000000-0000-4000-8000-000000c00203', 'a0000000-0000-4000-8000-000000c00303'),
  ('a0000000-0000-4000-8000-00000009f052', 'a0000000-0000-4000-8000-000000c00303', 'a0000000-0000-4000-8000-000000c00403'),
  ('a0000000-0000-4000-8000-00000009f053', 'a0000000-0000-4000-8000-000000c00403', 'a0000000-0000-4000-8000-000000c00503'),
  ('a0000000-0000-4000-8000-00000009f054', 'a0000000-0000-4000-8000-000000c00503', 'a0000000-0000-4000-8000-000000c00603'),
  ('a0000000-0000-4000-8000-00000009f055', 'a0000000-0000-4000-8000-000000c00603', 'a0000000-0000-4000-8000-000000c00703'),
  ('a0000000-0000-4000-8000-00000009f056', 'a0000000-0000-4000-8000-000000c00703', 'a0000000-0000-4000-8000-000000c00803'),
  ('a0000000-0000-4000-8000-00000009f057', 'a0000000-0000-4000-8000-000000c00803', 'a0000000-0000-4000-8000-000000c00903'),
  ('a0000000-0000-4000-8000-00000009f058', 'a0000000-0000-4000-8000-000000c00903', 'a0000000-0000-4000-8000-000000c01003'),
  ('a0000000-0000-4000-8000-00000009f059', 'a0000000-0000-4000-8000-000000c01003', 'a0000000-0000-4000-8000-000000c01103'),
  ('a0000000-0000-4000-8000-00000009f060', 'a0000000-0000-4000-8000-000000c01103', 'a0000000-0000-4000-8000-000000c01203'),
  ('a0000000-0000-4000-8000-00000009f070', 'a0000000-0000-4000-8000-000000c00103', 'a0000000-0000-4000-8000-000000c00106'),
  ('a0000000-0000-4000-8000-00000009f071', 'a0000000-0000-4000-8000-000000c00203', 'a0000000-0000-4000-8000-000000c00206'),
  ('a0000000-0000-4000-8000-00000009f072', 'a0000000-0000-4000-8000-000000c00303', 'a0000000-0000-4000-8000-000000c00306'),
  ('a0000000-0000-4000-8000-00000009f073', 'a0000000-0000-4000-8000-000000c00403', 'a0000000-0000-4000-8000-000000c00406'),
  ('a0000000-0000-4000-8000-00000009f074', 'a0000000-0000-4000-8000-000000c00503', 'a0000000-0000-4000-8000-000000c00506'),
  ('a0000000-0000-4000-8000-00000009f075', 'a0000000-0000-4000-8000-000000c00603', 'a0000000-0000-4000-8000-000000c00606'),
  ('a0000000-0000-4000-8000-00000009f076', 'a0000000-0000-4000-8000-000000c00703', 'a0000000-0000-4000-8000-000000c00706'),
  ('a0000000-0000-4000-8000-00000009f077', 'a0000000-0000-4000-8000-000000c00803', 'a0000000-0000-4000-8000-000000c00806'),
  ('a0000000-0000-4000-8000-00000009f078', 'a0000000-0000-4000-8000-000000c00903', 'a0000000-0000-4000-8000-000000c00906'),
  ('a0000000-0000-4000-8000-00000009f079', 'a0000000-0000-4000-8000-000000c01003', 'a0000000-0000-4000-8000-000000c01006'),
  ('a0000000-0000-4000-8000-00000009f080', 'a0000000-0000-4000-8000-000000c01103', 'a0000000-0000-4000-8000-000000c01106'),
  ('a0000000-0000-4000-8000-00000009f081', 'a0000000-0000-4000-8000-000000c01203', 'a0000000-0000-4000-8000-000000c01206'),
  ('a0000000-0000-4000-8000-00000009f062', 'a0000000-0000-4000-8000-000000c01203', 'a0000000-0000-4000-8000-000000c00103')
on conflict (id) do update set source_cell_id = excluded.source_cell_id, target_cell_id = excluded.target_cell_id;
