-- In-session → Goal-Setting Phase scenario — Happy Path
-- Stable keys map to fixed UUIDs in src/data/goalSettingHappyPathFallback.ts

update public.service_scenarios
set
  description = 'Tutors guide students through goal setting in breakout sessions.',
  view_type = 'side-by-side'
where id = 'a0000000-0000-4000-8000-000000000204';

insert into public.paths (id, service_scenario_id, name, description, path_type)
values (
  'a0000000-0000-4000-8000-00000000080c',
  'a0000000-0000-4000-8000-000000000204',
  'Happy Path',
  'General overview of tutors guiding students through goal-setting activities in breakout sessions. For a more detailed look at the activities, see the other paths in this scenario.',
  'happy'
)
on conflict (id) do update set
  service_scenario_id = excluded.service_scenario_id,
  name = excluded.name,
  description = excluded.description,
  path_type = excluded.path_type;

delete from public.cell_triggers
where source_cell_id in (
  select id from public.cells
  where path_id = 'a0000000-0000-4000-8000-00000000080c'
);

delete from public.cells
where path_id = 'a0000000-0000-4000-8000-00000000080c';

delete from public.layers
where path_id = 'a0000000-0000-4000-8000-00000000080c';

insert into public.layers (id, path_id, name, row_position)
values
  ('a0000000-0000-4000-8000-000000000850', 'a0000000-0000-4000-8000-00000000080c', 'Visual', 0),
  ('a0000000-0000-4000-8000-000000000857', 'a0000000-0000-4000-8000-00000000080c', 'Partner Action: Teacher', 1),
  ('a0000000-0000-4000-8000-000000000858', 'a0000000-0000-4000-8000-00000000080c', 'Lead Tutor', 2),
  ('a0000000-0000-4000-8000-000000000851', 'a0000000-0000-4000-8000-00000000080c', 'Regular Tutor', 3),
  ('a0000000-0000-4000-8000-000000000852', 'a0000000-0000-4000-8000-00000000080c', 'Front Stage Tech', 4),
  ('a0000000-0000-4000-8000-000000000853', 'a0000000-0000-4000-8000-00000000080c', 'Front Stage Actions', 5),
  ('a0000000-0000-4000-8000-000000000855', 'a0000000-0000-4000-8000-00000000080c', 'Back Stage Tech', 6),
  ('a0000000-0000-4000-8000-000000000854', 'a0000000-0000-4000-8000-00000000080c', 'Back Stage Actions', 7),
  ('a0000000-0000-4000-8000-000000000856', 'a0000000-0000-4000-8000-00000000080c', 'Support Actions', 8)
on conflict (id) do update set
  name = excluded.name,
  row_position = excluded.row_position,
  path_id = excluded.path_id;

insert into public.steps (id, service_scenario_id, name)
values
  ('a0000000-0000-4000-8000-000000000970', 'a0000000-0000-4000-8000-000000000204', 'Join breakout session'),
  ('a0000000-0000-4000-8000-000000000971', 'a0000000-0000-4000-8000-000000000204', 'Share screen'),
  ('a0000000-0000-4000-8000-000000000972', 'a0000000-0000-4000-8000-000000000204', 'Set or check goal'),
  ('a0000000-0000-4000-8000-000000000973', 'a0000000-0000-4000-8000-000000000204', 'Complete goal strategy'),
  ('a0000000-0000-4000-8000-000000000984', 'a0000000-0000-4000-8000-000000000204', 'Finalize goal activity with student'),
  ('a0000000-0000-4000-8000-000000000985', 'a0000000-0000-4000-8000-000000000204', 'Leave breakout room'),
  ('a0000000-0000-4000-8000-000000000974', 'a0000000-0000-4000-8000-000000000204', 'Next student')
on conflict (id) do update set
  name = excluded.name,
  service_scenario_id = excluded.service_scenario_id;

delete from public.path_steps
where path_id = 'a0000000-0000-4000-8000-00000000080c';

insert into public.path_steps (path_id, step_id, column_position)
values
  ('a0000000-0000-4000-8000-00000000080c', 'a0000000-0000-4000-8000-000000000970', 1),
  ('a0000000-0000-4000-8000-00000000080c', 'a0000000-0000-4000-8000-000000000971', 2),
  ('a0000000-0000-4000-8000-00000000080c', 'a0000000-0000-4000-8000-000000000972', 3),
  ('a0000000-0000-4000-8000-00000000080c', 'a0000000-0000-4000-8000-000000000973', 4),
  ('a0000000-0000-4000-8000-00000000080c', 'a0000000-0000-4000-8000-000000000984', 5),
  ('a0000000-0000-4000-8000-00000000080c', 'a0000000-0000-4000-8000-000000000985', 6),
  ('a0000000-0000-4000-8000-00000000080c', 'a0000000-0000-4000-8000-000000000974', 7)
on conflict (path_id, step_id) do update set
  column_position = excluded.column_position;

insert into public.cells (id, path_id, layer_id, step_id, content)
values
  ('a0000000-0000-4000-8000-0000001a0110', 'a0000000-0000-4000-8000-00000000080c', 'a0000000-0000-4000-8000-000000000850', 'a0000000-0000-4000-8000-000000000970', ''),
  ('a0000000-0000-4000-8000-0000001a0210', 'a0000000-0000-4000-8000-00000000080c', 'a0000000-0000-4000-8000-000000000850', 'a0000000-0000-4000-8000-000000000971', ''),
  ('a0000000-0000-4000-8000-0000001a0310', 'a0000000-0000-4000-8000-00000000080c', 'a0000000-0000-4000-8000-000000000850', 'a0000000-0000-4000-8000-000000000972', ''),
  ('a0000000-0000-4000-8000-0000001a0410', 'a0000000-0000-4000-8000-00000000080c', 'a0000000-0000-4000-8000-000000000850', 'a0000000-0000-4000-8000-000000000973', ''),
  ('a0000000-0000-4000-8000-0000001a0510', 'a0000000-0000-4000-8000-00000000080c', 'a0000000-0000-4000-8000-000000000850', 'a0000000-0000-4000-8000-000000000984', ''),
  ('a0000000-0000-4000-8000-0000001a0610', 'a0000000-0000-4000-8000-00000000080c', 'a0000000-0000-4000-8000-000000000850', 'a0000000-0000-4000-8000-000000000985', ''),
  ('a0000000-0000-4000-8000-0000001a0710', 'a0000000-0000-4000-8000-00000000080c', 'a0000000-0000-4000-8000-000000000850', 'a0000000-0000-4000-8000-000000000974', ''),
  ('a0000000-0000-4000-8000-0000001a0101', 'a0000000-0000-4000-8000-00000000080c', 'a0000000-0000-4000-8000-000000000857', 'a0000000-0000-4000-8000-000000000970', 'Circulate and quietly observe the students.'),
  ('a0000000-0000-4000-8000-0000001a0201', 'a0000000-0000-4000-8000-00000000080c', 'a0000000-0000-4000-8000-000000000857', 'a0000000-0000-4000-8000-000000000971', 'Remind students to keep working while waiting.'),
  ('a0000000-0000-4000-8000-0000001a0301', 'a0000000-0000-4000-8000-00000000080c', 'a0000000-0000-4000-8000-000000000857', 'a0000000-0000-4000-8000-000000000972', 'Checks if all students are in the correct breakout room.'),
  ('a0000000-0000-4000-8000-0000001a0401', 'a0000000-0000-4000-8000-00000000080c', 'a0000000-0000-4000-8000-000000000857', 'a0000000-0000-4000-8000-000000000973', 'Receives information that student is absent from session.'),
  ('a0000000-0000-4000-8000-0000001a0501', 'a0000000-0000-4000-8000-00000000080c', 'a0000000-0000-4000-8000-000000000857', 'a0000000-0000-4000-8000-000000000984', 'Alerts lead tutor about unassigned or miss-assigned students using the "ask for help" alert.'),
  ('a0000000-0000-4000-8000-0000001a0601', 'a0000000-0000-4000-8000-00000000080c', 'a0000000-0000-4000-8000-000000000857', 'a0000000-0000-4000-8000-000000000985', 'Handles student tech problems as they arise.'),
  ('a0000000-0000-4000-8000-0000001a0701', 'a0000000-0000-4000-8000-00000000080c', 'a0000000-0000-4000-8000-000000000857', 'a0000000-0000-4000-8000-000000000974', 'Escalates unresolved issues to tutors@tutor.plus promptly.'),
  ('a0000000-0000-4000-8000-0000001a0102', 'a0000000-0000-4000-8000-00000000080c', 'a0000000-0000-4000-8000-000000000858', 'a0000000-0000-4000-8000-000000000970', 'Rename students to match roster name.'),
  ('a0000000-0000-4000-8000-0000001a0202', 'a0000000-0000-4000-8000-00000000080c', 'a0000000-0000-4000-8000-000000000858', 'a0000000-0000-4000-8000-000000000971', 'Add any un-rostered students to attendance list.'),
  ('a0000000-0000-4000-8000-0000001a0302', 'a0000000-0000-4000-8000-00000000080c', 'a0000000-0000-4000-8000-000000000858', 'a0000000-0000-4000-8000-000000000972', 'Manually assign unpaired students to available tutors.'),
  ('a0000000-0000-4000-8000-0000001a0402', 'a0000000-0000-4000-8000-00000000080c', 'a0000000-0000-4000-8000-000000000858', 'a0000000-0000-4000-8000-000000000973', 'Inform classroom teacher about students that are absent.'),
  ('a0000000-0000-4000-8000-0000001a0502', 'a0000000-0000-4000-8000-00000000080c', 'a0000000-0000-4000-8000-000000000858', 'a0000000-0000-4000-8000-000000000984', 'Respond to classroom teachers "ask for help" request.'),
  ('a0000000-0000-4000-8000-0000001a0103', 'a0000000-0000-4000-8000-00000000080c', 'a0000000-0000-4000-8000-000000000851', 'a0000000-0000-4000-8000-000000000970', 'Join breakout session.'),
  ('a0000000-0000-4000-8000-0000001a0203', 'a0000000-0000-4000-8000-00000000080c', 'a0000000-0000-4000-8000-000000000851', 'a0000000-0000-4000-8000-000000000971', 'Share screen.'),
  ('a0000000-0000-4000-8000-0000001a0303', 'a0000000-0000-4000-8000-00000000080c', 'a0000000-0000-4000-8000-000000000851', 'a0000000-0000-4000-8000-000000000972', 'Update, check, or set goal depending on point in the goal cycle.'),
  ('a0000000-0000-4000-8000-0000001a0403', 'a0000000-0000-4000-8000-00000000080c', 'a0000000-0000-4000-8000-000000000851', 'a0000000-0000-4000-8000-000000000973', 'If prompted, complete goal achievement strategy with student.'),
  ('a0000000-0000-4000-8000-0000001a0503', 'a0000000-0000-4000-8000-00000000080c', 'a0000000-0000-4000-8000-000000000851', 'a0000000-0000-4000-8000-000000000984', 'Finalize goal activity with student.'),
  ('a0000000-0000-4000-8000-0000001a0603', 'a0000000-0000-4000-8000-00000000080c', 'a0000000-0000-4000-8000-000000000851', 'a0000000-0000-4000-8000-000000000985', 'Leave breakout room.'),
  ('a0000000-0000-4000-8000-0000001a0703', 'a0000000-0000-4000-8000-00000000080c', 'a0000000-0000-4000-8000-000000000851', 'a0000000-0000-4000-8000-000000000974', 'Move on to the next student in sorted order set by researchers.'),
  ('a0000000-0000-4000-8000-0000001a0106', 'a0000000-0000-4000-8000-00000000080c', 'a0000000-0000-4000-8000-000000000853', 'a0000000-0000-4000-8000-000000000970', 'Zoom/Pencil'),
  ('a0000000-0000-4000-8000-0000001a0206', 'a0000000-0000-4000-8000-00000000080c', 'a0000000-0000-4000-8000-000000000853', 'a0000000-0000-4000-8000-000000000971', 'Zoom/Pencil, PLUS App'),
  ('a0000000-0000-4000-8000-0000001a0306', 'a0000000-0000-4000-8000-00000000080c', 'a0000000-0000-4000-8000-000000000853', 'a0000000-0000-4000-8000-000000000972', 'Zoom/Pencil, PLUS App'),
  ('a0000000-0000-4000-8000-0000001a0406', 'a0000000-0000-4000-8000-00000000080c', 'a0000000-0000-4000-8000-000000000853', 'a0000000-0000-4000-8000-000000000973', 'Zoom/Pencil, PLUS App'),
  ('a0000000-0000-4000-8000-0000001a0506', 'a0000000-0000-4000-8000-00000000080c', 'a0000000-0000-4000-8000-000000000853', 'a0000000-0000-4000-8000-000000000984', 'Zoom/Pencil, PLUS App'),
  ('a0000000-0000-4000-8000-0000001a0606', 'a0000000-0000-4000-8000-00000000080c', 'a0000000-0000-4000-8000-000000000853', 'a0000000-0000-4000-8000-000000000985', 'Zoom/Pencil'),
  ('a0000000-0000-4000-8000-0000001a0706', 'a0000000-0000-4000-8000-00000000080c', 'a0000000-0000-4000-8000-000000000853', 'a0000000-0000-4000-8000-000000000974', 'PLUS App'),
  ('a0000000-0000-4000-8000-0000001a0307', 'a0000000-0000-4000-8000-00000000080c', 'a0000000-0000-4000-8000-000000000854', 'a0000000-0000-4000-8000-000000000972', 'Researcher sets goal setting activities.'),
  ('a0000000-0000-4000-8000-0000001a0407', 'a0000000-0000-4000-8000-00000000080c', 'a0000000-0000-4000-8000-000000000854', 'a0000000-0000-4000-8000-000000000973', 'Researcher sets goal setting activities.'),
  ('a0000000-0000-4000-8000-0000001a0507', 'a0000000-0000-4000-8000-00000000080c', 'a0000000-0000-4000-8000-000000000854', 'a0000000-0000-4000-8000-000000000984', 'Researcher sets goal setting activities.'),
  ('a0000000-0000-4000-8000-0000001a0707', 'a0000000-0000-4000-8000-00000000080c', 'a0000000-0000-4000-8000-000000000854', 'a0000000-0000-4000-8000-000000000974', 'Researcher sets student order.'),
  ('a0000000-0000-4000-8000-0000001a0109', 'a0000000-0000-4000-8000-00000000080c', 'a0000000-0000-4000-8000-000000000856', 'a0000000-0000-4000-8000-000000000970', E'Dev Team\nDesign Team'),
  ('a0000000-0000-4000-8000-0000001a0209', 'a0000000-0000-4000-8000-00000000080c', 'a0000000-0000-4000-8000-000000000856', 'a0000000-0000-4000-8000-000000000971', E'Dev Team\nDesign Team'),
  ('a0000000-0000-4000-8000-0000001a0309', 'a0000000-0000-4000-8000-00000000080c', 'a0000000-0000-4000-8000-000000000856', 'a0000000-0000-4000-8000-000000000972', E'Dev Team\nDesign Team'),
  ('a0000000-0000-4000-8000-0000001a0409', 'a0000000-0000-4000-8000-00000000080c', 'a0000000-0000-4000-8000-000000000856', 'a0000000-0000-4000-8000-000000000973', E'Dev Team\nDesign Team'),
  ('a0000000-0000-4000-8000-0000001a0709', 'a0000000-0000-4000-8000-00000000080c', 'a0000000-0000-4000-8000-000000000856', 'a0000000-0000-4000-8000-000000000974', E'Dev Team\nDesign Team')
on conflict (id) do update set
  path_id = excluded.path_id,
  layer_id = excluded.layer_id,
  step_id = excluded.step_id,
  content = excluded.content;

update public.cells
set picture = '/blueprint-images/goal-setting/happy-path/regular-tutor/step-01-join-breakout-session.png'
where id = 'a0000000-0000-4000-8000-0000001a0103';

update public.cells
set picture = '/blueprint-images/goal-setting/happy-path/regular-tutor/step-02-share-screen.png'
where id = 'a0000000-0000-4000-8000-0000001a0203';

insert into public.cell_triggers (id, source_cell_id, target_cell_id)
values
  ('a0000000-0000-4000-8000-000000098001', 'a0000000-0000-4000-8000-0000001a0101', 'a0000000-0000-4000-8000-0000001a0201'),
  ('a0000000-0000-4000-8000-000000098002', 'a0000000-0000-4000-8000-0000001a0201', 'a0000000-0000-4000-8000-0000001a0301'),
  ('a0000000-0000-4000-8000-000000098003', 'a0000000-0000-4000-8000-0000001a0301', 'a0000000-0000-4000-8000-0000001a0401'),
  ('a0000000-0000-4000-8000-000000098004', 'a0000000-0000-4000-8000-0000001a0401', 'a0000000-0000-4000-8000-0000001a0501'),
  ('a0000000-0000-4000-8000-000000098005', 'a0000000-0000-4000-8000-0000001a0501', 'a0000000-0000-4000-8000-0000001a0601'),
  ('a0000000-0000-4000-8000-000000098006', 'a0000000-0000-4000-8000-0000001a0601', 'a0000000-0000-4000-8000-0000001a0701'),
  ('a0000000-0000-4000-8000-000000098020', 'a0000000-0000-4000-8000-0000001a0102', 'a0000000-0000-4000-8000-0000001a0202'),
  ('a0000000-0000-4000-8000-000000098021', 'a0000000-0000-4000-8000-0000001a0202', 'a0000000-0000-4000-8000-0000001a0302'),
  ('a0000000-0000-4000-8000-000000098022', 'a0000000-0000-4000-8000-0000001a0302', 'a0000000-0000-4000-8000-0000001a0402'),
  ('a0000000-0000-4000-8000-000000098023', 'a0000000-0000-4000-8000-0000001a0402', 'a0000000-0000-4000-8000-0000001a0502'),
  ('a0000000-0000-4000-8000-000000098033', 'a0000000-0000-4000-8000-0000001a0402', 'a0000000-0000-4000-8000-0000001a0401'),
  ('a0000000-0000-4000-8000-000000098034', 'a0000000-0000-4000-8000-0000001a0401', 'a0000000-0000-4000-8000-0000001a0402'),
  ('a0000000-0000-4000-8000-000000098035', 'a0000000-0000-4000-8000-0000001a0502', 'a0000000-0000-4000-8000-0000001a0501'),
  ('a0000000-0000-4000-8000-000000098036', 'a0000000-0000-4000-8000-0000001a0501', 'a0000000-0000-4000-8000-0000001a0502'),
  ('a0000000-0000-4000-8000-000000098041', 'a0000000-0000-4000-8000-0000001a0701', 'a0000000-0000-4000-8000-0000001a0101'),
  ('a0000000-0000-4000-8000-000000098042', 'a0000000-0000-4000-8000-0000001a0502', 'a0000000-0000-4000-8000-0000001a0102'),
  ('a0000000-0000-4000-8000-000000098050', 'a0000000-0000-4000-8000-0000001a0103', 'a0000000-0000-4000-8000-0000001a0203'),
  ('a0000000-0000-4000-8000-000000098051', 'a0000000-0000-4000-8000-0000001a0203', 'a0000000-0000-4000-8000-0000001a0303'),
  ('a0000000-0000-4000-8000-000000098052', 'a0000000-0000-4000-8000-0000001a0303', 'a0000000-0000-4000-8000-0000001a0403'),
  ('a0000000-0000-4000-8000-000000098053', 'a0000000-0000-4000-8000-0000001a0403', 'a0000000-0000-4000-8000-0000001a0503'),
  ('a0000000-0000-4000-8000-000000098054', 'a0000000-0000-4000-8000-0000001a0503', 'a0000000-0000-4000-8000-0000001a0603'),
  ('a0000000-0000-4000-8000-000000098055', 'a0000000-0000-4000-8000-0000001a0603', 'a0000000-0000-4000-8000-0000001a0703'),
  ('a0000000-0000-4000-8000-000000098060', 'a0000000-0000-4000-8000-0000001a0703', 'a0000000-0000-4000-8000-0000001a0103'),
  ('a0000000-0000-4000-8000-000000098061', 'a0000000-0000-4000-8000-0000001a0103', 'a0000000-0000-4000-8000-0000001a0106'),
  ('a0000000-0000-4000-8000-000000098062', 'a0000000-0000-4000-8000-0000001a0203', 'a0000000-0000-4000-8000-0000001a0206'),
  ('a0000000-0000-4000-8000-000000098063', 'a0000000-0000-4000-8000-0000001a0303', 'a0000000-0000-4000-8000-0000001a0306'),
  ('a0000000-0000-4000-8000-000000098064', 'a0000000-0000-4000-8000-0000001a0403', 'a0000000-0000-4000-8000-0000001a0406'),
  ('a0000000-0000-4000-8000-000000098065', 'a0000000-0000-4000-8000-0000001a0503', 'a0000000-0000-4000-8000-0000001a0506'),
  ('a0000000-0000-4000-8000-000000098066', 'a0000000-0000-4000-8000-0000001a0603', 'a0000000-0000-4000-8000-0000001a0606'),
  ('a0000000-0000-4000-8000-000000098067', 'a0000000-0000-4000-8000-0000001a0703', 'a0000000-0000-4000-8000-0000001a0706')
on conflict (id) do update set
  source_cell_id = excluded.source_cell_id,
  target_cell_id = excluded.target_cell_id;

update public.cells
set links = (
  select coalesce(
    jsonb_agg(
      case
        when link->>'label' = 'PLUS App' then
          link || jsonb_build_object(
            'description',
            'The tutor fills out the update, check, or set goals modal in the PLUS app with the student.'
          )
        else link
      end
    ),
    '[]'::jsonb
  )
  from jsonb_array_elements(coalesce(links, '[]'::jsonb)) as link
)
where id = 'a0000000-0000-4000-8000-0000001a0306';

update public.cells
set links = (
  select coalesce(
    jsonb_agg(
      case
        when link->>'label' = 'PLUS App' then
          link || jsonb_build_object(
            'description',
            'If prompted, the tutor fills out the goal achievement strategy form in the PLUS app with the student.'
          )
        else link
      end
    ),
    '[]'::jsonb
  )
  from jsonb_array_elements(coalesce(links, '[]'::jsonb)) as link
)
where id = 'a0000000-0000-4000-8000-0000001a0406';

update public.cells
set content = E'Dev Team\nDesign Team',
    description =
      'Dev Team builds the app and the Design Team creates the screens and flows relevant to this step. Both implement the findings from the research team into the app in their respective role.'
where id in (
  'a0000000-0000-4000-8000-0000001a0209',
  'a0000000-0000-4000-8000-0000001a0309',
  'a0000000-0000-4000-8000-0000001a0409',
  'a0000000-0000-4000-8000-0000001a0509',
  'a0000000-0000-4000-8000-0000001a0709'
);
