-- Warm-Up Happy Path: Pre-Session → Warm-Up scenario
-- Stable keys (layer_id / step id) map to fixed UUIDs below.

-- Path
insert into public.paths (id, service_scenario_id, name, description, path_type)
values (
  'a0000000-0000-4000-8000-000000000300',
  'a0000000-0000-4000-8000-000000000203',
  'Happy Path',
  'Engaged or partially engaged student warm-up.',
  'happy'
)
on conflict (id) do update set
  name = excluded.name,
  description = excluded.description,
  path_type = excluded.path_type;

-- Layers (layer_id → row_position)
insert into public.layers (id, path_id, name, row_position)
values
  (
    'a0000000-0000-4000-8000-000000000310',
    'a0000000-0000-4000-8000-000000000300',
    'Visual',
    0
  ),
  (
    'a0000000-0000-4000-8000-000000000301',
    'a0000000-0000-4000-8000-000000000300',
    'Partner Action: Teacher',
    1
  ),
  (
    'a0000000-0000-4000-8000-000000000302',
    'a0000000-0000-4000-8000-000000000300',
    'Lead Tutor',
    2
  ),
  (
    'a0000000-0000-4000-8000-000000000303',
    'a0000000-0000-4000-8000-000000000300',
    'Regular Tutor',
    3
  ),
  (
    'a0000000-0000-4000-8000-000000000306',
    'a0000000-0000-4000-8000-000000000300',
    'Front Stage Tech',
    4
  ),
  (
    'a0000000-0000-4000-8000-000000000304',
    'a0000000-0000-4000-8000-000000000300',
    'Front Stage Actions',
    5
  ),
  (
    'a0000000-0000-4000-8000-000000000308',
    'a0000000-0000-4000-8000-000000000300',
    'Back Stage Tech',
    6
  ),
  (
    'a0000000-0000-4000-8000-000000000307',
    'a0000000-0000-4000-8000-000000000300',
    'Back Stage Actions',
    7
  ),
  (
    'a0000000-0000-4000-8000-000000000309',
    'a0000000-0000-4000-8000-000000000300',
    'Support Actions',
    8
  )
on conflict (id) do update set
  name = excluded.name,
  row_position = excluded.row_position;

-- Steps (scenario-scoped; column order via path_steps)
insert into public.steps (id, service_scenario_id, name)
values
  (
    'a0000000-0000-4000-8000-000000000311',
    'a0000000-0000-4000-8000-000000000203',
    'Enter Breakout Room'
  ),
  (
    'a0000000-0000-4000-8000-000000000312',
    'a0000000-0000-4000-8000-000000000203',
    'Greet Student'
  ),
  (
    'a0000000-0000-4000-8000-000000000313',
    'a0000000-0000-4000-8000-000000000203',
    'Ask Student to Share Screen'
  ),
  (
    'a0000000-0000-4000-8000-000000000314',
    'a0000000-0000-4000-8000-000000000203',
    'Remind Student They Can Ask for Help'
  ),
  (
    'a0000000-0000-4000-8000-000000000315',
    'a0000000-0000-4000-8000-000000000203',
    'Mark Student Present'
  ),
  (
    'a0000000-0000-4000-8000-000000000316',
    'a0000000-0000-4000-8000-000000000203',
    'Select Engagement level'
  ),
  (
    'a0000000-0000-4000-8000-000000000317',
    'a0000000-0000-4000-8000-000000000203',
    'Mark Student Helped'
  ),
  (
    'a0000000-0000-4000-8000-000000000319',
    'a0000000-0000-4000-8000-000000000203',
    'Leave Breakout Room'
  ),
  (
    'a0000000-0000-4000-8000-000000000318',
    'a0000000-0000-4000-8000-000000000203',
    'Move to Next Student'
  )
on conflict (id) do update set
  name = excluded.name,
  service_scenario_id = excluded.service_scenario_id;

insert into public.path_steps (path_id, step_id, column_position)
values
  ('a0000000-0000-4000-8000-000000000300', 'a0000000-0000-4000-8000-000000000311', 1),
  ('a0000000-0000-4000-8000-000000000300', 'a0000000-0000-4000-8000-000000000312', 2),
  ('a0000000-0000-4000-8000-000000000300', 'a0000000-0000-4000-8000-000000000313', 3),
  ('a0000000-0000-4000-8000-000000000300', 'a0000000-0000-4000-8000-000000000314', 4),
  ('a0000000-0000-4000-8000-000000000300', 'a0000000-0000-4000-8000-000000000315', 5),
  ('a0000000-0000-4000-8000-000000000300', 'a0000000-0000-4000-8000-000000000316', 6),
  ('a0000000-0000-4000-8000-000000000300', 'a0000000-0000-4000-8000-000000000317', 7),
  ('a0000000-0000-4000-8000-000000000300', 'a0000000-0000-4000-8000-000000000319', 8),
  ('a0000000-0000-4000-8000-000000000300', 'a0000000-0000-4000-8000-000000000318', 9)
on conflict (path_id, step_id) do update set
  column_position = excluded.column_position;

-- Cells (step × layer); cell id suffix 04{step}{layer}
insert into public.cells (id, path_id, layer_id, step_id, content)
values
  (
    'a0000000-0000-4000-8000-000000040110',
    'a0000000-0000-4000-8000-000000000300',
    'a0000000-0000-4000-8000-000000000310',
    'a0000000-0000-4000-8000-000000000311',
    ''
  ),
  (
    'a0000000-0000-4000-8000-000000040210',
    'a0000000-0000-4000-8000-000000000300',
    'a0000000-0000-4000-8000-000000000310',
    'a0000000-0000-4000-8000-000000000312',
    ''
  ),
  (
    'a0000000-0000-4000-8000-000000040310',
    'a0000000-0000-4000-8000-000000000300',
    'a0000000-0000-4000-8000-000000000310',
    'a0000000-0000-4000-8000-000000000313',
    ''
  ),
  (
    'a0000000-0000-4000-8000-000000040410',
    'a0000000-0000-4000-8000-000000000300',
    'a0000000-0000-4000-8000-000000000310',
    'a0000000-0000-4000-8000-000000000314',
    ''
  ),
  (
    'a0000000-0000-4000-8000-000000040510',
    'a0000000-0000-4000-8000-000000000300',
    'a0000000-0000-4000-8000-000000000310',
    'a0000000-0000-4000-8000-000000000315',
    ''
  ),
  (
    'a0000000-0000-4000-8000-000000040610',
    'a0000000-0000-4000-8000-000000000300',
    'a0000000-0000-4000-8000-000000000310',
    'a0000000-0000-4000-8000-000000000316',
    ''
  ),
  (
    'a0000000-0000-4000-8000-000000040710',
    'a0000000-0000-4000-8000-000000000300',
    'a0000000-0000-4000-8000-000000000310',
    'a0000000-0000-4000-8000-000000000317',
    ''
  ),
  (
    'a0000000-0000-4000-8000-000000040810',
    'a0000000-0000-4000-8000-000000000300',
    'a0000000-0000-4000-8000-000000000310',
    'a0000000-0000-4000-8000-000000000319',
    ''
  ),
  (
    'a0000000-0000-4000-8000-000000040910',
    'a0000000-0000-4000-8000-000000000300',
    'a0000000-0000-4000-8000-000000000310',
    'a0000000-0000-4000-8000-000000000318',
    ''
  ),
  -- Step 1: enter_breakout_room
  (
    'a0000000-0000-4000-8000-000000040101',
    'a0000000-0000-4000-8000-000000000300',
    'a0000000-0000-4000-8000-000000000301',
    'a0000000-0000-4000-8000-000000000311',
    'Circulate and quietly observe the students.'
  ),
  (
    'a0000000-0000-4000-8000-000000040102',
    'a0000000-0000-4000-8000-000000000300',
    'a0000000-0000-4000-8000-000000000302',
    'a0000000-0000-4000-8000-000000000311',
    'Rename students to match roster name.'
  ),
  (
    'a0000000-0000-4000-8000-000000040103',
    'a0000000-0000-4000-8000-000000000300',
    'a0000000-0000-4000-8000-000000000303',
    'a0000000-0000-4000-8000-000000000311',
    'Enter breakout room.'
  ),
  (
    'a0000000-0000-4000-8000-000000040106',
    'a0000000-0000-4000-8000-000000000300',
    'a0000000-0000-4000-8000-000000000306',
    'a0000000-0000-4000-8000-000000000311',
    E'Zoom/Pencil'
  ),
  (
    'a0000000-0000-4000-8000-000000040109',
    'a0000000-0000-4000-8000-000000000300',
    'a0000000-0000-4000-8000-000000000309',
    'a0000000-0000-4000-8000-000000000311',
    E'Dev Team\nDesign Team'
  ),
  -- Step 2: greet_student
  (
    'a0000000-0000-4000-8000-000000040201',
    'a0000000-0000-4000-8000-000000000300',
    'a0000000-0000-4000-8000-000000000301',
    'a0000000-0000-4000-8000-000000000312',
    'Remind students to keep working while waiting.'
  ),
  (
    'a0000000-0000-4000-8000-000000040202',
    'a0000000-0000-4000-8000-000000000300',
    'a0000000-0000-4000-8000-000000000302',
    'a0000000-0000-4000-8000-000000000312',
    'Add any un-rostered students to attendance list.'
  ),
  (
    'a0000000-0000-4000-8000-000000040203',
    'a0000000-0000-4000-8000-000000000300',
    'a0000000-0000-4000-8000-000000000303',
    'a0000000-0000-4000-8000-000000000312',
    'Greet student.'
  ),
  (
    'a0000000-0000-4000-8000-000000040206',
    'a0000000-0000-4000-8000-000000000300',
    'a0000000-0000-4000-8000-000000000306',
    'a0000000-0000-4000-8000-000000000312',
    E'Zoom/Pencil'
  ),
  (
    'a0000000-0000-4000-8000-000000040209',
    'a0000000-0000-4000-8000-000000000300',
    'a0000000-0000-4000-8000-000000000309',
    'a0000000-0000-4000-8000-000000000312',
    E'Dev Team\nDesign Team'
  ),
  -- Step 3: ask_student_share_screen
  (
    'a0000000-0000-4000-8000-000000040301',
    'a0000000-0000-4000-8000-000000000300',
    'a0000000-0000-4000-8000-000000000301',
    'a0000000-0000-4000-8000-000000000313',
    'Checks if all students are in the correct breakout room.'
  ),
  (
    'a0000000-0000-4000-8000-000000040302',
    'a0000000-0000-4000-8000-000000000300',
    'a0000000-0000-4000-8000-000000000302',
    'a0000000-0000-4000-8000-000000000313',
    'Manually assign unpaired students to available tutors.'
  ),
  (
    'a0000000-0000-4000-8000-000000040303',
    'a0000000-0000-4000-8000-000000000300',
    'a0000000-0000-4000-8000-000000000303',
    'a0000000-0000-4000-8000-000000000313',
    'Ask them to share screen.'
  ),
  (
    'a0000000-0000-4000-8000-000000040306',
    'a0000000-0000-4000-8000-000000000300',
    'a0000000-0000-4000-8000-000000000306',
    'a0000000-0000-4000-8000-000000000313',
    E'Zoom/Pencil'
  ),
  (
    'a0000000-0000-4000-8000-000000040309',
    'a0000000-0000-4000-8000-000000000300',
    'a0000000-0000-4000-8000-000000000309',
    'a0000000-0000-4000-8000-000000000313',
    E'Dev Team\nDesign Team'
  ),
  -- Step 4: remind_student_can_ask_help
  (
    'a0000000-0000-4000-8000-000000040401',
    'a0000000-0000-4000-8000-000000000300',
    'a0000000-0000-4000-8000-000000000301',
    'a0000000-0000-4000-8000-000000000314',
    'Receives information that student is absent from session.'
  ),
  (
    'a0000000-0000-4000-8000-000000040402',
    'a0000000-0000-4000-8000-000000000300',
    'a0000000-0000-4000-8000-000000000302',
    'a0000000-0000-4000-8000-000000000314',
    'Inform classroom teacher about students that are absent.'
  ),
  (
    'a0000000-0000-4000-8000-000000040403',
    'a0000000-0000-4000-8000-000000000300',
    'a0000000-0000-4000-8000-000000000303',
    'a0000000-0000-4000-8000-000000000314',
    'Remind them that they can ask for help on content and support.'
  ),
  (
    'a0000000-0000-4000-8000-000000040406',
    'a0000000-0000-4000-8000-000000000300',
    'a0000000-0000-4000-8000-000000000306',
    'a0000000-0000-4000-8000-000000000314',
    E'Zoom/Pencil'
  ),
  (
    'a0000000-0000-4000-8000-000000040409',
    'a0000000-0000-4000-8000-000000000300',
    'a0000000-0000-4000-8000-000000000309',
    'a0000000-0000-4000-8000-000000000314',
    E'Dev Team\nDesign Team'
  ),
  -- Step 5: mark_student_present
  (
    'a0000000-0000-4000-8000-000000040501',
    'a0000000-0000-4000-8000-000000000300',
    'a0000000-0000-4000-8000-000000000301',
    'a0000000-0000-4000-8000-000000000315',
    'Alerts lead tutor about unassigned or miss-assigned students using the "ask for help" alert.'
  ),
  (
    'a0000000-0000-4000-8000-000000040502',
    'a0000000-0000-4000-8000-000000000300',
    'a0000000-0000-4000-8000-000000000302',
    'a0000000-0000-4000-8000-000000000315',
    'Respond to classroom teachers "ask for help" request.'
  ),
  (
    'a0000000-0000-4000-8000-000000040503',
    'a0000000-0000-4000-8000-000000000300',
    'a0000000-0000-4000-8000-000000000303',
    'a0000000-0000-4000-8000-000000000315',
    'Mark them as present.'
  ),
  (
    'a0000000-0000-4000-8000-000000040506',
    'a0000000-0000-4000-8000-000000000300',
    'a0000000-0000-4000-8000-000000000306',
    'a0000000-0000-4000-8000-000000000315',
    E'Zoom/Pencil\nPLUS App'
  ),
  (
    'a0000000-0000-4000-8000-000000040509',
    'a0000000-0000-4000-8000-000000000300',
    'a0000000-0000-4000-8000-000000000309',
    'a0000000-0000-4000-8000-000000000315',
    E'Dev Team\nDesign Team'
  ),
  -- Step 6: select_engagement_level
  (
    'a0000000-0000-4000-8000-000000040601',
    'a0000000-0000-4000-8000-000000000300',
    'a0000000-0000-4000-8000-000000000301',
    'a0000000-0000-4000-8000-000000000316',
    'Handles student tech problems as they arise.'
  ),
  (
    'a0000000-0000-4000-8000-000000040603',
    'a0000000-0000-4000-8000-000000000300',
    'a0000000-0000-4000-8000-000000000303',
    'a0000000-0000-4000-8000-000000000316',
    'Select engagement level.'
  ),
  (
    'a0000000-0000-4000-8000-000000040606',
    'a0000000-0000-4000-8000-000000000300',
    'a0000000-0000-4000-8000-000000000306',
    'a0000000-0000-4000-8000-000000000316',
    E'Zoom/Pencil\nPLUS App'
  ),
  (
    'a0000000-0000-4000-8000-000000040609',
    'a0000000-0000-4000-8000-000000000300',
    'a0000000-0000-4000-8000-000000000309',
    'a0000000-0000-4000-8000-000000000316',
    E'Dev Team\nDesign Team'
  ),
  -- Step 7: mark_student_helped
  (
    'a0000000-0000-4000-8000-000000040701',
    'a0000000-0000-4000-8000-000000000300',
    'a0000000-0000-4000-8000-000000000301',
    'a0000000-0000-4000-8000-000000000317',
    'Escalates unresolved issues to tutors@tutor.plus promptly.'
  ),
  (
    'a0000000-0000-4000-8000-000000040703',
    'a0000000-0000-4000-8000-000000000300',
    'a0000000-0000-4000-8000-000000000303',
    'a0000000-0000-4000-8000-000000000317',
    'Mark them as helped.'
  ),
  (
    'a0000000-0000-4000-8000-000000040706',
    'a0000000-0000-4000-8000-000000000300',
    'a0000000-0000-4000-8000-000000000306',
    'a0000000-0000-4000-8000-000000000317',
    E'Zoom/Pencil\nPLUS App'
  ),
  (
    'a0000000-0000-4000-8000-000000040709',
    'a0000000-0000-4000-8000-000000000300',
    'a0000000-0000-4000-8000-000000000309',
    'a0000000-0000-4000-8000-000000000317',
    E'Dev Team\nDesign Team'
  ),
  -- Step 8: leave_breakout_room
  (
    'a0000000-0000-4000-8000-000000040803',
    'a0000000-0000-4000-8000-000000000300',
    'a0000000-0000-4000-8000-000000000303',
    'a0000000-0000-4000-8000-000000000319',
    'Leave breakout room.'
  ),
  (
    'a0000000-0000-4000-8000-000000040806',
    'a0000000-0000-4000-8000-000000000300',
    'a0000000-0000-4000-8000-000000000306',
    'a0000000-0000-4000-8000-000000000319',
    E'Zoom/Pencil'
  ),
  -- Step 9: move_to_next_student
  (
    'a0000000-0000-4000-8000-000000040903',
    'a0000000-0000-4000-8000-000000000300',
    'a0000000-0000-4000-8000-000000000303',
    'a0000000-0000-4000-8000-000000000318',
    'Move on to the next student in sorted order set by researchers.'
  ),
  (
    'a0000000-0000-4000-8000-000000040906',
    'a0000000-0000-4000-8000-000000000300',
    'a0000000-0000-4000-8000-000000000306',
    'a0000000-0000-4000-8000-000000000318',
    'PLUS App'
  ),
  (
    'a0000000-0000-4000-8000-000000040909',
    'a0000000-0000-4000-8000-000000000300',
    'a0000000-0000-4000-8000-000000000309',
    'a0000000-0000-4000-8000-000000000318',
    E'Dev Team\nDesign Team'
  )
on conflict (id) do update set content = excluded.content;

-- Cell triggers
insert into public.cell_triggers (id, source_cell_id, target_cell_id)
values
  ('a0000000-0000-4000-8000-000000050001', 'a0000000-0000-4000-8000-000000040101', 'a0000000-0000-4000-8000-000000040201'),
  ('a0000000-0000-4000-8000-000000050002', 'a0000000-0000-4000-8000-000000040201', 'a0000000-0000-4000-8000-000000040301'),
  ('a0000000-0000-4000-8000-000000050003', 'a0000000-0000-4000-8000-000000040301', 'a0000000-0000-4000-8000-000000040401'),
  ('a0000000-0000-4000-8000-000000050004', 'a0000000-0000-4000-8000-000000040401', 'a0000000-0000-4000-8000-000000040501'),
  ('a0000000-0000-4000-8000-000000050005', 'a0000000-0000-4000-8000-000000040501', 'a0000000-0000-4000-8000-000000040601'),
  ('a0000000-0000-4000-8000-000000050006', 'a0000000-0000-4000-8000-000000040601', 'a0000000-0000-4000-8000-000000040701'),
  ('a0000000-0000-4000-8000-000000050020', 'a0000000-0000-4000-8000-000000040102', 'a0000000-0000-4000-8000-000000040202'),
  ('a0000000-0000-4000-8000-000000050021', 'a0000000-0000-4000-8000-000000040202', 'a0000000-0000-4000-8000-000000040302'),
  ('a0000000-0000-4000-8000-000000050022', 'a0000000-0000-4000-8000-000000040302', 'a0000000-0000-4000-8000-000000040402'),
  ('a0000000-0000-4000-8000-000000050023', 'a0000000-0000-4000-8000-000000040402', 'a0000000-0000-4000-8000-000000040502'),
  ('a0000000-0000-4000-8000-000000050033', 'a0000000-0000-4000-8000-000000040402', 'a0000000-0000-4000-8000-000000040401'),
  ('a0000000-0000-4000-8000-000000050034', 'a0000000-0000-4000-8000-000000040401', 'a0000000-0000-4000-8000-000000040402'),
  ('a0000000-0000-4000-8000-000000050035', 'a0000000-0000-4000-8000-000000040502', 'a0000000-0000-4000-8000-000000040501'),
  ('a0000000-0000-4000-8000-000000050036', 'a0000000-0000-4000-8000-000000040501', 'a0000000-0000-4000-8000-000000040502'),
  ('a0000000-0000-4000-8000-000000050041', 'a0000000-0000-4000-8000-000000040701', 'a0000000-0000-4000-8000-000000040101'),
  ('a0000000-0000-4000-8000-000000050042', 'a0000000-0000-4000-8000-000000040502', 'a0000000-0000-4000-8000-000000040102'),
  (
    'a0000000-0000-4000-8000-000000050101',
    'a0000000-0000-4000-8000-000000040103',
    'a0000000-0000-4000-8000-000000040203'
  ),
  -- Regular Tutor: step 2 → … → step 8
  (
    'a0000000-0000-4000-8000-000000050102',
    'a0000000-0000-4000-8000-000000040203',
    'a0000000-0000-4000-8000-000000040303'
  ),
  (
    'a0000000-0000-4000-8000-000000050103',
    'a0000000-0000-4000-8000-000000040303',
    'a0000000-0000-4000-8000-000000040403'
  ),
  (
    'a0000000-0000-4000-8000-000000050104',
    'a0000000-0000-4000-8000-000000040403',
    'a0000000-0000-4000-8000-000000040503'
  ),
  (
    'a0000000-0000-4000-8000-000000050105',
    'a0000000-0000-4000-8000-000000040503',
    'a0000000-0000-4000-8000-000000040603'
  ),
  (
    'a0000000-0000-4000-8000-000000050106',
    'a0000000-0000-4000-8000-000000040603',
    'a0000000-0000-4000-8000-000000040703'
  ),
  (
    'a0000000-0000-4000-8000-000000050107',
    'a0000000-0000-4000-8000-000000040703',
    'a0000000-0000-4000-8000-000000040803'
  ),
  (
    'a0000000-0000-4000-8000-000000050108',
    'a0000000-0000-4000-8000-000000040803',
    'a0000000-0000-4000-8000-000000040903'
  ),
  -- Regular Tutor: step 9 → step 1 (loop to next student)
  (
    'a0000000-0000-4000-8000-000000050112',
    'a0000000-0000-4000-8000-000000040903',
    'a0000000-0000-4000-8000-000000040103'
  ),
  ('a0000000-0000-4000-8000-000000050113', 'a0000000-0000-4000-8000-000000040103', 'a0000000-0000-4000-8000-000000040106'),
  ('a0000000-0000-4000-8000-000000050114', 'a0000000-0000-4000-8000-000000040203', 'a0000000-0000-4000-8000-000000040206'),
  ('a0000000-0000-4000-8000-000000050115', 'a0000000-0000-4000-8000-000000040303', 'a0000000-0000-4000-8000-000000040306'),
  ('a0000000-0000-4000-8000-000000050116', 'a0000000-0000-4000-8000-000000040403', 'a0000000-0000-4000-8000-000000040406'),
  ('a0000000-0000-4000-8000-000000050117', 'a0000000-0000-4000-8000-000000040503', 'a0000000-0000-4000-8000-000000040506'),
  ('a0000000-0000-4000-8000-000000050118', 'a0000000-0000-4000-8000-000000040603', 'a0000000-0000-4000-8000-000000040606'),
  ('a0000000-0000-4000-8000-000000050119', 'a0000000-0000-4000-8000-000000040703', 'a0000000-0000-4000-8000-000000040706'),
  ('a0000000-0000-4000-8000-000000050120', 'a0000000-0000-4000-8000-000000040803', 'a0000000-0000-4000-8000-000000040806'),
  ('a0000000-0000-4000-8000-000000050121', 'a0000000-0000-4000-8000-000000040903', 'a0000000-0000-4000-8000-000000040906')
on conflict (id) do update set
  source_cell_id = excluded.source_cell_id,
  target_cell_id = excluded.target_cell_id;

update public.cells
set description = 'The tutor connects with student via Zoom/Pencil in individual breakout room.'
where id in (
  'a0000000-0000-4000-8000-000000040106',
  'a0000000-0000-4000-8000-000000040206',
  'a0000000-0000-4000-8000-000000040406',
  'a0000000-0000-4000-8000-000000040506',
  'a0000000-0000-4000-8000-000000040606',
  'a0000000-0000-4000-8000-000000040706'
);

update public.cells
set description = 'The student shares screen via Zoom/Pencil screen share feature.'
where id = 'a0000000-0000-4000-8000-000000040306';

update public.cells
set description = 'The tutor leaves the student''s Zoom/Pencil breakout room.'
where id = 'a0000000-0000-4000-8000-000000040806';

update public.cells
set links = jsonb_build_array(
  jsonb_build_object(
    'type', 'tech_description',
    'label', 'PLUS App',
    'description', 'The tutor marks the student as present in the Student Dashboard screen in the PLUS app.',
    'picture', '/blueprint-images/warm-up/shared/plus-app/step-05-your-students.png',
    'url', 'https://www.figma.com/design/W0qzhXWxFsMwSJzkdV2yal/Design-System---Web-App-Specs?node-id=3377-227498&t=LvyyxUtQVUCLMMc2-1'
  )
)
where id = 'a0000000-0000-4000-8000-000000040506';

update public.cells
set links = jsonb_build_array(
  jsonb_build_object(
    'type', 'tech_description',
    'label', 'PLUS App',
    'description', 'The tutor marks the student''s engagement level in the Student Dashboard screen in the PLUS app.',
    'picture', '/blueprint-images/warm-up/shared/plus-app/step-06-your-students-attendance-engagement.png',
    'url', 'https://www.figma.com/design/W0qzhXWxFsMwSJzkdV2yal/Design-System---Web-App-Specs?node-id=5699-69300&t=LvyyxUtQVUCLMMc2-1'
  )
)
where id = 'a0000000-0000-4000-8000-000000040606';

update public.cells
set links = jsonb_build_array(
  jsonb_build_object(
    'type', 'tech_description',
    'label', 'PLUS App',
    'description', 'The tutor marks the student as helped in the Student Dashboard screen in the PLUS app.',
    'picture', '/blueprint-images/warm-up/shared/plus-app/step-06-your-students-attendance-engagement.png',
    'url', 'https://www.figma.com/design/W0qzhXWxFsMwSJzkdV2yal/Design-System---Web-App-Specs?node-id=5699-69300&t=LvyyxUtQVUCLMMc2-1'
  )
)
where id = 'a0000000-0000-4000-8000-000000040706';

update public.cells
set description =
  'Dev Team builds the app and the Design Team creates the screens and flows relevant to this step. Both implement the findings from the research team into the app in their respective role.'
where id in (
  'a0000000-0000-4000-8000-000000040509',
  'a0000000-0000-4000-8000-000000040609',
  'a0000000-0000-4000-8000-000000040709',
  'a0000000-0000-4000-8000-000000040909'
);

update public.cells
set links = jsonb_build_array(
  jsonb_build_object(
    'type', 'tech_description',
    'label', 'PLUS App',
    'description', 'The tutor moves on to the next student on the researcher sorted list in the Student Dashboard screen of the PLUS app.',
    'picture', '/blueprint-images/warm-up/shared/plus-app/step-06-your-students-attendance-engagement.png',
    'url', 'https://www.figma.com/design/W0qzhXWxFsMwSJzkdV2yal/Design-System---Web-App-Specs?node-id=5699-69300&t=LvyyxUtQVUCLMMc2-1'
  )
)
where id = 'a0000000-0000-4000-8000-000000040906';
