-- In-session → Help Request scenario — Happy Path
-- Stable keys map to fixed UUIDs in src/data/helpRequestHappyPathFallback.ts

update public.service_scenarios
set
  description = 'Tutors receive and resolve student help requests during the session.',
  view_type = 'side-by-side'
where id = 'a0000000-0000-4000-8000-000000000205';

insert into public.paths (id, service_scenario_id, name, description, path_type)
values (
  'a0000000-0000-4000-8000-00000000080d',
  'a0000000-0000-4000-8000-000000000205',
  'Happy Path',
  'Tutors receive and resolve student help requests during the session.',
  'happy'
)
on conflict (id) do update set
  service_scenario_id = excluded.service_scenario_id,
  name = excluded.name,
  description = excluded.description,
  path_type = excluded.path_type;

delete from public.cell_triggers
where source_cell_id in (
  select id from public.cells
  where path_id = 'a0000000-0000-4000-8000-00000000080d'
);

delete from public.cells
where path_id = 'a0000000-0000-4000-8000-00000000080d';

delete from public.layers
where path_id = 'a0000000-0000-4000-8000-00000000080d';

insert into public.layers (id, path_id, name, row_position)
values
  ('a0000000-0000-4000-8000-000000000860', 'a0000000-0000-4000-8000-00000000080d', 'Visual', 0),
  ('a0000000-0000-4000-8000-000000000861', 'a0000000-0000-4000-8000-00000000080d', 'Regular Tutor', 1),
  ('a0000000-0000-4000-8000-000000000862', 'a0000000-0000-4000-8000-00000000080d', 'Front Stage Actions', 2),
  ('a0000000-0000-4000-8000-000000000863', 'a0000000-0000-4000-8000-00000000080d', 'Front Stage Tech', 3),
  ('a0000000-0000-4000-8000-000000000864', 'a0000000-0000-4000-8000-00000000080d', 'Back Stage Actions', 4),
  ('a0000000-0000-4000-8000-000000000865', 'a0000000-0000-4000-8000-00000000080d', 'Back Stage Tech', 5),
  ('a0000000-0000-4000-8000-000000000866', 'a0000000-0000-4000-8000-00000000080d', 'Support Actions', 6)
on conflict (id) do update set
  name = excluded.name,
  row_position = excluded.row_position,
  path_id = excluded.path_id;

insert into public.steps (id, service_scenario_id, name)
values
  ('a0000000-0000-4000-8000-000000000975', 'a0000000-0000-4000-8000-000000000205', 'Receive help request'),
  ('a0000000-0000-4000-8000-000000000976', 'a0000000-0000-4000-8000-000000000205', 'Finish conversation'),
  ('a0000000-0000-4000-8000-000000000977', 'a0000000-0000-4000-8000-000000000205', 'Visit student'),
  ('a0000000-0000-4000-8000-000000000978', 'a0000000-0000-4000-8000-000000000205', 'Resolve issue'),
  ('a0000000-0000-4000-8000-000000000979', 'a0000000-0000-4000-8000-000000000205', 'Next student')
on conflict (id) do update set
  name = excluded.name,
  service_scenario_id = excluded.service_scenario_id;

delete from public.path_steps
where path_id = 'a0000000-0000-4000-8000-00000000080d';

insert into public.path_steps (path_id, step_id, column_position)
values
  ('a0000000-0000-4000-8000-00000000080d', 'a0000000-0000-4000-8000-000000000975', 1),
  ('a0000000-0000-4000-8000-00000000080d', 'a0000000-0000-4000-8000-000000000976', 2),
  ('a0000000-0000-4000-8000-00000000080d', 'a0000000-0000-4000-8000-000000000977', 3),
  ('a0000000-0000-4000-8000-00000000080d', 'a0000000-0000-4000-8000-000000000978', 4),
  ('a0000000-0000-4000-8000-00000000080d', 'a0000000-0000-4000-8000-000000000979', 5)
on conflict (path_id, step_id) do update set
  column_position = excluded.column_position;

insert into public.cells (id, path_id, layer_id, step_id, content)
values
  ('a0000000-0000-4000-8000-0000001b0110', 'a0000000-0000-4000-8000-00000000080d', 'a0000000-0000-4000-8000-000000000860', 'a0000000-0000-4000-8000-000000000975', ''),
  ('a0000000-0000-4000-8000-0000001b0210', 'a0000000-0000-4000-8000-00000000080d', 'a0000000-0000-4000-8000-000000000860', 'a0000000-0000-4000-8000-000000000976', ''),
  ('a0000000-0000-4000-8000-0000001b0310', 'a0000000-0000-4000-8000-00000000080d', 'a0000000-0000-4000-8000-000000000860', 'a0000000-0000-4000-8000-000000000977', ''),
  ('a0000000-0000-4000-8000-0000001b0410', 'a0000000-0000-4000-8000-00000000080d', 'a0000000-0000-4000-8000-000000000860', 'a0000000-0000-4000-8000-000000000978', ''),
  ('a0000000-0000-4000-8000-0000001b0510', 'a0000000-0000-4000-8000-00000000080d', 'a0000000-0000-4000-8000-000000000860', 'a0000000-0000-4000-8000-000000000979', ''),
  ('a0000000-0000-4000-8000-0000001b0103', 'a0000000-0000-4000-8000-00000000080d', 'a0000000-0000-4000-8000-000000000861', 'a0000000-0000-4000-8000-000000000975', 'Tutor Receives Help Request'),
  ('a0000000-0000-4000-8000-0000001b0203', 'a0000000-0000-4000-8000-00000000080d', 'a0000000-0000-4000-8000-000000000861', 'a0000000-0000-4000-8000-000000000976', 'Finish current conversation in 1-2 minutes'),
  ('a0000000-0000-4000-8000-0000001b0303', 'a0000000-0000-4000-8000-00000000080d', 'a0000000-0000-4000-8000-000000000861', 'a0000000-0000-4000-8000-000000000977', 'Visit student requesting help'),
  ('a0000000-0000-4000-8000-0000001b0403', 'a0000000-0000-4000-8000-00000000080d', 'a0000000-0000-4000-8000-000000000861', 'a0000000-0000-4000-8000-000000000978', 'Resolve Issue'),
  ('a0000000-0000-4000-8000-0000001b0503', 'a0000000-0000-4000-8000-00000000080d', 'a0000000-0000-4000-8000-000000000861', 'a0000000-0000-4000-8000-000000000979', 'Return to the next student in sorted order set by researchers'),
  ('a0000000-0000-4000-8000-0000001b0106', 'a0000000-0000-4000-8000-00000000080d', 'a0000000-0000-4000-8000-000000000863', 'a0000000-0000-4000-8000-000000000975', 'Zoom/Pencil, PLUS App'),
  ('a0000000-0000-4000-8000-0000001b0206', 'a0000000-0000-4000-8000-00000000080d', 'a0000000-0000-4000-8000-000000000863', 'a0000000-0000-4000-8000-000000000976', 'Zoom/Pencil, PLUS App'),
  ('a0000000-0000-4000-8000-0000001b0306', 'a0000000-0000-4000-8000-00000000080d', 'a0000000-0000-4000-8000-000000000863', 'a0000000-0000-4000-8000-000000000977', 'Zoom/Pencil, PLUS App'),
  ('a0000000-0000-4000-8000-0000001b0406', 'a0000000-0000-4000-8000-00000000080d', 'a0000000-0000-4000-8000-000000000863', 'a0000000-0000-4000-8000-000000000978', 'Zoom/Pencil, PLUS App'),
  ('a0000000-0000-4000-8000-0000001b0506', 'a0000000-0000-4000-8000-00000000080d', 'a0000000-0000-4000-8000-000000000863', 'a0000000-0000-4000-8000-000000000979', 'Zoom/Pencil, PLUS App'),
  ('a0000000-0000-4000-8000-0000001b0507', 'a0000000-0000-4000-8000-00000000080d', 'a0000000-0000-4000-8000-000000000864', 'a0000000-0000-4000-8000-000000000979', 'Researchers set student order'),
  ('a0000000-0000-4000-8000-0000001b0109', 'a0000000-0000-4000-8000-00000000080d', 'a0000000-0000-4000-8000-000000000866', 'a0000000-0000-4000-8000-000000000975', E'Dev Team\nDesign team'),
  ('a0000000-0000-4000-8000-0000001b0209', 'a0000000-0000-4000-8000-00000000080d', 'a0000000-0000-4000-8000-000000000866', 'a0000000-0000-4000-8000-000000000976', E'Dev Team\nDesign team'),
  ('a0000000-0000-4000-8000-0000001b0309', 'a0000000-0000-4000-8000-00000000080d', 'a0000000-0000-4000-8000-000000000866', 'a0000000-0000-4000-8000-000000000977', E'Dev Team\nDesign team'),
  ('a0000000-0000-4000-8000-0000001b0409', 'a0000000-0000-4000-8000-00000000080d', 'a0000000-0000-4000-8000-000000000866', 'a0000000-0000-4000-8000-000000000978', E'Dev Team\nDesign team'),
  ('a0000000-0000-4000-8000-0000001b0509', 'a0000000-0000-4000-8000-00000000080d', 'a0000000-0000-4000-8000-000000000866', 'a0000000-0000-4000-8000-000000000979', E'Researchers set student order\nDev Team\nDesign team')
on conflict (id) do update set
  path_id = excluded.path_id,
  layer_id = excluded.layer_id,
  step_id = excluded.step_id,
  content = excluded.content;

insert into public.cell_triggers (id, source_cell_id, target_cell_id)
values
  ('a0000000-0000-4000-8000-000000099001', 'a0000000-0000-4000-8000-0000001b0103', 'a0000000-0000-4000-8000-0000001b0203'),
  ('a0000000-0000-4000-8000-000000099002', 'a0000000-0000-4000-8000-0000001b0203', 'a0000000-0000-4000-8000-0000001b0303'),
  ('a0000000-0000-4000-8000-000000099003', 'a0000000-0000-4000-8000-0000001b0303', 'a0000000-0000-4000-8000-0000001b0403'),
  ('a0000000-0000-4000-8000-000000099004', 'a0000000-0000-4000-8000-0000001b0403', 'a0000000-0000-4000-8000-0000001b0503'),
  ('a0000000-0000-4000-8000-000000099010', 'a0000000-0000-4000-8000-0000001b0503', 'a0000000-0000-4000-8000-0000001b0103')
on conflict (id) do update set
  source_cell_id = excluded.source_cell_id,
  target_cell_id = excluded.target_cell_id;
