-- In-session → Goal-Setting Phase scenario — Happy Path
-- Stable keys map to fixed UUIDs in src/data/goalSettingHappyPathFallback.ts

update public.service_scenarios
set
  description = 'Tutors guide students through goal setting in breakout sessions.',
  view_type = 'side-by-side'
where id = 'a0000000-0000-4000-8000-000000000204';

insert into public.paths (id, service_scenario_id, name, description, path_type)
values (
  'a0000000-0000-4000-8000-00000000080c',
  'a0000000-0000-4000-8000-000000000204',
  'Happy Path',
  'Tutors guide students through goal setting in breakout sessions.',
  'happy'
)
on conflict (id) do update set
  service_scenario_id = excluded.service_scenario_id,
  name = excluded.name,
  description = excluded.description,
  path_type = excluded.path_type;

delete from public.cell_triggers
where source_cell_id in (
  select id from public.cells
  where path_id = 'a0000000-0000-4000-8000-00000000080c'
);

delete from public.cells
where path_id = 'a0000000-0000-4000-8000-00000000080c';

delete from public.layers
where path_id = 'a0000000-0000-4000-8000-00000000080c';

insert into public.layers (id, path_id, name, row_position)
values
  ('a0000000-0000-4000-8000-000000000850', 'a0000000-0000-4000-8000-00000000080c', 'Visual', 0),
  ('a0000000-0000-4000-8000-000000000851', 'a0000000-0000-4000-8000-00000000080c', 'Regular Tutor', 1),
  ('a0000000-0000-4000-8000-000000000852', 'a0000000-0000-4000-8000-00000000080c', 'Front Stage Actions', 2),
  ('a0000000-0000-4000-8000-000000000853', 'a0000000-0000-4000-8000-00000000080c', 'Front Stage Tech', 3),
  ('a0000000-0000-4000-8000-000000000854', 'a0000000-0000-4000-8000-00000000080c', 'Back Stage Actions', 4),
  ('a0000000-0000-4000-8000-000000000855', 'a0000000-0000-4000-8000-00000000080c', 'Back Stage Tech', 5),
  ('a0000000-0000-4000-8000-000000000856', 'a0000000-0000-4000-8000-00000000080c', 'Support Actions', 6)
on conflict (id) do update set
  name = excluded.name,
  row_position = excluded.row_position,
  path_id = excluded.path_id;

insert into public.steps (id, service_scenario_id, name)
values
  ('a0000000-0000-4000-8000-000000000970', 'a0000000-0000-4000-8000-000000000204', 'Join breakout session'),
  ('a0000000-0000-4000-8000-000000000971', 'a0000000-0000-4000-8000-000000000204', 'Share screen'),
  ('a0000000-0000-4000-8000-000000000972', 'a0000000-0000-4000-8000-000000000204', 'Set or check goal'),
  ('a0000000-0000-4000-8000-000000000973', 'a0000000-0000-4000-8000-000000000204', 'Complete goal strategy'),
  ('a0000000-0000-4000-8000-000000000974', 'a0000000-0000-4000-8000-000000000204', 'Next student')
on conflict (id) do update set
  name = excluded.name,
  service_scenario_id = excluded.service_scenario_id;

delete from public.path_steps
where path_id = 'a0000000-0000-4000-8000-00000000080c';

insert into public.path_steps (path_id, step_id, column_position)
values
  ('a0000000-0000-4000-8000-00000000080c', 'a0000000-0000-4000-8000-000000000970', 1),
  ('a0000000-0000-4000-8000-00000000080c', 'a0000000-0000-4000-8000-000000000971', 2),
  ('a0000000-0000-4000-8000-00000000080c', 'a0000000-0000-4000-8000-000000000972', 3),
  ('a0000000-0000-4000-8000-00000000080c', 'a0000000-0000-4000-8000-000000000973', 4),
  ('a0000000-0000-4000-8000-00000000080c', 'a0000000-0000-4000-8000-000000000974', 5)
on conflict (path_id, step_id) do update set
  column_position = excluded.column_position;

insert into public.cells (id, path_id, layer_id, step_id, content)
values
  ('a0000000-0000-4000-8000-0000001a0110', 'a0000000-0000-4000-8000-00000000080c', 'a0000000-0000-4000-8000-000000000850', 'a0000000-0000-4000-8000-000000000970', ''),
  ('a0000000-0000-4000-8000-0000001a0210', 'a0000000-0000-4000-8000-00000000080c', 'a0000000-0000-4000-8000-000000000850', 'a0000000-0000-4000-8000-000000000971', ''),
  ('a0000000-0000-4000-8000-0000001a0310', 'a0000000-0000-4000-8000-00000000080c', 'a0000000-0000-4000-8000-000000000850', 'a0000000-0000-4000-8000-000000000972', ''),
  ('a0000000-0000-4000-8000-0000001a0410', 'a0000000-0000-4000-8000-00000000080c', 'a0000000-0000-4000-8000-000000000850', 'a0000000-0000-4000-8000-000000000973', ''),
  ('a0000000-0000-4000-8000-0000001a0510', 'a0000000-0000-4000-8000-00000000080c', 'a0000000-0000-4000-8000-000000000850', 'a0000000-0000-4000-8000-000000000974', ''),
  ('a0000000-0000-4000-8000-0000001a0103', 'a0000000-0000-4000-8000-00000000080c', 'a0000000-0000-4000-8000-000000000851', 'a0000000-0000-4000-8000-000000000970', 'Join breakout session'),
  ('a0000000-0000-4000-8000-0000001a0203', 'a0000000-0000-4000-8000-00000000080c', 'a0000000-0000-4000-8000-000000000851', 'a0000000-0000-4000-8000-000000000971', 'Share screen'),
  ('a0000000-0000-4000-8000-0000001a0303', 'a0000000-0000-4000-8000-00000000080c', 'a0000000-0000-4000-8000-000000000851', 'a0000000-0000-4000-8000-000000000972', 'update, check, or set goal depending on point in goal cycle'),
  ('a0000000-0000-4000-8000-0000001a0403', 'a0000000-0000-4000-8000-00000000080c', 'a0000000-0000-4000-8000-000000000851', 'a0000000-0000-4000-8000-000000000973', 'If prompted, complete goal achievement strategy with student'),
  ('a0000000-0000-4000-8000-0000001a0503', 'a0000000-0000-4000-8000-00000000080c', 'a0000000-0000-4000-8000-000000000851', 'a0000000-0000-4000-8000-000000000974', 'Move on to the next student in sorted order set by researchers'),
  ('a0000000-0000-4000-8000-0000001a0106', 'a0000000-0000-4000-8000-00000000080c', 'a0000000-0000-4000-8000-000000000853', 'a0000000-0000-4000-8000-000000000970', 'Zoom/Pencil, PLUS App'),
  ('a0000000-0000-4000-8000-0000001a0206', 'a0000000-0000-4000-8000-00000000080c', 'a0000000-0000-4000-8000-000000000853', 'a0000000-0000-4000-8000-000000000971', 'Zoom/Pencil, PLUS App'),
  ('a0000000-0000-4000-8000-0000001a0306', 'a0000000-0000-4000-8000-00000000080c', 'a0000000-0000-4000-8000-000000000853', 'a0000000-0000-4000-8000-000000000972', 'Zoom/Pencil, PLUS App'),
  ('a0000000-0000-4000-8000-0000001a0406', 'a0000000-0000-4000-8000-00000000080c', 'a0000000-0000-4000-8000-000000000853', 'a0000000-0000-4000-8000-000000000973', 'Zoom/Pencil, PLUS App'),
  ('a0000000-0000-4000-8000-0000001a0506', 'a0000000-0000-4000-8000-00000000080c', 'a0000000-0000-4000-8000-000000000853', 'a0000000-0000-4000-8000-000000000974', 'Zoom/Pencil, PLUS App'),
  ('a0000000-0000-4000-8000-0000001a0307', 'a0000000-0000-4000-8000-00000000080c', 'a0000000-0000-4000-8000-000000000854', 'a0000000-0000-4000-8000-000000000972', 'Graduate Researcher sets goal setting activities'),
  ('a0000000-0000-4000-8000-0000001a0407', 'a0000000-0000-4000-8000-00000000080c', 'a0000000-0000-4000-8000-000000000854', 'a0000000-0000-4000-8000-000000000973', 'Graduate Researcher sets goal setting activities'),
  ('a0000000-0000-4000-8000-0000001a0507', 'a0000000-0000-4000-8000-00000000080c', 'a0000000-0000-4000-8000-000000000854', 'a0000000-0000-4000-8000-000000000974', 'Researchers set student order'),
  ('a0000000-0000-4000-8000-0000001a0109', 'a0000000-0000-4000-8000-00000000080c', 'a0000000-0000-4000-8000-000000000856', 'a0000000-0000-4000-8000-000000000970', E'Dev Team\nDesign team'),
  ('a0000000-0000-4000-8000-0000001a0209', 'a0000000-0000-4000-8000-00000000080c', 'a0000000-0000-4000-8000-000000000856', 'a0000000-0000-4000-8000-000000000971', E'Dev Team\nDesign team'),
  ('a0000000-0000-4000-8000-0000001a0309', 'a0000000-0000-4000-8000-00000000080c', 'a0000000-0000-4000-8000-000000000856', 'a0000000-0000-4000-8000-000000000972', E'Dev Team\nDesign team'),
  ('a0000000-0000-4000-8000-0000001a0409', 'a0000000-0000-4000-8000-00000000080c', 'a0000000-0000-4000-8000-000000000856', 'a0000000-0000-4000-8000-000000000973', E'Dev Team\nDesign team'),
  ('a0000000-0000-4000-8000-0000001a0509', 'a0000000-0000-4000-8000-00000000080c', 'a0000000-0000-4000-8000-000000000856', 'a0000000-0000-4000-8000-000000000974', E'Researchers set student order\nDev Team\nDesign team')
on conflict (id) do update set
  path_id = excluded.path_id,
  layer_id = excluded.layer_id,
  step_id = excluded.step_id,
  content = excluded.content;

insert into public.cell_triggers (id, source_cell_id, target_cell_id)
values
  ('a0000000-0000-4000-8000-000000098001', 'a0000000-0000-4000-8000-0000001a0103', 'a0000000-0000-4000-8000-0000001a0203'),
  ('a0000000-0000-4000-8000-000000098002', 'a0000000-0000-4000-8000-0000001a0203', 'a0000000-0000-4000-8000-0000001a0303'),
  ('a0000000-0000-4000-8000-000000098003', 'a0000000-0000-4000-8000-0000001a0303', 'a0000000-0000-4000-8000-0000001a0403'),
  ('a0000000-0000-4000-8000-000000098004', 'a0000000-0000-4000-8000-0000001a0403', 'a0000000-0000-4000-8000-0000001a0503'),
  ('a0000000-0000-4000-8000-000000098010', 'a0000000-0000-4000-8000-0000001a0503', 'a0000000-0000-4000-8000-0000001a0103')
on conflict (id) do update set
  source_cell_id = excluded.source_cell_id,
  target_cell_id = excluded.target_cell_id;
