-- Pre-session → Call-off Request scenario — Happy Path
-- Stable keys map to fixed UUIDs in src/data/callOffRequestHappyPathFallback.ts

insert into public.paths (id, service_scenario_id, name, description, path_type)
values (
  'a0000000-0000-4000-8000-000000000808',
  'a0000000-0000-4000-8000-000000000128',
  'Happy Path',
  'Tutor succesfully calls off for a call-off request.',
  'happy'
)
on conflict (id) do update set
  service_scenario_id = excluded.service_scenario_id,
  name = excluded.name,
  description = excluded.description,
  path_type = excluded.path_type;

delete from public.cell_triggers
where source_cell_id in (
  select id from public.cells
  where path_id = 'a0000000-0000-4000-8000-000000000808'
);

delete from public.cells
where path_id = 'a0000000-0000-4000-8000-000000000808';

delete from public.layers
where path_id = 'a0000000-0000-4000-8000-000000000808';

insert into public.layers (id, path_id, name, row_position)
values
  (
    'a0000000-0000-4000-8000-000000000920',
    'a0000000-0000-4000-8000-000000000808',
    'Visual',
    0
  ),
  (
    'a0000000-0000-4000-8000-000000000921',
    'a0000000-0000-4000-8000-000000000808',
    'Regular Tutor',
    1
  ),
  (
    'a0000000-0000-4000-8000-000000000922',
    'a0000000-0000-4000-8000-000000000808',
    'Front Stage Actions',
    2
  ),
  (
    'a0000000-0000-4000-8000-000000000923',
    'a0000000-0000-4000-8000-000000000808',
    'Front Stage Tech',
    3
  ),
  (
    'a0000000-0000-4000-8000-000000000924',
    'a0000000-0000-4000-8000-000000000808',
    'Back Stage Actions',
    4
  ),
  (
    'a0000000-0000-4000-8000-000000000925',
    'a0000000-0000-4000-8000-000000000808',
    'Back Stage Tech',
    5
  ),
  (
    'a0000000-0000-4000-8000-000000000926',
    'a0000000-0000-4000-8000-000000000808',
    'Support Actions',
    6
  )
on conflict (id) do update set
  name = excluded.name,
  row_position = excluded.row_position,
  path_id = excluded.path_id;

insert into public.steps (id, service_scenario_id, name)
values
  (
    'a0000000-0000-4000-8000-000000000940',
    'a0000000-0000-4000-8000-000000000128',
    'Initial need'
  ),
  (
    'a0000000-0000-4000-8000-000000000941',
    'a0000000-0000-4000-8000-000000000128',
    'Early call-off'
  ),
  (
    'a0000000-0000-4000-8000-000000000942',
    'a0000000-0000-4000-8000-000000000128',
    'Late call-off'
  ),
  (
    'a0000000-0000-4000-8000-000000000943',
    'a0000000-0000-4000-8000-000000000128',
    'Peer support'
  ),
  (
    'a0000000-0000-4000-8000-000000000944',
    'a0000000-0000-4000-8000-000000000128',
    'Internal decision'
  ),
  (
    'a0000000-0000-4000-8000-000000000945',
    'a0000000-0000-4000-8000-000000000128',
    'Final notification'
  )
on conflict (id) do update set
  name = excluded.name,
  service_scenario_id = excluded.service_scenario_id;

delete from public.path_steps
where path_id = 'a0000000-0000-4000-8000-000000000808';

insert into public.path_steps (path_id, step_id, column_position)
values
  ('a0000000-0000-4000-8000-000000000808', 'a0000000-0000-4000-8000-000000000940', 1),
  ('a0000000-0000-4000-8000-000000000808', 'a0000000-0000-4000-8000-000000000941', 2),
  ('a0000000-0000-4000-8000-000000000808', 'a0000000-0000-4000-8000-000000000942', 3),
  ('a0000000-0000-4000-8000-000000000808', 'a0000000-0000-4000-8000-000000000943', 4),
  ('a0000000-0000-4000-8000-000000000808', 'a0000000-0000-4000-8000-000000000944', 5),
  ('a0000000-0000-4000-8000-000000000808', 'a0000000-0000-4000-8000-000000000945', 6)
on conflict (path_id, step_id) do update set
  column_position = excluded.column_position;

insert into public.cells (id, path_id, layer_id, step_id, content)
values
  ('a0000000-0000-4000-8000-000000170110', 'a0000000-0000-4000-8000-000000000808', 'a0000000-0000-4000-8000-000000000920', 'a0000000-0000-4000-8000-000000000940', ''),
  ('a0000000-0000-4000-8000-000000170103', 'a0000000-0000-4000-8000-000000000808', 'a0000000-0000-4000-8000-000000000921', 'a0000000-0000-4000-8000-000000000940', 'Tutor needs to Call off'),

  ('a0000000-0000-4000-8000-000000170210', 'a0000000-0000-4000-8000-000000000808', 'a0000000-0000-4000-8000-000000000920', 'a0000000-0000-4000-8000-000000000941', ''),
  ('a0000000-0000-4000-8000-000000170203', 'a0000000-0000-4000-8000-000000000808', 'a0000000-0000-4000-8000-000000000921', 'a0000000-0000-4000-8000-000000000941', 'if it''s 12 or more hours before session, tutor complete shift swap form.'),
  ('a0000000-0000-4000-8000-000000170206', 'a0000000-0000-4000-8000-000000000808', 'a0000000-0000-4000-8000-000000000923', 'a0000000-0000-4000-8000-000000000941', 'Shift Swap Google Form'),
  ('a0000000-0000-4000-8000-000000170207', 'a0000000-0000-4000-8000-000000000808', 'a0000000-0000-4000-8000-000000000924', 'a0000000-0000-4000-8000-000000000941', 'Tutor Supervisor create and reviews google form request for shift swap'),
  ('a0000000-0000-4000-8000-000000170208', 'a0000000-0000-4000-8000-000000000808', 'a0000000-0000-4000-8000-000000000925', 'a0000000-0000-4000-8000-000000000941', 'Shift Swap Google Form Responses, Tutor Scheduling Software'),

  ('a0000000-0000-4000-8000-000000170310', 'a0000000-0000-4000-8000-000000000808', 'a0000000-0000-4000-8000-000000000920', 'a0000000-0000-4000-8000-000000000942', ''),
  ('a0000000-0000-4000-8000-000000170303', 'a0000000-0000-4000-8000-000000000808', 'a0000000-0000-4000-8000-000000000921', 'a0000000-0000-4000-8000-000000000942', 'if it is less than 12 hours before session, tutor emails supervisor.'),
  ('a0000000-0000-4000-8000-000000170304', 'a0000000-0000-4000-8000-000000000808', 'a0000000-0000-4000-8000-000000000922', 'a0000000-0000-4000-8000-000000000942', 'Tutor Supervisor receives email request for shift swap'),
  ('a0000000-0000-4000-8000-000000170306', 'a0000000-0000-4000-8000-000000000808', 'a0000000-0000-4000-8000-000000000923', 'a0000000-0000-4000-8000-000000000942', 'Email'),

  ('a0000000-0000-4000-8000-000000170410', 'a0000000-0000-4000-8000-000000000808', 'a0000000-0000-4000-8000-000000000920', 'a0000000-0000-4000-8000-000000000943', ''),
  ('a0000000-0000-4000-8000-000000170403', 'a0000000-0000-4000-8000-000000000808', 'a0000000-0000-4000-8000-000000000921', 'a0000000-0000-4000-8000-000000000943', 'Tutor send message in #shift-swap to see if anyone can cover'),
  ('a0000000-0000-4000-8000-000000170404', 'a0000000-0000-4000-8000-000000000808', 'a0000000-0000-4000-8000-000000000922', 'a0000000-0000-4000-8000-000000000943', 'Other Tutors in #shift-swap channel may or may not respond'),
  ('a0000000-0000-4000-8000-000000170406', 'a0000000-0000-4000-8000-000000000808', 'a0000000-0000-4000-8000-000000000923', 'a0000000-0000-4000-8000-000000000943', 'Slack'),

  ('a0000000-0000-4000-8000-000000170510', 'a0000000-0000-4000-8000-000000000808', 'a0000000-0000-4000-8000-000000000920', 'a0000000-0000-4000-8000-000000000944', ''),
  ('a0000000-0000-4000-8000-000000170507', 'a0000000-0000-4000-8000-000000000808', 'a0000000-0000-4000-8000-000000000924', 'a0000000-0000-4000-8000-000000000944', 'Tutor Supervisor team may or may not find replacement for tutor and determines if this counts as excused or unexcused decision'),
  ('a0000000-0000-4000-8000-000000170508', 'a0000000-0000-4000-8000-000000000808', 'a0000000-0000-4000-8000-000000000925', 'a0000000-0000-4000-8000-000000000944', 'Tutor Scheduling Software'),

  ('a0000000-0000-4000-8000-000000170610', 'a0000000-0000-4000-8000-000000000808', 'a0000000-0000-4000-8000-000000000920', 'a0000000-0000-4000-8000-000000000945', ''),
  ('a0000000-0000-4000-8000-000000170603', 'a0000000-0000-4000-8000-000000000808', 'a0000000-0000-4000-8000-000000000921', 'a0000000-0000-4000-8000-000000000945', 'Tutor receives excused or unexcused decision'),
  ('a0000000-0000-4000-8000-000000170604', 'a0000000-0000-4000-8000-000000000808', 'a0000000-0000-4000-8000-000000000922', 'a0000000-0000-4000-8000-000000000945', 'Tutor supervisor team sends excuse decision'),
  ('a0000000-0000-4000-8000-000000170606', 'a0000000-0000-4000-8000-000000000808', 'a0000000-0000-4000-8000-000000000923', 'a0000000-0000-4000-8000-000000000945', 'Email')
on conflict (id) do update set
  path_id = excluded.path_id,
  layer_id = excluded.layer_id,
  step_id = excluded.step_id,
  content = excluded.content;

insert into public.cell_triggers (id, source_cell_id, target_cell_id)
values
  ('a0000000-0000-4000-8000-000000095001', 'a0000000-0000-4000-8000-000000170103', 'a0000000-0000-4000-8000-000000170203'),
  ('a0000000-0000-4000-8000-000000095003', 'a0000000-0000-4000-8000-000000170103', 'a0000000-0000-4000-8000-000000170303'),
  ('a0000000-0000-4000-8000-000000095002', 'a0000000-0000-4000-8000-000000170203', 'a0000000-0000-4000-8000-000000170207'),
  ('a0000000-0000-4000-8000-000000095004', 'a0000000-0000-4000-8000-000000170207', 'a0000000-0000-4000-8000-000000170507'),
  ('a0000000-0000-4000-8000-000000095005', 'a0000000-0000-4000-8000-000000170303', 'a0000000-0000-4000-8000-000000170304'),
  ('a0000000-0000-4000-8000-000000095006', 'a0000000-0000-4000-8000-000000170303', 'a0000000-0000-4000-8000-000000170403'),
  ('a0000000-0000-4000-8000-000000095007', 'a0000000-0000-4000-8000-000000170403', 'a0000000-0000-4000-8000-000000170404'),
  ('a0000000-0000-4000-8000-000000095008', 'a0000000-0000-4000-8000-000000170507', 'a0000000-0000-4000-8000-000000170604'),
  ('a0000000-0000-4000-8000-000000095009', 'a0000000-0000-4000-8000-000000170604', 'a0000000-0000-4000-8000-000000170603')
on conflict (id) do update set
  source_cell_id = excluded.source_cell_id,
  target_cell_id = excluded.target_cell_id;
