-- Post-session → Reporting an Issue scenario — Happy Path blueprint content

insert into public.paths (id, service_scenario_id, name, description, path_type)
values (
  'a0000000-0000-4000-8000-00000000080f',
  'a0000000-0000-4000-8000-000000000207',
  'Happy Path',
  'Tutor reports a session issue after tutoring.',
  'happy'
)
on conflict (id) do update set
  service_scenario_id = excluded.service_scenario_id,
  name = excluded.name,
  description = excluded.description,
  path_type = excluded.path_type;

delete from public.cell_triggers
where source_cell_id in (
  select id from public.cells
  where path_id = 'a0000000-0000-4000-8000-00000000080f'
);

delete from public.cells
where path_id = 'a0000000-0000-4000-8000-00000000080f';

delete from public.layers
where path_id = 'a0000000-0000-4000-8000-00000000080f';

insert into public.layers (id, path_id, name, row_position)
values
  ('a0000000-0000-4000-8000-000000000910', 'a0000000-0000-4000-8000-00000000080f', 'Visual', 0),
  ('a0000000-0000-4000-8000-000000000911', 'a0000000-0000-4000-8000-00000000080f', 'Regular Tutor', 1),
  ('a0000000-0000-4000-8000-000000000912', 'a0000000-0000-4000-8000-00000000080f', 'Front Stage Actions', 2),
  ('a0000000-0000-4000-8000-000000000913', 'a0000000-0000-4000-8000-00000000080f', 'Front Stage Tech', 3),
  ('a0000000-0000-4000-8000-000000000914', 'a0000000-0000-4000-8000-00000000080f', 'Back Stage Actions', 4),
  ('a0000000-0000-4000-8000-000000000915', 'a0000000-0000-4000-8000-00000000080f', 'Back Stage Tech', 5),
  ('a0000000-0000-4000-8000-000000000916', 'a0000000-0000-4000-8000-00000000080f', 'Support Actions', 6)
on conflict (id) do update set
  name = excluded.name,
  row_position = excluded.row_position,
  path_id = excluded.path_id;

insert into public.steps (id, service_scenario_id, name)
values
  ('a0000000-0000-4000-8000-000000000988', 'a0000000-0000-4000-8000-000000000207', 'Reach out'),
  ('a0000000-0000-4000-8000-000000000989', 'a0000000-0000-4000-8000-000000000207', 'Evaluate concern'),
  ('a0000000-0000-4000-8000-000000000990', 'a0000000-0000-4000-8000-000000000207', 'Resolve concern'),
  ('a0000000-0000-4000-8000-000000000991', 'a0000000-0000-4000-8000-000000000207', 'Request assistance'),
  ('a0000000-0000-4000-8000-000000000993', 'a0000000-0000-4000-8000-000000000207', 'Follow up')
on conflict (id) do update set
  name = excluded.name,
  service_scenario_id = excluded.service_scenario_id;

delete from public.path_steps
where path_id = 'a0000000-0000-4000-8000-00000000080f';

insert into public.path_steps (path_id, step_id, column_position)
values
  ('a0000000-0000-4000-8000-00000000080f', 'a0000000-0000-4000-8000-000000000988', 1),
  ('a0000000-0000-4000-8000-00000000080f', 'a0000000-0000-4000-8000-000000000989', 2),
  ('a0000000-0000-4000-8000-00000000080f', 'a0000000-0000-4000-8000-000000000990', 3),
  ('a0000000-0000-4000-8000-00000000080f', 'a0000000-0000-4000-8000-000000000991', 4),
  ('a0000000-0000-4000-8000-00000000080f', 'a0000000-0000-4000-8000-000000000993', 5)
on conflict (path_id, step_id) do update set
  column_position = excluded.column_position;

insert into public.cells (id, path_id, layer_id, step_id, content)
values
  ('a0000000-0000-4000-8000-0000001d0110', 'a0000000-0000-4000-8000-00000000080f', 'a0000000-0000-4000-8000-000000000910', 'a0000000-0000-4000-8000-000000000988', ''),
  ('a0000000-0000-4000-8000-0000001d0103', 'a0000000-0000-4000-8000-00000000080f', 'a0000000-0000-4000-8000-000000000911', 'a0000000-0000-4000-8000-000000000988', 'Reach out to PLUS staff with any concerns'),
  ('a0000000-0000-4000-8000-0000001d0210', 'a0000000-0000-4000-8000-00000000080f', 'a0000000-0000-4000-8000-000000000910', 'a0000000-0000-4000-8000-000000000989', ''),
  ('a0000000-0000-4000-8000-0000001d0204', 'a0000000-0000-4000-8000-00000000080f', 'a0000000-0000-4000-8000-000000000912', 'a0000000-0000-4000-8000-000000000989', 'PLUS Tutor Supervisor / Team Lead evaluates concern and routes as needed'),
  ('a0000000-0000-4000-8000-0000001d0206', 'a0000000-0000-4000-8000-00000000080f', 'a0000000-0000-4000-8000-000000000913', 'a0000000-0000-4000-8000-000000000989', 'Slack, Email'),
  ('a0000000-0000-4000-8000-0000001d0310', 'a0000000-0000-4000-8000-00000000080f', 'a0000000-0000-4000-8000-000000000910', 'a0000000-0000-4000-8000-000000000990', ''),
  ('a0000000-0000-4000-8000-0000001d0307', 'a0000000-0000-4000-8000-00000000080f', 'a0000000-0000-4000-8000-000000000914', 'a0000000-0000-4000-8000-000000000990', 'PLUS Tutor Supervisor / Team Lead resolves concern'),
  ('a0000000-0000-4000-8000-0000001d0410', 'a0000000-0000-4000-8000-00000000080f', 'a0000000-0000-4000-8000-000000000910', 'a0000000-0000-4000-8000-000000000991', ''),
  ('a0000000-0000-4000-8000-0000001d0404', 'a0000000-0000-4000-8000-00000000080f', 'a0000000-0000-4000-8000-000000000912', 'a0000000-0000-4000-8000-000000000991', 'PLUS Staff might request assistance if issue is on recording'),
  ('a0000000-0000-4000-8000-0000001d0406', 'a0000000-0000-4000-8000-00000000080f', 'a0000000-0000-4000-8000-000000000913', 'a0000000-0000-4000-8000-000000000991', 'Slack, Email'),
  ('a0000000-0000-4000-8000-0000001d0510', 'a0000000-0000-4000-8000-00000000080f', 'a0000000-0000-4000-8000-000000000910', 'a0000000-0000-4000-8000-000000000993', ''),
  ('a0000000-0000-4000-8000-0000001d0503', 'a0000000-0000-4000-8000-00000000080f', 'a0000000-0000-4000-8000-000000000911', 'a0000000-0000-4000-8000-000000000993', 'Processes request and follows up on request'),
  ('a0000000-0000-4000-8000-0000001d0506', 'a0000000-0000-4000-8000-00000000080f', 'a0000000-0000-4000-8000-000000000913', 'a0000000-0000-4000-8000-000000000993', 'Slack, Email, Zoom, Phone')
on conflict (id) do update set
  path_id = excluded.path_id,
  layer_id = excluded.layer_id,
  step_id = excluded.step_id,
  content = excluded.content;

insert into public.cell_triggers (id, source_cell_id, target_cell_id)
values
  ('a0000000-0000-4000-8000-000000098070', 'a0000000-0000-4000-8000-0000001d0103', 'a0000000-0000-4000-8000-0000001d0204'),
  ('a0000000-0000-4000-8000-000000098071', 'a0000000-0000-4000-8000-0000001d0204', 'a0000000-0000-4000-8000-0000001d0307'),
  ('a0000000-0000-4000-8000-000000098072', 'a0000000-0000-4000-8000-0000001d0307', 'a0000000-0000-4000-8000-0000001d0404'),
  ('a0000000-0000-4000-8000-000000098073', 'a0000000-0000-4000-8000-0000001d0404', 'a0000000-0000-4000-8000-0000001d0503')
on conflict (id) do update set
  source_cell_id = excluded.source_cell_id,
  target_cell_id = excluded.target_cell_id;
