-- Parallel session shared Partner/Lead tutor lanes

-- In-session → Goal-Setting Phase scenario — Happy Path
-- Stable keys map to fixed UUIDs in src/data/goalSettingHappyPathFallback.ts

update public.service_scenarios
set
  description = 'Tutors guide students through goal setting in breakout sessions.',
  view_type = 'side-by-side'
where id = 'a0000000-0000-4000-8000-000000000204';

insert into public.paths (id, service_scenario_id, name, description, path_type)
values (
  'a0000000-0000-4000-8000-00000000080c',
  'a0000000-0000-4000-8000-000000000204',
  'Happy Path',
  'Tutors guide students through goal setting in breakout sessions.',
  'happy'
)
on conflict (id) do update set
  service_scenario_id = excluded.service_scenario_id,
  name = excluded.name,
  description = excluded.description,
  path_type = excluded.path_type;

delete from public.cell_triggers
where source_cell_id in (
  select id from public.cells
  where path_id = 'a0000000-0000-4000-8000-00000000080c'
);

delete from public.cells
where path_id = 'a0000000-0000-4000-8000-00000000080c';

delete from public.layers
where path_id = 'a0000000-0000-4000-8000-00000000080c';

insert into public.layers (id, path_id, name, row_position)
values
  ('a0000000-0000-4000-8000-000000000850', 'a0000000-0000-4000-8000-00000000080c', 'Visual', 0),
  ('a0000000-0000-4000-8000-000000000857', 'a0000000-0000-4000-8000-00000000080c', 'Partner Action: Teacher', 1),
  ('a0000000-0000-4000-8000-000000000858', 'a0000000-0000-4000-8000-00000000080c', 'Lead Tutor', 2),
  ('a0000000-0000-4000-8000-000000000851', 'a0000000-0000-4000-8000-00000000080c', 'Regular Tutor', 3),
  ('a0000000-0000-4000-8000-000000000853', 'a0000000-0000-4000-8000-00000000080c', 'Front Stage Tech', 4),
  ('a0000000-0000-4000-8000-000000000852', 'a0000000-0000-4000-8000-00000000080c', 'Front Stage Actions', 5),
  ('a0000000-0000-4000-8000-000000000854', 'a0000000-0000-4000-8000-00000000080c', 'Back Stage Actions', 6),
  ('a0000000-0000-4000-8000-000000000855', 'a0000000-0000-4000-8000-00000000080c', 'Back Stage Tech', 7),
  ('a0000000-0000-4000-8000-000000000856', 'a0000000-0000-4000-8000-00000000080c', 'Support Actions', 8)
on conflict (id) do update set
  name = excluded.name,
  row_position = excluded.row_position,
  path_id = excluded.path_id;

insert into public.steps (id, service_scenario_id, name)
values
  ('a0000000-0000-4000-8000-000000000970', 'a0000000-0000-4000-8000-000000000204', 'Join breakout session'),
  ('a0000000-0000-4000-8000-000000000971', 'a0000000-0000-4000-8000-000000000204', 'Share screen'),
  ('a0000000-0000-4000-8000-000000000972', 'a0000000-0000-4000-8000-000000000204', 'Set or check goal'),
  ('a0000000-0000-4000-8000-000000000973', 'a0000000-0000-4000-8000-000000000204', 'Complete goal strategy'),
  ('a0000000-0000-4000-8000-000000000974', 'a0000000-0000-4000-8000-000000000204', 'Next student'),
  ('a0000000-0000-4000-8000-000000000984', 'a0000000-0000-4000-8000-000000000204', 'Handles student tech problems as they arise'),
  ('a0000000-0000-4000-8000-000000000985', 'a0000000-0000-4000-8000-000000000204', 'Escalates unresolved issues to tutors@tutor.plus promptly')
on conflict (id) do update set
  name = excluded.name,
  service_scenario_id = excluded.service_scenario_id;

delete from public.path_steps
where path_id = 'a0000000-0000-4000-8000-00000000080c';

insert into public.path_steps (path_id, step_id, column_position)
values
  ('a0000000-0000-4000-8000-00000000080c', 'a0000000-0000-4000-8000-000000000970', 1),
  ('a0000000-0000-4000-8000-00000000080c', 'a0000000-0000-4000-8000-000000000971', 2),
  ('a0000000-0000-4000-8000-00000000080c', 'a0000000-0000-4000-8000-000000000972', 3),
  ('a0000000-0000-4000-8000-00000000080c', 'a0000000-0000-4000-8000-000000000973', 4),
  ('a0000000-0000-4000-8000-00000000080c', 'a0000000-0000-4000-8000-000000000974', 5),
  ('a0000000-0000-4000-8000-00000000080c', 'a0000000-0000-4000-8000-000000000984', 6),
  ('a0000000-0000-4000-8000-00000000080c', 'a0000000-0000-4000-8000-000000000985', 7)
on conflict (path_id, step_id) do update set
  column_position = excluded.column_position;

insert into public.cells (id, path_id, layer_id, step_id, content)
values
  ('a0000000-0000-4000-8000-0000001a0110', 'a0000000-0000-4000-8000-00000000080c', 'a0000000-0000-4000-8000-000000000850', 'a0000000-0000-4000-8000-000000000970', ''),
  ('a0000000-0000-4000-8000-0000001a0210', 'a0000000-0000-4000-8000-00000000080c', 'a0000000-0000-4000-8000-000000000850', 'a0000000-0000-4000-8000-000000000971', ''),
  ('a0000000-0000-4000-8000-0000001a0310', 'a0000000-0000-4000-8000-00000000080c', 'a0000000-0000-4000-8000-000000000850', 'a0000000-0000-4000-8000-000000000972', ''),
  ('a0000000-0000-4000-8000-0000001a0410', 'a0000000-0000-4000-8000-00000000080c', 'a0000000-0000-4000-8000-000000000850', 'a0000000-0000-4000-8000-000000000973', ''),
  ('a0000000-0000-4000-8000-0000001a0510', 'a0000000-0000-4000-8000-00000000080c', 'a0000000-0000-4000-8000-000000000850', 'a0000000-0000-4000-8000-000000000974', ''),
  ('a0000000-0000-4000-8000-0000001a0610', 'a0000000-0000-4000-8000-00000000080c', 'a0000000-0000-4000-8000-000000000850', 'a0000000-0000-4000-8000-000000000984', ''),
  ('a0000000-0000-4000-8000-0000001a0710', 'a0000000-0000-4000-8000-00000000080c', 'a0000000-0000-4000-8000-000000000850', 'a0000000-0000-4000-8000-000000000985', ''),
  ('a0000000-0000-4000-8000-0000001a0101', 'a0000000-0000-4000-8000-00000000080c', 'a0000000-0000-4000-8000-000000000857', 'a0000000-0000-4000-8000-000000000970', 'Circulate and quietly observe the students'),
  ('a0000000-0000-4000-8000-0000001a0201', 'a0000000-0000-4000-8000-00000000080c', 'a0000000-0000-4000-8000-000000000857', 'a0000000-0000-4000-8000-000000000971', 'Remind students to keep working while waiting'),
  ('a0000000-0000-4000-8000-0000001a0301', 'a0000000-0000-4000-8000-00000000080c', 'a0000000-0000-4000-8000-000000000857', 'a0000000-0000-4000-8000-000000000972', 'Checks if all students are in the correct breakout room'),
  ('a0000000-0000-4000-8000-0000001a0401', 'a0000000-0000-4000-8000-00000000080c', 'a0000000-0000-4000-8000-000000000857', 'a0000000-0000-4000-8000-000000000973', 'Receives information that student is absent from session'),
  ('a0000000-0000-4000-8000-0000001a0501', 'a0000000-0000-4000-8000-00000000080c', 'a0000000-0000-4000-8000-000000000857', 'a0000000-0000-4000-8000-000000000974', 'Alerts lead tutor about unassigned or miss-assigned students using the "ask for help" alert'),
  ('a0000000-0000-4000-8000-0000001a0601', 'a0000000-0000-4000-8000-00000000080c', 'a0000000-0000-4000-8000-000000000857', 'a0000000-0000-4000-8000-000000000984', 'Handles student tech problems as they arise'),
  ('a0000000-0000-4000-8000-0000001a0701', 'a0000000-0000-4000-8000-00000000080c', 'a0000000-0000-4000-8000-000000000857', 'a0000000-0000-4000-8000-000000000985', 'Escalates unresolved issues to tutors@tutor.plus promptly'),
  ('a0000000-0000-4000-8000-0000001a0102', 'a0000000-0000-4000-8000-00000000080c', 'a0000000-0000-4000-8000-000000000858', 'a0000000-0000-4000-8000-000000000970', 'Rename students to match roster name'),
  ('a0000000-0000-4000-8000-0000001a0202', 'a0000000-0000-4000-8000-00000000080c', 'a0000000-0000-4000-8000-000000000858', 'a0000000-0000-4000-8000-000000000971', 'Add any un-rostered students to attendance list'),
  ('a0000000-0000-4000-8000-0000001a0302', 'a0000000-0000-4000-8000-00000000080c', 'a0000000-0000-4000-8000-000000000858', 'a0000000-0000-4000-8000-000000000972', 'Manually assign unpaired students to available tutors'),
  ('a0000000-0000-4000-8000-0000001a0402', 'a0000000-0000-4000-8000-00000000080c', 'a0000000-0000-4000-8000-000000000858', 'a0000000-0000-4000-8000-000000000973', 'Inform Classroom teacher about students that are absent'),
  ('a0000000-0000-4000-8000-0000001a0502', 'a0000000-0000-4000-8000-00000000080c', 'a0000000-0000-4000-8000-000000000858', 'a0000000-0000-4000-8000-000000000974', 'Respond to classroom teachers "ask for help" request'),
  ('a0000000-0000-4000-8000-0000001a0103', 'a0000000-0000-4000-8000-00000000080c', 'a0000000-0000-4000-8000-000000000851', 'a0000000-0000-4000-8000-000000000970', 'Join breakout session'),
  ('a0000000-0000-4000-8000-0000001a0203', 'a0000000-0000-4000-8000-00000000080c', 'a0000000-0000-4000-8000-000000000851', 'a0000000-0000-4000-8000-000000000971', 'Share screen'),
  ('a0000000-0000-4000-8000-0000001a0303', 'a0000000-0000-4000-8000-00000000080c', 'a0000000-0000-4000-8000-000000000851', 'a0000000-0000-4000-8000-000000000972', 'update, check, or set goal depending on point in goal cycle'),
  ('a0000000-0000-4000-8000-0000001a0403', 'a0000000-0000-4000-8000-00000000080c', 'a0000000-0000-4000-8000-000000000851', 'a0000000-0000-4000-8000-000000000973', 'If prompted, complete goal achievement strategy with student'),
  ('a0000000-0000-4000-8000-0000001a0503', 'a0000000-0000-4000-8000-00000000080c', 'a0000000-0000-4000-8000-000000000851', 'a0000000-0000-4000-8000-000000000974', 'Move on to the next student in sorted order set by researchers'),
  ('a0000000-0000-4000-8000-0000001a0106', 'a0000000-0000-4000-8000-00000000080c', 'a0000000-0000-4000-8000-000000000853', 'a0000000-0000-4000-8000-000000000970', 'Zoom/Pencil, PLUS App'),
  ('a0000000-0000-4000-8000-0000001a0206', 'a0000000-0000-4000-8000-00000000080c', 'a0000000-0000-4000-8000-000000000853', 'a0000000-0000-4000-8000-000000000971', 'Zoom/Pencil, PLUS App'),
  ('a0000000-0000-4000-8000-0000001a0306', 'a0000000-0000-4000-8000-00000000080c', 'a0000000-0000-4000-8000-000000000853', 'a0000000-0000-4000-8000-000000000972', 'Zoom/Pencil, PLUS App'),
  ('a0000000-0000-4000-8000-0000001a0406', 'a0000000-0000-4000-8000-00000000080c', 'a0000000-0000-4000-8000-000000000853', 'a0000000-0000-4000-8000-000000000973', 'Zoom/Pencil, PLUS App'),
  ('a0000000-0000-4000-8000-0000001a0506', 'a0000000-0000-4000-8000-00000000080c', 'a0000000-0000-4000-8000-000000000853', 'a0000000-0000-4000-8000-000000000974', 'Zoom/Pencil, PLUS App'),
  ('a0000000-0000-4000-8000-0000001a0307', 'a0000000-0000-4000-8000-00000000080c', 'a0000000-0000-4000-8000-000000000854', 'a0000000-0000-4000-8000-000000000972', 'Graduate Researcher sets goal setting activities'),
  ('a0000000-0000-4000-8000-0000001a0407', 'a0000000-0000-4000-8000-00000000080c', 'a0000000-0000-4000-8000-000000000854', 'a0000000-0000-4000-8000-000000000973', 'Graduate Researcher sets goal setting activities'),
  ('a0000000-0000-4000-8000-0000001a0507', 'a0000000-0000-4000-8000-00000000080c', 'a0000000-0000-4000-8000-000000000854', 'a0000000-0000-4000-8000-000000000974', 'Researchers set student order'),
  ('a0000000-0000-4000-8000-0000001a0109', 'a0000000-0000-4000-8000-00000000080c', 'a0000000-0000-4000-8000-000000000856', 'a0000000-0000-4000-8000-000000000970', E'Dev Team\nDesign team'),
  ('a0000000-0000-4000-8000-0000001a0209', 'a0000000-0000-4000-8000-00000000080c', 'a0000000-0000-4000-8000-000000000856', 'a0000000-0000-4000-8000-000000000971', E'Dev Team\nDesign team'),
  ('a0000000-0000-4000-8000-0000001a0309', 'a0000000-0000-4000-8000-00000000080c', 'a0000000-0000-4000-8000-000000000856', 'a0000000-0000-4000-8000-000000000972', E'Dev Team\nDesign team'),
  ('a0000000-0000-4000-8000-0000001a0409', 'a0000000-0000-4000-8000-00000000080c', 'a0000000-0000-4000-8000-000000000856', 'a0000000-0000-4000-8000-000000000973', E'Dev Team\nDesign team'),
  ('a0000000-0000-4000-8000-0000001a0509', 'a0000000-0000-4000-8000-00000000080c', 'a0000000-0000-4000-8000-000000000856', 'a0000000-0000-4000-8000-000000000974', E'Researchers set student order\nDev Team\nDesign team')
on conflict (id) do update set
  path_id = excluded.path_id,
  layer_id = excluded.layer_id,
  step_id = excluded.step_id,
  content = excluded.content;

insert into public.cell_triggers (id, source_cell_id, target_cell_id)
values
  ('a0000000-0000-4000-8000-000000098001', 'a0000000-0000-4000-8000-0000001a0101', 'a0000000-0000-4000-8000-0000001a0201'),
  ('a0000000-0000-4000-8000-000000098002', 'a0000000-0000-4000-8000-0000001a0201', 'a0000000-0000-4000-8000-0000001a0301'),
  ('a0000000-0000-4000-8000-000000098003', 'a0000000-0000-4000-8000-0000001a0301', 'a0000000-0000-4000-8000-0000001a0401'),
  ('a0000000-0000-4000-8000-000000098004', 'a0000000-0000-4000-8000-0000001a0401', 'a0000000-0000-4000-8000-0000001a0501'),
  ('a0000000-0000-4000-8000-000000098005', 'a0000000-0000-4000-8000-0000001a0501', 'a0000000-0000-4000-8000-0000001a0601'),
  ('a0000000-0000-4000-8000-000000098006', 'a0000000-0000-4000-8000-0000001a0601', 'a0000000-0000-4000-8000-0000001a0701'),
  ('a0000000-0000-4000-8000-000000098020', 'a0000000-0000-4000-8000-0000001a0102', 'a0000000-0000-4000-8000-0000001a0202'),
  ('a0000000-0000-4000-8000-000000098021', 'a0000000-0000-4000-8000-0000001a0202', 'a0000000-0000-4000-8000-0000001a0302'),
  ('a0000000-0000-4000-8000-000000098022', 'a0000000-0000-4000-8000-0000001a0302', 'a0000000-0000-4000-8000-0000001a0402'),
  ('a0000000-0000-4000-8000-000000098023', 'a0000000-0000-4000-8000-0000001a0402', 'a0000000-0000-4000-8000-0000001a0502'),
  ('a0000000-0000-4000-8000-000000098033', 'a0000000-0000-4000-8000-0000001a0402', 'a0000000-0000-4000-8000-0000001a0401'),
  ('a0000000-0000-4000-8000-000000098034', 'a0000000-0000-4000-8000-0000001a0401', 'a0000000-0000-4000-8000-0000001a0402'),
  ('a0000000-0000-4000-8000-000000098035', 'a0000000-0000-4000-8000-0000001a0502', 'a0000000-0000-4000-8000-0000001a0501'),
  ('a0000000-0000-4000-8000-000000098036', 'a0000000-0000-4000-8000-0000001a0501', 'a0000000-0000-4000-8000-0000001a0502'),
  ('a0000000-0000-4000-8000-000000098040', 'a0000000-0000-4000-8000-0000001a0402', 'a0000000-0000-4000-8000-0000001a0102'),
  ('a0000000-0000-4000-8000-000000098041', 'a0000000-0000-4000-8000-0000001a0701', 'a0000000-0000-4000-8000-0000001a0101'),
  ('a0000000-0000-4000-8000-000000098050', 'a0000000-0000-4000-8000-0000001a0103', 'a0000000-0000-4000-8000-0000001a0203'),
  ('a0000000-0000-4000-8000-000000098051', 'a0000000-0000-4000-8000-0000001a0203', 'a0000000-0000-4000-8000-0000001a0303'),
  ('a0000000-0000-4000-8000-000000098052', 'a0000000-0000-4000-8000-0000001a0303', 'a0000000-0000-4000-8000-0000001a0403'),
  ('a0000000-0000-4000-8000-000000098053', 'a0000000-0000-4000-8000-0000001a0403', 'a0000000-0000-4000-8000-0000001a0503'),
  ('a0000000-0000-4000-8000-000000098060', 'a0000000-0000-4000-8000-0000001a0503', 'a0000000-0000-4000-8000-0000001a0103')
on conflict (id) do update set
  source_cell_id = excluded.source_cell_id,
  target_cell_id = excluded.target_cell_id;

-- In-session → Help Request scenario — Happy Path
-- Stable keys map to fixed UUIDs in src/data/helpRequestHappyPathFallback.ts

update public.service_scenarios
set
  description = 'Tutors receive and resolve student help requests during the session.',
  view_type = 'side-by-side'
where id = 'a0000000-0000-4000-8000-000000000205';

insert into public.paths (id, service_scenario_id, name, description, path_type)
values (
  'a0000000-0000-4000-8000-00000000080d',
  'a0000000-0000-4000-8000-000000000205',
  'Happy Path',
  'Tutors receive and resolve student help requests during the session.',
  'happy'
)
on conflict (id) do update set
  service_scenario_id = excluded.service_scenario_id,
  name = excluded.name,
  description = excluded.description,
  path_type = excluded.path_type;

delete from public.cell_triggers
where source_cell_id in (
  select id from public.cells
  where path_id = 'a0000000-0000-4000-8000-00000000080d'
);

delete from public.cells
where path_id = 'a0000000-0000-4000-8000-00000000080d';

delete from public.layers
where path_id = 'a0000000-0000-4000-8000-00000000080d';

insert into public.layers (id, path_id, name, row_position)
values
  ('a0000000-0000-4000-8000-000000000860', 'a0000000-0000-4000-8000-00000000080d', 'Visual', 0),
  ('a0000000-0000-4000-8000-000000000867', 'a0000000-0000-4000-8000-00000000080d', 'Partner Action: Teacher', 1),
  ('a0000000-0000-4000-8000-000000000868', 'a0000000-0000-4000-8000-00000000080d', 'Lead Tutor', 2),
  ('a0000000-0000-4000-8000-000000000861', 'a0000000-0000-4000-8000-00000000080d', 'Regular Tutor', 3),
  ('a0000000-0000-4000-8000-000000000863', 'a0000000-0000-4000-8000-00000000080d', 'Front Stage Tech', 4),
  ('a0000000-0000-4000-8000-000000000862', 'a0000000-0000-4000-8000-00000000080d', 'Front Stage Actions', 5),
  ('a0000000-0000-4000-8000-000000000864', 'a0000000-0000-4000-8000-00000000080d', 'Back Stage Actions', 6),
  ('a0000000-0000-4000-8000-000000000865', 'a0000000-0000-4000-8000-00000000080d', 'Back Stage Tech', 7),
  ('a0000000-0000-4000-8000-000000000866', 'a0000000-0000-4000-8000-00000000080d', 'Support Actions', 8)
on conflict (id) do update set
  name = excluded.name,
  row_position = excluded.row_position,
  path_id = excluded.path_id;

insert into public.steps (id, service_scenario_id, name)
values
  ('a0000000-0000-4000-8000-000000000975', 'a0000000-0000-4000-8000-000000000205', 'Receive help request'),
  ('a0000000-0000-4000-8000-000000000976', 'a0000000-0000-4000-8000-000000000205', 'Finish conversation'),
  ('a0000000-0000-4000-8000-000000000977', 'a0000000-0000-4000-8000-000000000205', 'Visit student'),
  ('a0000000-0000-4000-8000-000000000978', 'a0000000-0000-4000-8000-000000000205', 'Resolve issue'),
  ('a0000000-0000-4000-8000-000000000979', 'a0000000-0000-4000-8000-000000000205', 'Next student'),
  ('a0000000-0000-4000-8000-000000000986', 'a0000000-0000-4000-8000-000000000205', 'Handles student tech problems as they arise'),
  ('a0000000-0000-4000-8000-000000000987', 'a0000000-0000-4000-8000-000000000205', 'Escalates unresolved issues to tutors@tutor.plus promptly')
on conflict (id) do update set
  name = excluded.name,
  service_scenario_id = excluded.service_scenario_id;

delete from public.path_steps
where path_id = 'a0000000-0000-4000-8000-00000000080d';

insert into public.path_steps (path_id, step_id, column_position)
values
  ('a0000000-0000-4000-8000-00000000080d', 'a0000000-0000-4000-8000-000000000975', 1),
  ('a0000000-0000-4000-8000-00000000080d', 'a0000000-0000-4000-8000-000000000976', 2),
  ('a0000000-0000-4000-8000-00000000080d', 'a0000000-0000-4000-8000-000000000977', 3),
  ('a0000000-0000-4000-8000-00000000080d', 'a0000000-0000-4000-8000-000000000978', 4),
  ('a0000000-0000-4000-8000-00000000080d', 'a0000000-0000-4000-8000-000000000979', 5),
  ('a0000000-0000-4000-8000-00000000080d', 'a0000000-0000-4000-8000-000000000986', 6),
  ('a0000000-0000-4000-8000-00000000080d', 'a0000000-0000-4000-8000-000000000987', 7)
on conflict (path_id, step_id) do update set
  column_position = excluded.column_position;

insert into public.cells (id, path_id, layer_id, step_id, content)
values
  ('a0000000-0000-4000-8000-0000001b0110', 'a0000000-0000-4000-8000-00000000080d', 'a0000000-0000-4000-8000-000000000860', 'a0000000-0000-4000-8000-000000000975', ''),
  ('a0000000-0000-4000-8000-0000001b0210', 'a0000000-0000-4000-8000-00000000080d', 'a0000000-0000-4000-8000-000000000860', 'a0000000-0000-4000-8000-000000000976', ''),
  ('a0000000-0000-4000-8000-0000001b0310', 'a0000000-0000-4000-8000-00000000080d', 'a0000000-0000-4000-8000-000000000860', 'a0000000-0000-4000-8000-000000000977', ''),
  ('a0000000-0000-4000-8000-0000001b0410', 'a0000000-0000-4000-8000-00000000080d', 'a0000000-0000-4000-8000-000000000860', 'a0000000-0000-4000-8000-000000000978', ''),
  ('a0000000-0000-4000-8000-0000001b0510', 'a0000000-0000-4000-8000-00000000080d', 'a0000000-0000-4000-8000-000000000860', 'a0000000-0000-4000-8000-000000000979', ''),
  ('a0000000-0000-4000-8000-0000001b0610', 'a0000000-0000-4000-8000-00000000080d', 'a0000000-0000-4000-8000-000000000860', 'a0000000-0000-4000-8000-000000000986', ''),
  ('a0000000-0000-4000-8000-0000001b0710', 'a0000000-0000-4000-8000-00000000080d', 'a0000000-0000-4000-8000-000000000860', 'a0000000-0000-4000-8000-000000000987', ''),
  ('a0000000-0000-4000-8000-0000001b0101', 'a0000000-0000-4000-8000-00000000080d', 'a0000000-0000-4000-8000-000000000867', 'a0000000-0000-4000-8000-000000000975', 'Circulate and quietly observe the students'),
  ('a0000000-0000-4000-8000-0000001b0201', 'a0000000-0000-4000-8000-00000000080d', 'a0000000-0000-4000-8000-000000000867', 'a0000000-0000-4000-8000-000000000976', 'Remind students to keep working while waiting'),
  ('a0000000-0000-4000-8000-0000001b0301', 'a0000000-0000-4000-8000-00000000080d', 'a0000000-0000-4000-8000-000000000867', 'a0000000-0000-4000-8000-000000000977', 'Checks if all students are in the correct breakout room'),
  ('a0000000-0000-4000-8000-0000001b0401', 'a0000000-0000-4000-8000-00000000080d', 'a0000000-0000-4000-8000-000000000867', 'a0000000-0000-4000-8000-000000000978', 'Receives information that student is absent from session'),
  ('a0000000-0000-4000-8000-0000001b0501', 'a0000000-0000-4000-8000-00000000080d', 'a0000000-0000-4000-8000-000000000867', 'a0000000-0000-4000-8000-000000000979', 'Alerts lead tutor about unassigned or miss-assigned students using the "ask for help" alert'),
  ('a0000000-0000-4000-8000-0000001b0601', 'a0000000-0000-4000-8000-00000000080d', 'a0000000-0000-4000-8000-000000000867', 'a0000000-0000-4000-8000-000000000986', 'Handles student tech problems as they arise'),
  ('a0000000-0000-4000-8000-0000001b0701', 'a0000000-0000-4000-8000-00000000080d', 'a0000000-0000-4000-8000-000000000867', 'a0000000-0000-4000-8000-000000000987', 'Escalates unresolved issues to tutors@tutor.plus promptly'),
  ('a0000000-0000-4000-8000-0000001b0102', 'a0000000-0000-4000-8000-00000000080d', 'a0000000-0000-4000-8000-000000000868', 'a0000000-0000-4000-8000-000000000975', 'Rename students to match roster name'),
  ('a0000000-0000-4000-8000-0000001b0202', 'a0000000-0000-4000-8000-00000000080d', 'a0000000-0000-4000-8000-000000000868', 'a0000000-0000-4000-8000-000000000976', 'Add any un-rostered students to attendance list'),
  ('a0000000-0000-4000-8000-0000001b0302', 'a0000000-0000-4000-8000-00000000080d', 'a0000000-0000-4000-8000-000000000868', 'a0000000-0000-4000-8000-000000000977', 'Manually assign unpaired students to available tutors'),
  ('a0000000-0000-4000-8000-0000001b0402', 'a0000000-0000-4000-8000-00000000080d', 'a0000000-0000-4000-8000-000000000868', 'a0000000-0000-4000-8000-000000000978', 'Inform Classroom teacher about students that are absent'),
  ('a0000000-0000-4000-8000-0000001b0502', 'a0000000-0000-4000-8000-00000000080d', 'a0000000-0000-4000-8000-000000000868', 'a0000000-0000-4000-8000-000000000979', 'Respond to classroom teachers "ask for help" request'),
  ('a0000000-0000-4000-8000-0000001b0103', 'a0000000-0000-4000-8000-00000000080d', 'a0000000-0000-4000-8000-000000000861', 'a0000000-0000-4000-8000-000000000975', 'Tutor Receives Help Request'),
  ('a0000000-0000-4000-8000-0000001b0203', 'a0000000-0000-4000-8000-00000000080d', 'a0000000-0000-4000-8000-000000000861', 'a0000000-0000-4000-8000-000000000976', 'Finish current conversation in 1-2 minutes'),
  ('a0000000-0000-4000-8000-0000001b0303', 'a0000000-0000-4000-8000-00000000080d', 'a0000000-0000-4000-8000-000000000861', 'a0000000-0000-4000-8000-000000000977', 'Visit student requesting help'),
  ('a0000000-0000-4000-8000-0000001b0403', 'a0000000-0000-4000-8000-00000000080d', 'a0000000-0000-4000-8000-000000000861', 'a0000000-0000-4000-8000-000000000978', 'Resolve Issue'),
  ('a0000000-0000-4000-8000-0000001b0503', 'a0000000-0000-4000-8000-00000000080d', 'a0000000-0000-4000-8000-000000000861', 'a0000000-0000-4000-8000-000000000979', 'Return to the next student in sorted order set by researchers'),
  ('a0000000-0000-4000-8000-0000001b0106', 'a0000000-0000-4000-8000-00000000080d', 'a0000000-0000-4000-8000-000000000863', 'a0000000-0000-4000-8000-000000000975', 'Zoom/Pencil, PLUS App'),
  ('a0000000-0000-4000-8000-0000001b0206', 'a0000000-0000-4000-8000-00000000080d', 'a0000000-0000-4000-8000-000000000863', 'a0000000-0000-4000-8000-000000000976', 'Zoom/Pencil, PLUS App'),
  ('a0000000-0000-4000-8000-0000001b0306', 'a0000000-0000-4000-8000-00000000080d', 'a0000000-0000-4000-8000-000000000863', 'a0000000-0000-4000-8000-000000000977', 'Zoom/Pencil, PLUS App'),
  ('a0000000-0000-4000-8000-0000001b0406', 'a0000000-0000-4000-8000-00000000080d', 'a0000000-0000-4000-8000-000000000863', 'a0000000-0000-4000-8000-000000000978', 'Zoom/Pencil, PLUS App'),
  ('a0000000-0000-4000-8000-0000001b0506', 'a0000000-0000-4000-8000-00000000080d', 'a0000000-0000-4000-8000-000000000863', 'a0000000-0000-4000-8000-000000000979', 'Zoom/Pencil, PLUS App'),
  ('a0000000-0000-4000-8000-0000001b0507', 'a0000000-0000-4000-8000-00000000080d', 'a0000000-0000-4000-8000-000000000864', 'a0000000-0000-4000-8000-000000000979', 'Researchers set student order'),
  ('a0000000-0000-4000-8000-0000001b0109', 'a0000000-0000-4000-8000-00000000080d', 'a0000000-0000-4000-8000-000000000866', 'a0000000-0000-4000-8000-000000000975', E'Dev Team\nDesign team'),
  ('a0000000-0000-4000-8000-0000001b0209', 'a0000000-0000-4000-8000-00000000080d', 'a0000000-0000-4000-8000-000000000866', 'a0000000-0000-4000-8000-000000000976', E'Dev Team\nDesign team'),
  ('a0000000-0000-4000-8000-0000001b0309', 'a0000000-0000-4000-8000-00000000080d', 'a0000000-0000-4000-8000-000000000866', 'a0000000-0000-4000-8000-000000000977', E'Dev Team\nDesign team'),
  ('a0000000-0000-4000-8000-0000001b0409', 'a0000000-0000-4000-8000-00000000080d', 'a0000000-0000-4000-8000-000000000866', 'a0000000-0000-4000-8000-000000000978', E'Dev Team\nDesign team'),
  ('a0000000-0000-4000-8000-0000001b0509', 'a0000000-0000-4000-8000-00000000080d', 'a0000000-0000-4000-8000-000000000866', 'a0000000-0000-4000-8000-000000000979', E'Researchers set student order\nDev Team\nDesign team')
on conflict (id) do update set
  path_id = excluded.path_id,
  layer_id = excluded.layer_id,
  step_id = excluded.step_id,
  content = excluded.content;

insert into public.cell_triggers (id, source_cell_id, target_cell_id)
values
  ('a0000000-0000-4000-8000-000000099001', 'a0000000-0000-4000-8000-0000001b0101', 'a0000000-0000-4000-8000-0000001b0201'),
  ('a0000000-0000-4000-8000-000000099002', 'a0000000-0000-4000-8000-0000001b0201', 'a0000000-0000-4000-8000-0000001b0301'),
  ('a0000000-0000-4000-8000-000000099003', 'a0000000-0000-4000-8000-0000001b0301', 'a0000000-0000-4000-8000-0000001b0401'),
  ('a0000000-0000-4000-8000-000000099004', 'a0000000-0000-4000-8000-0000001b0401', 'a0000000-0000-4000-8000-0000001b0501'),
  ('a0000000-0000-4000-8000-000000099005', 'a0000000-0000-4000-8000-0000001b0501', 'a0000000-0000-4000-8000-0000001b0601'),
  ('a0000000-0000-4000-8000-000000099006', 'a0000000-0000-4000-8000-0000001b0601', 'a0000000-0000-4000-8000-0000001b0701'),
  ('a0000000-0000-4000-8000-000000099020', 'a0000000-0000-4000-8000-0000001b0102', 'a0000000-0000-4000-8000-0000001b0202'),
  ('a0000000-0000-4000-8000-000000099021', 'a0000000-0000-4000-8000-0000001b0202', 'a0000000-0000-4000-8000-0000001b0302'),
  ('a0000000-0000-4000-8000-000000099022', 'a0000000-0000-4000-8000-0000001b0302', 'a0000000-0000-4000-8000-0000001b0402'),
  ('a0000000-0000-4000-8000-000000099023', 'a0000000-0000-4000-8000-0000001b0402', 'a0000000-0000-4000-8000-0000001b0502'),
  ('a0000000-0000-4000-8000-000000099033', 'a0000000-0000-4000-8000-0000001b0402', 'a0000000-0000-4000-8000-0000001b0401'),
  ('a0000000-0000-4000-8000-000000099034', 'a0000000-0000-4000-8000-0000001b0401', 'a0000000-0000-4000-8000-0000001b0402'),
  ('a0000000-0000-4000-8000-000000099035', 'a0000000-0000-4000-8000-0000001b0502', 'a0000000-0000-4000-8000-0000001b0501'),
  ('a0000000-0000-4000-8000-000000099036', 'a0000000-0000-4000-8000-0000001b0501', 'a0000000-0000-4000-8000-0000001b0502'),
  ('a0000000-0000-4000-8000-000000099040', 'a0000000-0000-4000-8000-0000001b0402', 'a0000000-0000-4000-8000-0000001b0102'),
  ('a0000000-0000-4000-8000-000000099041', 'a0000000-0000-4000-8000-0000001b0701', 'a0000000-0000-4000-8000-0000001b0101'),
  ('a0000000-0000-4000-8000-000000099050', 'a0000000-0000-4000-8000-0000001b0103', 'a0000000-0000-4000-8000-0000001b0203'),
  ('a0000000-0000-4000-8000-000000099051', 'a0000000-0000-4000-8000-0000001b0203', 'a0000000-0000-4000-8000-0000001b0303'),
  ('a0000000-0000-4000-8000-000000099052', 'a0000000-0000-4000-8000-0000001b0303', 'a0000000-0000-4000-8000-0000001b0403'),
  ('a0000000-0000-4000-8000-000000099053', 'a0000000-0000-4000-8000-0000001b0403', 'a0000000-0000-4000-8000-0000001b0503'),
  ('a0000000-0000-4000-8000-000000099060', 'a0000000-0000-4000-8000-0000001b0503', 'a0000000-0000-4000-8000-0000001b0103')
on conflict (id) do update set
  source_cell_id = excluded.source_cell_id,
  target_cell_id = excluded.target_cell_id;

-- Warm-Up Happy Path: extend Partner/Lead through columns 4–7
insert into public.cells (id, path_id, layer_id, step_id, content)
values
  ('a0000000-0000-4000-8000-000000040401', 'a0000000-0000-4000-8000-000000000300', 'a0000000-0000-4000-8000-000000000301', 'a0000000-0000-4000-8000-000000000314', 'Receives information that student is absent from session'),
  ('a0000000-0000-4000-8000-000000040402', 'a0000000-0000-4000-8000-000000000300', 'a0000000-0000-4000-8000-000000000302', 'a0000000-0000-4000-8000-000000000314', 'Inform Classroom teacher about students that are absent'),
  ('a0000000-0000-4000-8000-000000040501', 'a0000000-0000-4000-8000-000000000300', 'a0000000-0000-4000-8000-000000000301', 'a0000000-0000-4000-8000-000000000315', 'Alerts lead tutor about unassigned or miss-assigned students using the "ask for help" alert'),
  ('a0000000-0000-4000-8000-000000040502', 'a0000000-0000-4000-8000-000000000300', 'a0000000-0000-4000-8000-000000000302', 'a0000000-0000-4000-8000-000000000315', 'Respond to classroom teachers "ask for help" request'),
  ('a0000000-0000-4000-8000-000000040601', 'a0000000-0000-4000-8000-000000000300', 'a0000000-0000-4000-8000-000000000301', 'a0000000-0000-4000-8000-000000000316', 'Handles student tech problems as they arise'),
  ('a0000000-0000-4000-8000-000000040701', 'a0000000-0000-4000-8000-000000000300', 'a0000000-0000-4000-8000-000000000301', 'a0000000-0000-4000-8000-000000000317', 'Escalates unresolved issues to tutors@tutor.plus promptly')
on conflict (id) do update set content = excluded.content, layer_id = excluded.layer_id, step_id = excluded.step_id;

delete from public.cell_triggers
where id in (
  'a0000000-0000-4000-8000-000000050108',
  'a0000000-0000-4000-8000-000000050109',
  'a0000000-0000-4000-8000-000000050110',
  'a0000000-0000-4000-8000-000000050111'
);

insert into public.cell_triggers (id, source_cell_id, target_cell_id)
values
  ('a0000000-0000-4000-8000-000000050001', 'a0000000-0000-4000-8000-000000040101', 'a0000000-0000-4000-8000-000000040201'),
  ('a0000000-0000-4000-8000-000000050002', 'a0000000-0000-4000-8000-000000040201', 'a0000000-0000-4000-8000-000000040301'),
  ('a0000000-0000-4000-8000-000000050003', 'a0000000-0000-4000-8000-000000040301', 'a0000000-0000-4000-8000-000000040401'),
  ('a0000000-0000-4000-8000-000000050004', 'a0000000-0000-4000-8000-000000040401', 'a0000000-0000-4000-8000-000000040501'),
  ('a0000000-0000-4000-8000-000000050005', 'a0000000-0000-4000-8000-000000040501', 'a0000000-0000-4000-8000-000000040601'),
  ('a0000000-0000-4000-8000-000000050006', 'a0000000-0000-4000-8000-000000040601', 'a0000000-0000-4000-8000-000000040701'),
  ('a0000000-0000-4000-8000-000000050020', 'a0000000-0000-4000-8000-000000040102', 'a0000000-0000-4000-8000-000000040202'),
  ('a0000000-0000-4000-8000-000000050021', 'a0000000-0000-4000-8000-000000040202', 'a0000000-0000-4000-8000-000000040302'),
  ('a0000000-0000-4000-8000-000000050022', 'a0000000-0000-4000-8000-000000040302', 'a0000000-0000-4000-8000-000000040402'),
  ('a0000000-0000-4000-8000-000000050023', 'a0000000-0000-4000-8000-000000040402', 'a0000000-0000-4000-8000-000000040502'),
  ('a0000000-0000-4000-8000-000000050033', 'a0000000-0000-4000-8000-000000040402', 'a0000000-0000-4000-8000-000000040401'),
  ('a0000000-0000-4000-8000-000000050034', 'a0000000-0000-4000-8000-000000040401', 'a0000000-0000-4000-8000-000000040402'),
  ('a0000000-0000-4000-8000-000000050035', 'a0000000-0000-4000-8000-000000040502', 'a0000000-0000-4000-8000-000000040501'),
  ('a0000000-0000-4000-8000-000000050036', 'a0000000-0000-4000-8000-000000040501', 'a0000000-0000-4000-8000-000000040502'),
  ('a0000000-0000-4000-8000-000000050040', 'a0000000-0000-4000-8000-000000040402', 'a0000000-0000-4000-8000-000000040102'),
  ('a0000000-0000-4000-8000-000000050041', 'a0000000-0000-4000-8000-000000040701', 'a0000000-0000-4000-8000-000000040101')
on conflict (id) do update set
  source_cell_id = excluded.source_cell_id,
  target_cell_id = excluded.target_cell_id;
