-- Pre-session → Fill-in Request scenario — Happy Path
-- Stable keys map to fixed UUIDs in src/data/fillInRequestHappyPathFallback.ts

insert into public.paths (id, service_scenario_id, name, description, path_type)
values (
  'a0000000-0000-4000-8000-000000000807',
  'a0000000-0000-4000-8000-000000000127',
  'Happy Path',
  'Tutor succesfully fills in for a fill-in request.',
  'happy'
)
on conflict (id) do update set
  service_scenario_id = excluded.service_scenario_id,
  name = excluded.name,
  description = excluded.description,
  path_type = excluded.path_type;

delete from public.cell_triggers
where source_cell_id in (
  select id from public.cells
  where path_id = 'a0000000-0000-4000-8000-000000000807'
);

delete from public.cells
where path_id = 'a0000000-0000-4000-8000-000000000807';

delete from public.layers
where path_id = 'a0000000-0000-4000-8000-000000000807';

insert into public.layers (id, path_id, name, row_position)
values
  (
    'a0000000-0000-4000-8000-000000000903',
    'a0000000-0000-4000-8000-000000000807',
    'Visual',
    0
  ),
  (
    'a0000000-0000-4000-8000-000000000904',
    'a0000000-0000-4000-8000-000000000807',
    'Regular Tutor',
    1
  ),
  (
    'a0000000-0000-4000-8000-000000000905',
    'a0000000-0000-4000-8000-000000000807',
    'Front Stage Actions',
    2
  ),
  (
    'a0000000-0000-4000-8000-000000000906',
    'a0000000-0000-4000-8000-000000000807',
    'Front Stage Tech',
    3
  ),
  (
    'a0000000-0000-4000-8000-000000000907',
    'a0000000-0000-4000-8000-000000000807',
    'Back Stage Actions',
    4
  ),
  (
    'a0000000-0000-4000-8000-000000000908',
    'a0000000-0000-4000-8000-000000000807',
    'Back Stage Tech',
    5
  ),
  (
    'a0000000-0000-4000-8000-000000000909',
    'a0000000-0000-4000-8000-000000000807',
    'Support Actions',
    6
  )
on conflict (id) do update set
  name = excluded.name,
  row_position = excluded.row_position,
  path_id = excluded.path_id;

insert into public.steps (id, service_scenario_id, name)
values
  (
    'a0000000-0000-4000-8000-000000000897',
    'a0000000-0000-4000-8000-000000000127',
    'Initial request'
  ),
  (
    'a0000000-0000-4000-8000-000000000898',
    'a0000000-0000-4000-8000-000000000127',
    'Send request'
  ),
  (
    'a0000000-0000-4000-8000-000000000899',
    'a0000000-0000-4000-8000-000000000127',
    'Tutor response'
  ),
  (
    'a0000000-0000-4000-8000-000000000900',
    'a0000000-0000-4000-8000-000000000127',
    'Finalize assignment'
  ),
  (
    'a0000000-0000-4000-8000-000000000901',
    'a0000000-0000-4000-8000-000000000127',
    'Access session'
  )
on conflict (id) do update set
  name = excluded.name,
  service_scenario_id = excluded.service_scenario_id;

delete from public.path_steps
where path_id = 'a0000000-0000-4000-8000-000000000807';

insert into public.path_steps (path_id, step_id, column_position)
values
  ('a0000000-0000-4000-8000-000000000807', 'a0000000-0000-4000-8000-000000000897', 1),
  ('a0000000-0000-4000-8000-000000000807', 'a0000000-0000-4000-8000-000000000898', 2),
  ('a0000000-0000-4000-8000-000000000807', 'a0000000-0000-4000-8000-000000000899', 3),
  ('a0000000-0000-4000-8000-000000000807', 'a0000000-0000-4000-8000-000000000900', 4),
  ('a0000000-0000-4000-8000-000000000807', 'a0000000-0000-4000-8000-000000000901', 5)
on conflict (path_id, step_id) do update set
  column_position = excluded.column_position;

insert into public.cells (id, path_id, layer_id, step_id, content)
values
  ('a0000000-0000-4000-8000-000000150110', 'a0000000-0000-4000-8000-000000000807', 'a0000000-0000-4000-8000-000000000903', 'a0000000-0000-4000-8000-000000000897', ''),
  ('a0000000-0000-4000-8000-000000150107', 'a0000000-0000-4000-8000-000000000807', 'a0000000-0000-4000-8000-000000000907', 'a0000000-0000-4000-8000-000000000897', 'Tutor supervisor team receives call off request and reviews tutor availabilities'),
  ('a0000000-0000-4000-8000-000000150108', 'a0000000-0000-4000-8000-000000000807', 'a0000000-0000-4000-8000-000000000908', 'a0000000-0000-4000-8000-000000000897', 'Shift Swap Google Form Responses, Tutor Scheduling Software'),
  ('a0000000-0000-4000-8000-000000150106', 'a0000000-0000-4000-8000-000000000807', 'a0000000-0000-4000-8000-000000000906', 'a0000000-0000-4000-8000-000000000897', 'Shift Swap Google Form'),

  ('a0000000-0000-4000-8000-000000150210', 'a0000000-0000-4000-8000-000000000807', 'a0000000-0000-4000-8000-000000000903', 'a0000000-0000-4000-8000-000000000898', ''),
  ('a0000000-0000-4000-8000-000000150204', 'a0000000-0000-4000-8000-000000000807', 'a0000000-0000-4000-8000-000000000905', 'a0000000-0000-4000-8000-000000000898', 'Tutor Supervisor Team requests fill in and fellow tutor sends message in #shift-swap slack channel'),
  ('a0000000-0000-4000-8000-000000150203', 'a0000000-0000-4000-8000-000000000807', 'a0000000-0000-4000-8000-000000000904', 'a0000000-0000-4000-8000-000000000898', 'Tutor receives request'),
  ('a0000000-0000-4000-8000-000000150206', 'a0000000-0000-4000-8000-000000000807', 'a0000000-0000-4000-8000-000000000906', 'a0000000-0000-4000-8000-000000000898', 'Slack, Email'),

  ('a0000000-0000-4000-8000-000000150310', 'a0000000-0000-4000-8000-000000000807', 'a0000000-0000-4000-8000-000000000903', 'a0000000-0000-4000-8000-000000000899', ''),
  ('a0000000-0000-4000-8000-000000150303', 'a0000000-0000-4000-8000-000000000807', 'a0000000-0000-4000-8000-000000000904', 'a0000000-0000-4000-8000-000000000899', 'Tutor confirms or denies fill in request'),
  ('a0000000-0000-4000-8000-000000150304', 'a0000000-0000-4000-8000-000000000807', 'a0000000-0000-4000-8000-000000000905', 'a0000000-0000-4000-8000-000000000899', 'Tutor Supervisor Team is notified on if Tutor can fill in'),
  ('a0000000-0000-4000-8000-000000150306', 'a0000000-0000-4000-8000-000000000807', 'a0000000-0000-4000-8000-000000000906', 'a0000000-0000-4000-8000-000000000899', 'Slack, Email'),

  ('a0000000-0000-4000-8000-000000150410', 'a0000000-0000-4000-8000-000000000807', 'a0000000-0000-4000-8000-000000000903', 'a0000000-0000-4000-8000-000000000900', ''),
  ('a0000000-0000-4000-8000-000000150407', 'a0000000-0000-4000-8000-000000000807', 'a0000000-0000-4000-8000-000000000907', 'a0000000-0000-4000-8000-000000000900', 'Tutor Supervisor Team adds tutor to session if tutor confirms request'),
  ('a0000000-0000-4000-8000-000000150408', 'a0000000-0000-4000-8000-000000000807', 'a0000000-0000-4000-8000-000000000908', 'a0000000-0000-4000-8000-000000000900', 'PLUS App'),
  ('a0000000-0000-4000-8000-000000150409', 'a0000000-0000-4000-8000-000000000807', 'a0000000-0000-4000-8000-000000000909', 'a0000000-0000-4000-8000-000000000900', E'Dev Team\nDesign Team'),

  ('a0000000-0000-4000-8000-000000150510', 'a0000000-0000-4000-8000-000000000807', 'a0000000-0000-4000-8000-000000000903', 'a0000000-0000-4000-8000-000000000901', ''),
  ('a0000000-0000-4000-8000-000000150503', 'a0000000-0000-4000-8000-000000000807', 'a0000000-0000-4000-8000-000000000904', 'a0000000-0000-4000-8000-000000000901', 'Tutor accesses session if able to fill in'),
  ('a0000000-0000-4000-8000-000000150506', 'a0000000-0000-4000-8000-000000000807', 'a0000000-0000-4000-8000-000000000906', 'a0000000-0000-4000-8000-000000000901', 'PLUS App'),
  ('a0000000-0000-4000-8000-000000150509', 'a0000000-0000-4000-8000-000000000807', 'a0000000-0000-4000-8000-000000000909', 'a0000000-0000-4000-8000-000000000901', E'Dev Team\nDesign Team')
on conflict (id) do update set
  path_id = excluded.path_id,
  layer_id = excluded.layer_id,
  step_id = excluded.step_id,
  content = excluded.content;

insert into public.cell_triggers (id, source_cell_id, target_cell_id)
values
  ('a0000000-0000-4000-8000-000000094001', 'a0000000-0000-4000-8000-000000150108', 'a0000000-0000-4000-8000-000000150107'),
  ('a0000000-0000-4000-8000-000000094002', 'a0000000-0000-4000-8000-000000150107', 'a0000000-0000-4000-8000-000000150204'),
  ('a0000000-0000-4000-8000-000000094003', 'a0000000-0000-4000-8000-000000150204', 'a0000000-0000-4000-8000-000000150203'),
  ('a0000000-0000-4000-8000-000000094004', 'a0000000-0000-4000-8000-000000150203', 'a0000000-0000-4000-8000-000000150303'),
  ('a0000000-0000-4000-8000-000000094005', 'a0000000-0000-4000-8000-000000150303', 'a0000000-0000-4000-8000-000000150304'),
  ('a0000000-0000-4000-8000-000000094006', 'a0000000-0000-4000-8000-000000150304', 'a0000000-0000-4000-8000-000000150407'),
  ('a0000000-0000-4000-8000-000000094007', 'a0000000-0000-4000-8000-000000150407', 'a0000000-0000-4000-8000-000000150408'),
  ('a0000000-0000-4000-8000-000000094008', 'a0000000-0000-4000-8000-000000150407', 'a0000000-0000-4000-8000-000000150503')
on conflict (id) do update set
  source_cell_id = excluded.source_cell_id,
  target_cell_id = excluded.target_cell_id;
