-- Repair scenarios with missing or corrupted blueprint data (layer UUID collisions)

-- Remove corrupted lesson-modules path from a partial migration apply
delete from public.cell_triggers
where source_cell_id in (
  select id from public.cells where path_id = 'a0000000-0000-4000-8000-000000007202'
);
delete from public.cells where path_id = 'a0000000-0000-4000-8000-000000007202';
delete from public.path_steps where path_id = 'a0000000-0000-4000-8000-000000007202';
delete from public.layers where path_id = 'a0000000-0000-4000-8000-000000007202';
delete from public.paths where id = 'a0000000-0000-4000-8000-000000007202';


-- pre_session_call_off_request_happy_path
-- Pre-session → Call-off Request scenario — Happy Path
-- Stable keys map to fixed UUIDs in src/data/callOffRequestHappyPathFallback.ts

insert into public.paths (id, service_scenario_id, name, description, path_type)
values (
  'a0000000-0000-4000-8000-000000000808',
  'a0000000-0000-4000-8000-000000000128',
  'Happy Path',
  'Tutor succesfully calls off for a call-off request.',
  'happy'
)
on conflict (id) do update set
  service_scenario_id = excluded.service_scenario_id,
  name = excluded.name,
  description = excluded.description,
  path_type = excluded.path_type;

delete from public.cell_triggers
where source_cell_id in (
  select id from public.cells
  where path_id = 'a0000000-0000-4000-8000-000000000808'
);

delete from public.cells
where path_id = 'a0000000-0000-4000-8000-000000000808';

delete from public.layers
where path_id = 'a0000000-0000-4000-8000-000000000808';

insert into public.layers (id, path_id, name, row_position)
values
  (
    'a0000000-0000-4000-8000-000000000971',
    'a0000000-0000-4000-8000-000000000808',
    'Visual',
    0
  ),
  (
    'a0000000-0000-4000-8000-000000000972',
    'a0000000-0000-4000-8000-000000000808',
    'Regular Tutor',
    1
  ),
  (
    'a0000000-0000-4000-8000-000000000973',
    'a0000000-0000-4000-8000-000000000808',
    'Front Stage Actions',
    2
  ),
  (
    'a0000000-0000-4000-8000-000000000974',
    'a0000000-0000-4000-8000-000000000808',
    'Front Stage Tech',
    3
  ),
  (
    'a0000000-0000-4000-8000-000000000975',
    'a0000000-0000-4000-8000-000000000808',
    'Back Stage Actions',
    4
  ),
  (
    'a0000000-0000-4000-8000-000000000976',
    'a0000000-0000-4000-8000-000000000808',
    'Back Stage Tech',
    5
  ),
  (
    'a0000000-0000-4000-8000-000000000977',
    'a0000000-0000-4000-8000-000000000808',
    'Support Actions',
    6
  )
on conflict (id) do update set
  name = excluded.name,
  row_position = excluded.row_position,
  path_id = excluded.path_id;

insert into public.steps (id, service_scenario_id, name)
values
  (
    'a0000000-0000-4000-8000-000000000940',
    'a0000000-0000-4000-8000-000000000128',
    'Initial need'
  ),
  (
    'a0000000-0000-4000-8000-000000000941',
    'a0000000-0000-4000-8000-000000000128',
    'Early call-off'
  ),
  (
    'a0000000-0000-4000-8000-000000000942',
    'a0000000-0000-4000-8000-000000000128',
    'Late call-off'
  ),
  (
    'a0000000-0000-4000-8000-000000000943',
    'a0000000-0000-4000-8000-000000000128',
    'Peer support'
  ),
  (
    'a0000000-0000-4000-8000-000000000944',
    'a0000000-0000-4000-8000-000000000128',
    'Internal decision'
  ),
  (
    'a0000000-0000-4000-8000-000000000945',
    'a0000000-0000-4000-8000-000000000128',
    'Final notification'
  )
on conflict (id) do update set
  name = excluded.name,
  service_scenario_id = excluded.service_scenario_id;

delete from public.path_steps
where path_id = 'a0000000-0000-4000-8000-000000000808';

insert into public.path_steps (path_id, step_id, column_position)
values
  ('a0000000-0000-4000-8000-000000000808', 'a0000000-0000-4000-8000-000000000940', 1),
  ('a0000000-0000-4000-8000-000000000808', 'a0000000-0000-4000-8000-000000000941', 2),
  ('a0000000-0000-4000-8000-000000000808', 'a0000000-0000-4000-8000-000000000942', 3),
  ('a0000000-0000-4000-8000-000000000808', 'a0000000-0000-4000-8000-000000000943', 4),
  ('a0000000-0000-4000-8000-000000000808', 'a0000000-0000-4000-8000-000000000944', 5),
  ('a0000000-0000-4000-8000-000000000808', 'a0000000-0000-4000-8000-000000000945', 6)
on conflict (path_id, step_id) do update set
  column_position = excluded.column_position;

insert into public.cells (id, path_id, layer_id, step_id, content)
values
  ('a0000000-0000-4000-8000-000000170110', 'a0000000-0000-4000-8000-000000000808', 'a0000000-0000-4000-8000-000000000971', 'a0000000-0000-4000-8000-000000000940', ''),
  ('a0000000-0000-4000-8000-000000170103', 'a0000000-0000-4000-8000-000000000808', 'a0000000-0000-4000-8000-000000000972', 'a0000000-0000-4000-8000-000000000940', 'Tutor needs to Call off'),

  ('a0000000-0000-4000-8000-000000170210', 'a0000000-0000-4000-8000-000000000808', 'a0000000-0000-4000-8000-000000000971', 'a0000000-0000-4000-8000-000000000941', ''),
  ('a0000000-0000-4000-8000-000000170203', 'a0000000-0000-4000-8000-000000000808', 'a0000000-0000-4000-8000-000000000972', 'a0000000-0000-4000-8000-000000000941', 'if it''s 12 or more hours before session, tutor complete shift swap form.'),
  ('a0000000-0000-4000-8000-000000170206', 'a0000000-0000-4000-8000-000000000808', 'a0000000-0000-4000-8000-000000000974', 'a0000000-0000-4000-8000-000000000941', 'Shift Swap Google Form'),
  ('a0000000-0000-4000-8000-000000170207', 'a0000000-0000-4000-8000-000000000808', 'a0000000-0000-4000-8000-000000000975', 'a0000000-0000-4000-8000-000000000941', 'Tutor Supervisor create and reviews google form request for shift swap'),
  ('a0000000-0000-4000-8000-000000170208', 'a0000000-0000-4000-8000-000000000808', 'a0000000-0000-4000-8000-000000000976', 'a0000000-0000-4000-8000-000000000941', 'Shift Swap Google Form Responses, Tutor Scheduling Software'),

  ('a0000000-0000-4000-8000-000000170310', 'a0000000-0000-4000-8000-000000000808', 'a0000000-0000-4000-8000-000000000971', 'a0000000-0000-4000-8000-000000000942', ''),
  ('a0000000-0000-4000-8000-000000170303', 'a0000000-0000-4000-8000-000000000808', 'a0000000-0000-4000-8000-000000000972', 'a0000000-0000-4000-8000-000000000942', 'if it is less than 12 hours before session, tutor emails supervisor.'),
  ('a0000000-0000-4000-8000-000000170304', 'a0000000-0000-4000-8000-000000000808', 'a0000000-0000-4000-8000-000000000973', 'a0000000-0000-4000-8000-000000000942', 'Tutor Supervisor receives email request for shift swap'),
  ('a0000000-0000-4000-8000-000000170306', 'a0000000-0000-4000-8000-000000000808', 'a0000000-0000-4000-8000-000000000974', 'a0000000-0000-4000-8000-000000000942', 'Email'),

  ('a0000000-0000-4000-8000-000000170410', 'a0000000-0000-4000-8000-000000000808', 'a0000000-0000-4000-8000-000000000971', 'a0000000-0000-4000-8000-000000000943', ''),
  ('a0000000-0000-4000-8000-000000170403', 'a0000000-0000-4000-8000-000000000808', 'a0000000-0000-4000-8000-000000000972', 'a0000000-0000-4000-8000-000000000943', 'Tutor send message in #shift-swap to see if anyone can cover'),
  ('a0000000-0000-4000-8000-000000170404', 'a0000000-0000-4000-8000-000000000808', 'a0000000-0000-4000-8000-000000000973', 'a0000000-0000-4000-8000-000000000943', 'Other Tutors in #shift-swap channel may or may not respond'),
  ('a0000000-0000-4000-8000-000000170406', 'a0000000-0000-4000-8000-000000000808', 'a0000000-0000-4000-8000-000000000974', 'a0000000-0000-4000-8000-000000000943', 'Slack'),

  ('a0000000-0000-4000-8000-000000170510', 'a0000000-0000-4000-8000-000000000808', 'a0000000-0000-4000-8000-000000000971', 'a0000000-0000-4000-8000-000000000944', ''),
  ('a0000000-0000-4000-8000-000000170507', 'a0000000-0000-4000-8000-000000000808', 'a0000000-0000-4000-8000-000000000975', 'a0000000-0000-4000-8000-000000000944', 'Tutor Supervisor team may or may not find replacement for tutor and determines if this counts as excused or unexcused decision'),
  ('a0000000-0000-4000-8000-000000170508', 'a0000000-0000-4000-8000-000000000808', 'a0000000-0000-4000-8000-000000000976', 'a0000000-0000-4000-8000-000000000944', 'Tutor Scheduling Software'),

  ('a0000000-0000-4000-8000-000000170610', 'a0000000-0000-4000-8000-000000000808', 'a0000000-0000-4000-8000-000000000971', 'a0000000-0000-4000-8000-000000000945', ''),
  ('a0000000-0000-4000-8000-000000170603', 'a0000000-0000-4000-8000-000000000808', 'a0000000-0000-4000-8000-000000000972', 'a0000000-0000-4000-8000-000000000945', 'Tutor receives excused or unexcused decision'),
  ('a0000000-0000-4000-8000-000000170604', 'a0000000-0000-4000-8000-000000000808', 'a0000000-0000-4000-8000-000000000973', 'a0000000-0000-4000-8000-000000000945', 'Tutor supervisor team sends excuse decision'),
  ('a0000000-0000-4000-8000-000000170606', 'a0000000-0000-4000-8000-000000000808', 'a0000000-0000-4000-8000-000000000974', 'a0000000-0000-4000-8000-000000000945', 'Email')
on conflict (id) do update set
  path_id = excluded.path_id,
  layer_id = excluded.layer_id,
  step_id = excluded.step_id,
  content = excluded.content;

insert into public.cell_triggers (id, source_cell_id, target_cell_id)
values
  ('a0000000-0000-4000-8000-000000095001', 'a0000000-0000-4000-8000-000000170103', 'a0000000-0000-4000-8000-000000170203'),
  ('a0000000-0000-4000-8000-000000095003', 'a0000000-0000-4000-8000-000000170103', 'a0000000-0000-4000-8000-000000170303'),
  ('a0000000-0000-4000-8000-000000095002', 'a0000000-0000-4000-8000-000000170203', 'a0000000-0000-4000-8000-000000170207'),
  ('a0000000-0000-4000-8000-000000095004', 'a0000000-0000-4000-8000-000000170207', 'a0000000-0000-4000-8000-000000170507'),
  ('a0000000-0000-4000-8000-000000095005', 'a0000000-0000-4000-8000-000000170303', 'a0000000-0000-4000-8000-000000170304'),
  ('a0000000-0000-4000-8000-000000095006', 'a0000000-0000-4000-8000-000000170303', 'a0000000-0000-4000-8000-000000170403'),
  ('a0000000-0000-4000-8000-000000095007', 'a0000000-0000-4000-8000-000000170403', 'a0000000-0000-4000-8000-000000170404'),
  ('a0000000-0000-4000-8000-000000095008', 'a0000000-0000-4000-8000-000000170507', 'a0000000-0000-4000-8000-000000170604'),
  ('a0000000-0000-4000-8000-000000095009', 'a0000000-0000-4000-8000-000000170604', 'a0000000-0000-4000-8000-000000170603')
on conflict (id) do update set
  source_cell_id = excluded.source_cell_id,
  target_cell_id = excluded.target_cell_id;


-- lesson_modules_happy_path
-- Onboarding → Lesson Modules scenario — Happy Path
-- Stable keys map to fixed UUIDs in src/data/lessonModulesHappyPathFallback.ts

insert into public.paths (id, service_scenario_id, name, description, path_type)
values (
  'a0000000-0000-4000-8000-000000000802',
  'a0000000-0000-4000-8000-000000000124',
  'Happy Path',
  'Tutor succesfully completes lesson modules.',
  'happy'
)
on conflict (id) do update set
  service_scenario_id = excluded.service_scenario_id,
  name = excluded.name,
  description = excluded.description,
  path_type = excluded.path_type;

delete from public.cell_triggers
where source_cell_id in (
  select id from public.cells
  where path_id = 'a0000000-0000-4000-8000-000000000802'
);

delete from public.cells
where path_id = 'a0000000-0000-4000-8000-000000000802';

delete from public.layers
where path_id = 'a0000000-0000-4000-8000-000000000802';

insert into public.layers (id, path_id, name, row_position)
values
  (
    'a0000000-0000-4000-8000-000000001240',
    'a0000000-0000-4000-8000-000000000802',
    'Visual',
    0
  ),
  (
    'a0000000-0000-4000-8000-000000001241',
    'a0000000-0000-4000-8000-000000000802',
    'Regular Tutor',
    1
  ),
  (
    'a0000000-0000-4000-8000-000000001242',
    'a0000000-0000-4000-8000-000000000802',
    'Front Stage Actions',
    2
  ),
  (
    'a0000000-0000-4000-8000-000000001243',
    'a0000000-0000-4000-8000-000000000802',
    'Front Stage Tech',
    3
  ),
  (
    'a0000000-0000-4000-8000-000000001244',
    'a0000000-0000-4000-8000-000000000802',
    'Back Stage Actions',
    4
  ),
  (
    'a0000000-0000-4000-8000-000000001245',
    'a0000000-0000-4000-8000-000000000802',
    'Back Stage Tech',
    5
  ),
  (
    'a0000000-0000-4000-8000-000000001246',
    'a0000000-0000-4000-8000-000000000802',
    'Support Actions',
    6
  )
on conflict (id) do update set
  name = excluded.name,
  row_position = excluded.row_position,
  path_id = excluded.path_id;

insert into public.steps (id, service_scenario_id, name)
values
  (
    'a0000000-0000-4000-8000-000000000861',
    'a0000000-0000-4000-8000-000000000124',
    'Open lesson'
  ),
  (
    'a0000000-0000-4000-8000-000000000862',
    'a0000000-0000-4000-8000-000000000124',
    'Work through questions'
  ),
  (
    'a0000000-0000-4000-8000-000000000863',
    'a0000000-0000-4000-8000-000000000124',
    'Finish lesson'
  )
on conflict (id) do update set
  name = excluded.name,
  service_scenario_id = excluded.service_scenario_id;

insert into public.path_steps (path_id, step_id, column_position)
values
  ('a0000000-0000-4000-8000-000000000802', 'a0000000-0000-4000-8000-000000000861', 1),
  ('a0000000-0000-4000-8000-000000000802', 'a0000000-0000-4000-8000-000000000862', 2),
  ('a0000000-0000-4000-8000-000000000802', 'a0000000-0000-4000-8000-000000000863', 3)
on conflict (path_id, step_id) do update set
  column_position = excluded.column_position;

insert into public.cells (id, path_id, layer_id, step_id, content)
values
  ('a0000000-0000-4000-8000-000000120110', 'a0000000-0000-4000-8000-000000000802', 'a0000000-0000-4000-8000-000000001240', 'a0000000-0000-4000-8000-000000000861', ''),
  ('a0000000-0000-4000-8000-000000120210', 'a0000000-0000-4000-8000-000000000802', 'a0000000-0000-4000-8000-000000001240', 'a0000000-0000-4000-8000-000000000862', ''),
  ('a0000000-0000-4000-8000-000000120310', 'a0000000-0000-4000-8000-000000000802', 'a0000000-0000-4000-8000-000000001240', 'a0000000-0000-4000-8000-000000000863', ''),

  ('a0000000-0000-4000-8000-000000120103', 'a0000000-0000-4000-8000-000000000802', 'a0000000-0000-4000-8000-000000001241', 'a0000000-0000-4000-8000-000000000861', 'Opens next uncompleted assigned lesson'),
  ('a0000000-0000-4000-8000-000000120106', 'a0000000-0000-4000-8000-000000000802', 'a0000000-0000-4000-8000-000000001243', 'a0000000-0000-4000-8000-000000000861', 'PLUS App'),
  ('a0000000-0000-4000-8000-000000120107', 'a0000000-0000-4000-8000-000000000802', 'a0000000-0000-4000-8000-000000001244', 'a0000000-0000-4000-8000-000000000861', E'Tutor Supervisor Team assigns lessons.\nInstructional design team designs and maintains lessons'),
  ('a0000000-0000-4000-8000-000000120108', 'a0000000-0000-4000-8000-000000000802', 'a0000000-0000-4000-8000-000000001245', 'a0000000-0000-4000-8000-000000000861', E'PLUS App\nFigma\nDev Tools'),
  ('a0000000-0000-4000-8000-000000120109', 'a0000000-0000-4000-8000-000000000802', 'a0000000-0000-4000-8000-000000001246', 'a0000000-0000-4000-8000-000000000861', E'Researchers help guide instructional implementation\nDev Team\nDesign Team'),

  ('a0000000-0000-4000-8000-000000120203', 'a0000000-0000-4000-8000-000000000802', 'a0000000-0000-4000-8000-000000001241', 'a0000000-0000-4000-8000-000000000862', 'Works through the questions'),
  ('a0000000-0000-4000-8000-000000120206', 'a0000000-0000-4000-8000-000000000802', 'a0000000-0000-4000-8000-000000001243', 'a0000000-0000-4000-8000-000000000862', 'PLUS App'),
  ('a0000000-0000-4000-8000-000000120208', 'a0000000-0000-4000-8000-000000000802', 'a0000000-0000-4000-8000-000000001245', 'a0000000-0000-4000-8000-000000000862', E'Figma\nDev Tools'),
  ('a0000000-0000-4000-8000-000000120209', 'a0000000-0000-4000-8000-000000000802', 'a0000000-0000-4000-8000-000000001246', 'a0000000-0000-4000-8000-000000000862', E'Researchers help guide instructional implementation\nDev Team\nDesign Team'),

  ('a0000000-0000-4000-8000-000000120303', 'a0000000-0000-4000-8000-000000000802', 'a0000000-0000-4000-8000-000000001241', 'a0000000-0000-4000-8000-000000000863', 'Finishes lesson and receives score'),
  ('a0000000-0000-4000-8000-000000120306', 'a0000000-0000-4000-8000-000000000802', 'a0000000-0000-4000-8000-000000001243', 'a0000000-0000-4000-8000-000000000863', 'PLUS App'),
  ('a0000000-0000-4000-8000-000000120308', 'a0000000-0000-4000-8000-000000000802', 'a0000000-0000-4000-8000-000000001245', 'a0000000-0000-4000-8000-000000000863', E'Figma\nDev Tools'),
  ('a0000000-0000-4000-8000-000000120309', 'a0000000-0000-4000-8000-000000000802', 'a0000000-0000-4000-8000-000000001246', 'a0000000-0000-4000-8000-000000000863', E'Dev Team\nDesign Team')
on conflict (id) do update set
  path_id = excluded.path_id,
  layer_id = excluded.layer_id,
  step_id = excluded.step_id,
  content = excluded.content;

delete from public.cell_triggers
where id in (
  select id from public.cell_triggers
  where source_cell_id in (
    select id from public.cells
    where path_id = 'a0000000-0000-4000-8000-000000000802'
  )
);

insert into public.cell_triggers (id, source_cell_id, target_cell_id)
values
  ('a0000000-0000-4000-8000-000000090011', 'a0000000-0000-4000-8000-000000120103', 'a0000000-0000-4000-8000-000000120203'),
  ('a0000000-0000-4000-8000-000000090012', 'a0000000-0000-4000-8000-000000120203', 'a0000000-0000-4000-8000-000000120303'),
  ('a0000000-0000-4000-8000-000000090013', 'a0000000-0000-4000-8000-000000120303', 'a0000000-0000-4000-8000-000000120103'),
  ('a0000000-0000-4000-8000-000000090031', 'a0000000-0000-4000-8000-000000120107', 'a0000000-0000-4000-8000-000000120106')
on conflict (id) do update set
  source_cell_id = excluded.source_cell_id,
  target_cell_id = excluded.target_cell_id;


-- onboarding_session_sign_up_happy_path
-- Onboarding → Session Sign Up scenario — Happy Path
-- Stable keys map to fixed UUIDs in src/data/sessionSignUpHappyPathFallback.ts

insert into public.paths (id, service_scenario_id, name, description, path_type)
values (
  'a0000000-0000-4000-8000-000000000805',
  'a0000000-0000-4000-8000-000000000125',
  'Happy Path',
  'Tutor succesfully signs up for recurring sessions for the rest of the semester.',
  'happy'
)
on conflict (id) do update set
  service_scenario_id = excluded.service_scenario_id,
  name = excluded.name,
  description = excluded.description,
  path_type = excluded.path_type;

delete from public.cell_triggers
where source_cell_id in (
  select id from public.cells
  where path_id = 'a0000000-0000-4000-8000-000000000805'
);

delete from public.cells
where path_id = 'a0000000-0000-4000-8000-000000000805';

delete from public.layers
where path_id = 'a0000000-0000-4000-8000-000000000805';

insert into public.layers (id, path_id, name, row_position)
values
  (
    'a0000000-0000-4000-8000-000000000878',
    'a0000000-0000-4000-8000-000000000805',
    'Visual',
    0
  ),
  (
    'a0000000-0000-4000-8000-000000000879',
    'a0000000-0000-4000-8000-000000000805',
    'Regular Tutor',
    1
  ),
  (
    'a0000000-0000-4000-8000-000000000880',
    'a0000000-0000-4000-8000-000000000805',
    'Front Stage Actions',
    2
  ),
  (
    'a0000000-0000-4000-8000-000000000881',
    'a0000000-0000-4000-8000-000000000805',
    'Front Stage Tech',
    3
  ),
  (
    'a0000000-0000-4000-8000-000000000882',
    'a0000000-0000-4000-8000-000000000805',
    'Back Stage Actions',
    4
  ),
  (
    'a0000000-0000-4000-8000-000000000883',
    'a0000000-0000-4000-8000-000000000805',
    'Back Stage Tech',
    5
  ),
  (
    'a0000000-0000-4000-8000-000000000884',
    'a0000000-0000-4000-8000-000000000805',
    'Support Actions',
    6
  )
on conflict (id) do update set
  name = excluded.name,
  row_position = excluded.row_position,
  path_id = excluded.path_id;

insert into public.steps (id, service_scenario_id, name)
values
  (
    'a0000000-0000-4000-8000-000000000891',
    'a0000000-0000-4000-8000-000000000125',
    'Sign up'
  ),
  (
    'a0000000-0000-4000-8000-000000000892',
    'a0000000-0000-4000-8000-000000000125',
    'Review scheduling'
  )
on conflict (id) do update set
  name = excluded.name,
  service_scenario_id = excluded.service_scenario_id;

insert into public.path_steps (path_id, step_id, column_position)
values
  ('a0000000-0000-4000-8000-000000000805', 'a0000000-0000-4000-8000-000000000891', 1),
  ('a0000000-0000-4000-8000-000000000805', 'a0000000-0000-4000-8000-000000000892', 2)
on conflict (path_id, step_id) do update set
  column_position = excluded.column_position;

insert into public.cells (id, path_id, layer_id, step_id, content)
values
  ('a0000000-0000-4000-8000-000000130110', 'a0000000-0000-4000-8000-000000000805', 'a0000000-0000-4000-8000-000000000878', 'a0000000-0000-4000-8000-000000000891', ''),
  ('a0000000-0000-4000-8000-000000130210', 'a0000000-0000-4000-8000-000000000805', 'a0000000-0000-4000-8000-000000000878', 'a0000000-0000-4000-8000-000000000892', ''),

  ('a0000000-0000-4000-8000-000000130103', 'a0000000-0000-4000-8000-000000000805', 'a0000000-0000-4000-8000-000000000879', 'a0000000-0000-4000-8000-000000000891', 'Sign up for Recurring Sessions for rest of semester'),
  ('a0000000-0000-4000-8000-000000130106', 'a0000000-0000-4000-8000-000000000805', 'a0000000-0000-4000-8000-000000000881', 'a0000000-0000-4000-8000-000000000891', 'PLUS app'),
  ('a0000000-0000-4000-8000-000000130107', 'a0000000-0000-4000-8000-000000000805', 'a0000000-0000-4000-8000-000000000882', 'a0000000-0000-4000-8000-000000000891', 'Dev team takes that scheduling info and stores it in a Google Spreadsheet'),
  ('a0000000-0000-4000-8000-000000130108', 'a0000000-0000-4000-8000-000000000805', 'a0000000-0000-4000-8000-000000000883', 'a0000000-0000-4000-8000-000000000891', 'PLUS App, Google Spreadsheet'),

  ('a0000000-0000-4000-8000-000000130207', 'a0000000-0000-4000-8000-000000000805', 'a0000000-0000-4000-8000-000000000882', 'a0000000-0000-4000-8000-000000000892', 'Tutor Supervisor team receives and reviews google spreadsheet from dev team'),
  ('a0000000-0000-4000-8000-000000130208', 'a0000000-0000-4000-8000-000000000805', 'a0000000-0000-4000-8000-000000000883', 'a0000000-0000-4000-8000-000000000892', 'Google Spreadsheet')
on conflict (id) do update set
  path_id = excluded.path_id,
  layer_id = excluded.layer_id,
  step_id = excluded.step_id,
  content = excluded.content;

delete from public.cell_triggers
where id in (
  select id from public.cell_triggers
  where source_cell_id in (
    select id from public.cells
    where path_id = 'a0000000-0000-4000-8000-000000000805'
  )
);

insert into public.cell_triggers (id, source_cell_id, target_cell_id)
values
  ('a0000000-0000-4000-8000-000000092001', 'a0000000-0000-4000-8000-000000130106', 'a0000000-0000-4000-8000-000000130107'),
  ('a0000000-0000-4000-8000-000000092002', 'a0000000-0000-4000-8000-000000130107', 'a0000000-0000-4000-8000-000000130106'),
  ('a0000000-0000-4000-8000-000000092011', 'a0000000-0000-4000-8000-000000130107', 'a0000000-0000-4000-8000-000000130207')
on conflict (id) do update set
  source_cell_id = excluded.source_cell_id,
  target_cell_id = excluded.target_cell_id;


-- in_session_before_students_join_happy_path
-- In-session → Before Students Join scenario — Happy Path
-- Stable keys map to fixed UUIDs in src/data/beforeStudentsJoinHappyPathFallback.ts

insert into public.paths (id, service_scenario_id, name, description, path_type)
values (
  'a0000000-0000-4000-8000-000000000809',
  'a0000000-0000-4000-8000-000000000201',
  'Happy Path',
  'Teachers and tutors prepare the session before students join.',
  'happy'
)
on conflict (id) do update set
  service_scenario_id = excluded.service_scenario_id,
  name = excluded.name,
  description = excluded.description,
  path_type = excluded.path_type;

delete from public.cell_triggers
where source_cell_id in (
  select id from public.cells
  where path_id = 'a0000000-0000-4000-8000-000000000809'
);

delete from public.cells
where path_id = 'a0000000-0000-4000-8000-000000000809';

delete from public.layers
where path_id = 'a0000000-0000-4000-8000-000000000809';

insert into public.layers (id, path_id, name, row_position)
values
  ('a0000000-0000-4000-8000-000000002010', 'a0000000-0000-4000-8000-000000000809', 'Visual', 0),
  ('a0000000-0000-4000-8000-000000002011', 'a0000000-0000-4000-8000-000000000809', 'Partner Action: Teacher', 1),
  ('a0000000-0000-4000-8000-000000002012', 'a0000000-0000-4000-8000-000000000809', 'Lead Tutor', 2),
  ('a0000000-0000-4000-8000-000000002013', 'a0000000-0000-4000-8000-000000000809', 'Regular Tutor', 3),
  ('a0000000-0000-4000-8000-000000002015', 'a0000000-0000-4000-8000-000000000809', 'Front Stage Tech', 4),
  ('a0000000-0000-4000-8000-000000002014', 'a0000000-0000-4000-8000-000000000809', 'Front Stage Actions', 5),
  ('a0000000-0000-4000-8000-000000002016', 'a0000000-0000-4000-8000-000000000809', 'Back Stage Actions', 6),
  ('a0000000-0000-4000-8000-000000002017', 'a0000000-0000-4000-8000-000000000809', 'Back Stage Tech', 7),
  ('a0000000-0000-4000-8000-000000002018', 'a0000000-0000-4000-8000-000000000809', 'Support Actions', 8)
on conflict (id) do update set
  name = excluded.name,
  row_position = excluded.row_position,
  path_id = excluded.path_id;

insert into public.steps (id, service_scenario_id, name)
values
  ('a0000000-0000-4000-8000-000000000950', 'a0000000-0000-4000-8000-000000000201', 'Set up classroom'),
  ('a0000000-0000-4000-8000-000000000951', 'a0000000-0000-4000-8000-000000000201', 'Open session'),
  ('a0000000-0000-4000-8000-000000000952', 'a0000000-0000-4000-8000-000000000201', 'Share Zoom link'),
  ('a0000000-0000-4000-8000-000000000953', 'a0000000-0000-4000-8000-000000000201', 'Prepare breakout rooms'),
  ('a0000000-0000-4000-8000-000000000954', 'a0000000-0000-4000-8000-000000000201', 'Review room order'),
  ('a0000000-0000-4000-8000-000000000955', 'a0000000-0000-4000-8000-000000000201', 'Distribute breakout list')
on conflict (id) do update set
  name = excluded.name,
  service_scenario_id = excluded.service_scenario_id;

delete from public.path_steps
where path_id = 'a0000000-0000-4000-8000-000000000809';

insert into public.path_steps (path_id, step_id, column_position)
values
  ('a0000000-0000-4000-8000-000000000809', 'a0000000-0000-4000-8000-000000000950', 1),
  ('a0000000-0000-4000-8000-000000000809', 'a0000000-0000-4000-8000-000000000951', 2),
  ('a0000000-0000-4000-8000-000000000809', 'a0000000-0000-4000-8000-000000000952', 3),
  ('a0000000-0000-4000-8000-000000000809', 'a0000000-0000-4000-8000-000000000953', 4),
  ('a0000000-0000-4000-8000-000000000809', 'a0000000-0000-4000-8000-000000000954', 5),
  ('a0000000-0000-4000-8000-000000000809', 'a0000000-0000-4000-8000-000000000955', 6)
on conflict (path_id, step_id) do update set
  column_position = excluded.column_position;

insert into public.cells (id, path_id, layer_id, step_id, content)
values
  ('a0000000-0000-4000-8000-000000180110', 'a0000000-0000-4000-8000-000000000809', 'a0000000-0000-4000-8000-000000002010', 'a0000000-0000-4000-8000-000000000950', ''),
  ('a0000000-0000-4000-8000-000000180210', 'a0000000-0000-4000-8000-000000000809', 'a0000000-0000-4000-8000-000000002010', 'a0000000-0000-4000-8000-000000000951', ''),
  ('a0000000-0000-4000-8000-000000180310', 'a0000000-0000-4000-8000-000000000809', 'a0000000-0000-4000-8000-000000002010', 'a0000000-0000-4000-8000-000000000952', ''),
  ('a0000000-0000-4000-8000-000000180410', 'a0000000-0000-4000-8000-000000000809', 'a0000000-0000-4000-8000-000000002010', 'a0000000-0000-4000-8000-000000000953', ''),
  ('a0000000-0000-4000-8000-000000180510', 'a0000000-0000-4000-8000-000000000809', 'a0000000-0000-4000-8000-000000002010', 'a0000000-0000-4000-8000-000000000954', ''),
  ('a0000000-0000-4000-8000-000000180610', 'a0000000-0000-4000-8000-000000000809', 'a0000000-0000-4000-8000-000000002010', 'a0000000-0000-4000-8000-000000000955', ''),
  ('a0000000-0000-4000-8000-000000180101', 'a0000000-0000-4000-8000-000000000809', 'a0000000-0000-4000-8000-000000002011', 'a0000000-0000-4000-8000-000000000950', 'Turn on the projector or interactive whiteboard'),
  ('a0000000-0000-4000-8000-000000180201', 'a0000000-0000-4000-8000-000000000809', 'a0000000-0000-4000-8000-000000002011', 'a0000000-0000-4000-8000-000000000951', 'Open Slide deck shared by the tutor team'),
  ('a0000000-0000-4000-8000-000000180301', 'a0000000-0000-4000-8000-000000000809', 'a0000000-0000-4000-8000-000000002011', 'a0000000-0000-4000-8000-000000000952', 'Post Zoom link in LMS or share the QR code depending on session needs'),
  ('a0000000-0000-4000-8000-000000180401', 'a0000000-0000-4000-8000-000000000809', 'a0000000-0000-4000-8000-000000002011', 'a0000000-0000-4000-8000-000000000953', 'test the wifi'),
  ('a0000000-0000-4000-8000-000000180501', 'a0000000-0000-4000-8000-000000000809', 'a0000000-0000-4000-8000-000000002011', 'a0000000-0000-4000-8000-000000000954', 'Make sure all student devices are ready'),
  ('a0000000-0000-4000-8000-000000180601', 'a0000000-0000-4000-8000-000000000809', 'a0000000-0000-4000-8000-000000002011', 'a0000000-0000-4000-8000-000000000955', 'Remind students to plug in their headphones and use their real names on Zoom'),
  ('a0000000-0000-4000-8000-000000180102', 'a0000000-0000-4000-8000-000000000809', 'a0000000-0000-4000-8000-000000002012', 'a0000000-0000-4000-8000-000000000950', 'Open Session Detail page'),
  ('a0000000-0000-4000-8000-000000180202', 'a0000000-0000-4000-8000-000000000809', 'a0000000-0000-4000-8000-000000002012', 'a0000000-0000-4000-8000-000000000951', 'Joins Zoom/ Pencil Session'),
  ('a0000000-0000-4000-8000-000000180302', 'a0000000-0000-4000-8000-000000000809', 'a0000000-0000-4000-8000-000000002012', 'a0000000-0000-4000-8000-000000000952', 'Take Tutor Attendance'),
  ('a0000000-0000-4000-8000-000000180402', 'a0000000-0000-4000-8000-000000000809', 'a0000000-0000-4000-8000-000000002012', 'a0000000-0000-4000-8000-000000000953', 'Create Breakout rooms'),
  ('a0000000-0000-4000-8000-000000180502', 'a0000000-0000-4000-8000-000000000809', 'a0000000-0000-4000-8000-000000002012', 'a0000000-0000-4000-8000-000000000954', 'Remind tutors to go through rooms in order of dashboard list'),
  ('a0000000-0000-4000-8000-000000180602', 'a0000000-0000-4000-8000-000000000809', 'a0000000-0000-4000-8000-000000002012', 'a0000000-0000-4000-8000-000000000955', 'Give breakout room list to the tutors'),
  ('a0000000-0000-4000-8000-000000180103', 'a0000000-0000-4000-8000-000000000809', 'a0000000-0000-4000-8000-000000002013', 'a0000000-0000-4000-8000-000000000950', 'Tutor Open Session Detail page'),
  ('a0000000-0000-4000-8000-000000180203', 'a0000000-0000-4000-8000-000000000809', 'a0000000-0000-4000-8000-000000002013', 'a0000000-0000-4000-8000-000000000951', 'Joins Zoom Session'),
  ('a0000000-0000-4000-8000-000000180303', 'a0000000-0000-4000-8000-000000000809', 'a0000000-0000-4000-8000-000000002013', 'a0000000-0000-4000-8000-000000000952', 'Sign In with Lead Tutor and confirms they have co-host permissions'),
  ('a0000000-0000-4000-8000-000000180503', 'a0000000-0000-4000-8000-000000000809', 'a0000000-0000-4000-8000-000000002013', 'a0000000-0000-4000-8000-000000000954', 'review student list for session'),
  ('a0000000-0000-4000-8000-000000180603', 'a0000000-0000-4000-8000-000000000809', 'a0000000-0000-4000-8000-000000002013', 'a0000000-0000-4000-8000-000000000955', 'receive breakout rooms from Lead tutor'),
  ('a0000000-0000-4000-8000-000000180106', 'a0000000-0000-4000-8000-000000000809', 'a0000000-0000-4000-8000-000000002015', 'a0000000-0000-4000-8000-000000000950', 'PLUS app'),
  ('a0000000-0000-4000-8000-000000180206', 'a0000000-0000-4000-8000-000000000809', 'a0000000-0000-4000-8000-000000002015', 'a0000000-0000-4000-8000-000000000951', 'PLUS app, Zoom/ Pencil'),
  ('a0000000-0000-4000-8000-000000180306', 'a0000000-0000-4000-8000-000000000809', 'a0000000-0000-4000-8000-000000002015', 'a0000000-0000-4000-8000-000000000952', 'PLUS App, Zoom/ Pencil'),
  ('a0000000-0000-4000-8000-000000180406', 'a0000000-0000-4000-8000-000000000809', 'a0000000-0000-4000-8000-000000002015', 'a0000000-0000-4000-8000-000000000953', 'Zoom/Pencil'),
  ('a0000000-0000-4000-8000-000000180506', 'a0000000-0000-4000-8000-000000000809', 'a0000000-0000-4000-8000-000000002015', 'a0000000-0000-4000-8000-000000000954', 'Zoom/Pencil'),
  ('a0000000-0000-4000-8000-000000180606', 'a0000000-0000-4000-8000-000000000809', 'a0000000-0000-4000-8000-000000002015', 'a0000000-0000-4000-8000-000000000955', 'Zoom/Pencil'),
  ('a0000000-0000-4000-8000-000000180107', 'a0000000-0000-4000-8000-000000000809', 'a0000000-0000-4000-8000-000000002016', 'a0000000-0000-4000-8000-000000000950', 'Tutor Supervisor Team sets up session details'),
  ('a0000000-0000-4000-8000-000000180207', 'a0000000-0000-4000-8000-000000000809', 'a0000000-0000-4000-8000-000000002016', 'a0000000-0000-4000-8000-000000000951', 'Tutor supervisor team sets up zoom/pencil link'),
  ('a0000000-0000-4000-8000-000000180607', 'a0000000-0000-4000-8000-000000000809', 'a0000000-0000-4000-8000-000000002016', 'a0000000-0000-4000-8000-000000000955', 'Zoom/Pencil'),
  ('a0000000-0000-4000-8000-000000180108', 'a0000000-0000-4000-8000-000000000809', 'a0000000-0000-4000-8000-000000002017', 'a0000000-0000-4000-8000-000000000950', 'Figma, Dev Tools, PLUS App'),
  ('a0000000-0000-4000-8000-000000180208', 'a0000000-0000-4000-8000-000000000809', 'a0000000-0000-4000-8000-000000002017', 'a0000000-0000-4000-8000-000000000951', 'PLUS App, Zoom/Pencil'),
  ('a0000000-0000-4000-8000-000000180109', 'a0000000-0000-4000-8000-000000000809', 'a0000000-0000-4000-8000-000000002018', 'a0000000-0000-4000-8000-000000000950', E'Dev Team\nDesign team'),
  ('a0000000-0000-4000-8000-000000180209', 'a0000000-0000-4000-8000-000000000809', 'a0000000-0000-4000-8000-000000002018', 'a0000000-0000-4000-8000-000000000951', E'Dev Team\nDesign team'),
  ('a0000000-0000-4000-8000-000000180309', 'a0000000-0000-4000-8000-000000000809', 'a0000000-0000-4000-8000-000000002018', 'a0000000-0000-4000-8000-000000000952', E'Dev Team\nDesign team')
on conflict (id) do update set
  path_id = excluded.path_id,
  layer_id = excluded.layer_id,
  step_id = excluded.step_id,
  content = excluded.content;

insert into public.cell_triggers (id, source_cell_id, target_cell_id)
values
  ('a0000000-0000-4000-8000-000000096001', 'a0000000-0000-4000-8000-000000180101', 'a0000000-0000-4000-8000-000000180201'),
  ('a0000000-0000-4000-8000-000000096002', 'a0000000-0000-4000-8000-000000180201', 'a0000000-0000-4000-8000-000000180301'),
  ('a0000000-0000-4000-8000-000000096003', 'a0000000-0000-4000-8000-000000180301', 'a0000000-0000-4000-8000-000000180401'),
  ('a0000000-0000-4000-8000-000000096004', 'a0000000-0000-4000-8000-000000180401', 'a0000000-0000-4000-8000-000000180501'),
  ('a0000000-0000-4000-8000-000000096005', 'a0000000-0000-4000-8000-000000180501', 'a0000000-0000-4000-8000-000000180601'),
  ('a0000000-0000-4000-8000-000000096010', 'a0000000-0000-4000-8000-000000180102', 'a0000000-0000-4000-8000-000000180202'),
  ('a0000000-0000-4000-8000-000000096011', 'a0000000-0000-4000-8000-000000180202', 'a0000000-0000-4000-8000-000000180302'),
  ('a0000000-0000-4000-8000-000000096012', 'a0000000-0000-4000-8000-000000180302', 'a0000000-0000-4000-8000-000000180402'),
  ('a0000000-0000-4000-8000-000000096013', 'a0000000-0000-4000-8000-000000180402', 'a0000000-0000-4000-8000-000000180502'),
  ('a0000000-0000-4000-8000-000000096014', 'a0000000-0000-4000-8000-000000180502', 'a0000000-0000-4000-8000-000000180602'),
  ('a0000000-0000-4000-8000-000000096020', 'a0000000-0000-4000-8000-000000180103', 'a0000000-0000-4000-8000-000000180203'),
  ('a0000000-0000-4000-8000-000000096021', 'a0000000-0000-4000-8000-000000180203', 'a0000000-0000-4000-8000-000000180303'),
  ('a0000000-0000-4000-8000-000000096022', 'a0000000-0000-4000-8000-000000180303', 'a0000000-0000-4000-8000-000000180503'),
  ('a0000000-0000-4000-8000-000000096023', 'a0000000-0000-4000-8000-000000180503', 'a0000000-0000-4000-8000-000000180603'),
  ('a0000000-0000-4000-8000-000000096031', 'a0000000-0000-4000-8000-000000180502', 'a0000000-0000-4000-8000-000000180503'),
  ('a0000000-0000-4000-8000-000000096032', 'a0000000-0000-4000-8000-000000180602', 'a0000000-0000-4000-8000-000000180603'),
  ('a0000000-0000-4000-8000-000000096033', 'a0000000-0000-4000-8000-000000180302', 'a0000000-0000-4000-8000-000000180303'),
  ('a0000000-0000-4000-8000-000000096034', 'a0000000-0000-4000-8000-000000180303', 'a0000000-0000-4000-8000-000000180302'),
  ('a0000000-0000-4000-8000-000000096051', 'a0000000-0000-4000-8000-000000180107', 'a0000000-0000-4000-8000-000000180106'),
  ('a0000000-0000-4000-8000-000000096052', 'a0000000-0000-4000-8000-000000180207', 'a0000000-0000-4000-8000-000000180206')
on conflict (id) do update set
  source_cell_id = excluded.source_cell_id,
  target_cell_id = excluded.target_cell_id;


-- in_session_students_just_joined_happy_path
-- In-session → Student Just Joined scenario — Happy Path
-- Stable keys map to fixed UUIDs in src/data/studentsJustJoinedHappyPathFallback.ts

update public.service_scenarios
set
  description = 'Teachers and tutors welcome students as they join the session.',
  view_type = 'side-by-side'
where id = 'a0000000-0000-4000-8000-000000000202';

insert into public.paths (id, service_scenario_id, name, description, path_type)
values (
  'a0000000-0000-4000-8000-00000000080b',
  'a0000000-0000-4000-8000-000000000202',
  'Happy Path',
  'Teachers and tutors welcome students as they join the session.',
  'happy'
)
on conflict (id) do update set
  service_scenario_id = excluded.service_scenario_id,
  name = excluded.name,
  description = excluded.description,
  path_type = excluded.path_type;

delete from public.cell_triggers
where source_cell_id in (
  select id from public.cells
  where path_id = 'a0000000-0000-4000-8000-00000000080b'
);

delete from public.cells
where path_id = 'a0000000-0000-4000-8000-00000000080b';

delete from public.layers
where path_id = 'a0000000-0000-4000-8000-00000000080b';

insert into public.layers (id, path_id, name, row_position)
values
  ('a0000000-0000-4000-8000-000000002020', 'a0000000-0000-4000-8000-00000000080b', 'Visual', 0),
  ('a0000000-0000-4000-8000-000000002021', 'a0000000-0000-4000-8000-00000000080b', 'Partner Action: Teacher', 1),
  ('a0000000-0000-4000-8000-000000002022', 'a0000000-0000-4000-8000-00000000080b', 'Lead Tutor', 2),
  ('a0000000-0000-4000-8000-000000002023', 'a0000000-0000-4000-8000-00000000080b', 'Regular Tutor', 3),
  ('a0000000-0000-4000-8000-000000002025', 'a0000000-0000-4000-8000-00000000080b', 'Front Stage Tech', 4),
  ('a0000000-0000-4000-8000-000000002024', 'a0000000-0000-4000-8000-00000000080b', 'Front Stage Actions', 5),
  ('a0000000-0000-4000-8000-000000002026', 'a0000000-0000-4000-8000-00000000080b', 'Back Stage Actions', 6),
  ('a0000000-0000-4000-8000-000000002027', 'a0000000-0000-4000-8000-00000000080b', 'Back Stage Tech', 7),
  ('a0000000-0000-4000-8000-000000002028', 'a0000000-0000-4000-8000-00000000080b', 'Support Actions', 8)
on conflict (id) do update set
  name = excluded.name,
  row_position = excluded.row_position,
  path_id = excluded.path_id;

insert into public.steps (id, service_scenario_id, name)
values
  ('a0000000-0000-4000-8000-000000000960', 'a0000000-0000-4000-8000-000000000202', 'Students join'),
  ('a0000000-0000-4000-8000-000000000961', 'a0000000-0000-4000-8000-000000000202', 'Share screen and log in'),
  ('a0000000-0000-4000-8000-000000000962', 'a0000000-0000-4000-8000-000000000202', 'Raise hand for help')
on conflict (id) do update set
  name = excluded.name,
  service_scenario_id = excluded.service_scenario_id;

delete from public.path_steps
where path_id = 'a0000000-0000-4000-8000-00000000080b';

insert into public.path_steps (path_id, step_id, column_position)
values
  ('a0000000-0000-4000-8000-00000000080b', 'a0000000-0000-4000-8000-000000000960', 1),
  ('a0000000-0000-4000-8000-00000000080b', 'a0000000-0000-4000-8000-000000000961', 2),
  ('a0000000-0000-4000-8000-00000000080b', 'a0000000-0000-4000-8000-000000000962', 3)
on conflict (path_id, step_id) do update set
  column_position = excluded.column_position;

insert into public.cells (id, path_id, layer_id, step_id, content)
values
  ('a0000000-0000-4000-8000-000000190110', 'a0000000-0000-4000-8000-00000000080b', 'a0000000-0000-4000-8000-000000002020', 'a0000000-0000-4000-8000-000000000960', ''),
  ('a0000000-0000-4000-8000-000000190210', 'a0000000-0000-4000-8000-00000000080b', 'a0000000-0000-4000-8000-000000002020', 'a0000000-0000-4000-8000-000000000961', ''),
  ('a0000000-0000-4000-8000-000000190310', 'a0000000-0000-4000-8000-00000000080b', 'a0000000-0000-4000-8000-000000002020', 'a0000000-0000-4000-8000-000000000962', ''),
  ('a0000000-0000-4000-8000-000000190101', 'a0000000-0000-4000-8000-00000000080b', 'a0000000-0000-4000-8000-000000002021', 'a0000000-0000-4000-8000-000000000960', 'Remind students that tutors support multiple students and wait time is normal'),
  ('a0000000-0000-4000-8000-000000190201', 'a0000000-0000-4000-8000-00000000080b', 'a0000000-0000-4000-8000-000000002021', 'a0000000-0000-4000-8000-000000000961', 'Ask students to share screen and log into math software'),
  ('a0000000-0000-4000-8000-000000190301', 'a0000000-0000-4000-8000-00000000080b', 'a0000000-0000-4000-8000-000000002021', 'a0000000-0000-4000-8000-000000000962', 'Show students how to use the ''raise hand'' emoji to let tutors know when they need help'),
  ('a0000000-0000-4000-8000-000000190102', 'a0000000-0000-4000-8000-00000000080b', 'a0000000-0000-4000-8000-000000002022', 'a0000000-0000-4000-8000-000000000960', 'Greet Students as they Join'),
  ('a0000000-0000-4000-8000-000000190202', 'a0000000-0000-4000-8000-00000000080b', 'a0000000-0000-4000-8000-000000002022', 'a0000000-0000-4000-8000-000000000961', 'Mute students if necessary'),
  ('a0000000-0000-4000-8000-000000190302', 'a0000000-0000-4000-8000-00000000080b', 'a0000000-0000-4000-8000-000000002022', 'a0000000-0000-4000-8000-000000000962', 'Ping Tutor if they missed moving student to breakout room for late joiners'),
  ('a0000000-0000-4000-8000-000000190303', 'a0000000-0000-4000-8000-00000000080b', 'a0000000-0000-4000-8000-000000002023', 'a0000000-0000-4000-8000-000000000962', 'move student to breakout room'),
  ('a0000000-0000-4000-8000-000000190106', 'a0000000-0000-4000-8000-00000000080b', 'a0000000-0000-4000-8000-000000002025', 'a0000000-0000-4000-8000-000000000960', 'Zoom/Pencil'),
  ('a0000000-0000-4000-8000-000000190206', 'a0000000-0000-4000-8000-00000000080b', 'a0000000-0000-4000-8000-000000002025', 'a0000000-0000-4000-8000-000000000961', 'Zoom/Pencil'),
  ('a0000000-0000-4000-8000-000000190306', 'a0000000-0000-4000-8000-00000000080b', 'a0000000-0000-4000-8000-000000002025', 'a0000000-0000-4000-8000-000000000962', 'Zoom/Pencil')
on conflict (id) do update set
  path_id = excluded.path_id,
  layer_id = excluded.layer_id,
  step_id = excluded.step_id,
  content = excluded.content;

insert into public.cell_triggers (id, source_cell_id, target_cell_id)
values
  ('a0000000-0000-4000-8000-000000097001', 'a0000000-0000-4000-8000-000000190101', 'a0000000-0000-4000-8000-000000190201'),
  ('a0000000-0000-4000-8000-000000097002', 'a0000000-0000-4000-8000-000000190201', 'a0000000-0000-4000-8000-000000190301'),
  ('a0000000-0000-4000-8000-000000097010', 'a0000000-0000-4000-8000-000000190102', 'a0000000-0000-4000-8000-000000190202'),
  ('a0000000-0000-4000-8000-000000097011', 'a0000000-0000-4000-8000-000000190202', 'a0000000-0000-4000-8000-000000190302'),
  ('a0000000-0000-4000-8000-000000097020', 'a0000000-0000-4000-8000-000000190302', 'a0000000-0000-4000-8000-000000190303')
on conflict (id) do update set
  source_cell_id = excluded.source_cell_id,
  target_cell_id = excluded.target_cell_id;
