-- Seed Application and Onboarding scenarios + blueprint data (remote was missing seed.sql content)

insert into public.service_scenarios (id, phase_id, name, description, order_position, view_type)
values
  (
    'a0000000-0000-4000-8000-000000000121',
    'a0000000-0000-4000-8000-000000000101',
    'Discovery',
    'Potential tutors discover plus',
    1,
    'side-by-side'
  ),
  (
    'a0000000-0000-4000-8000-000000000122',
    'a0000000-0000-4000-8000-000000000101',
    'Interview & Offer',
    'Potential Tutors Interview for role and receive an offer.',
    2,
    'side-by-side'
  )
on conflict (id) do update set
  name = excluded.name,
  description = excluded.description,
  order_position = excluded.order_position,
  view_type = excluded.view_type;

-- Onboarding phase scenarios

insert into public.service_scenarios (id, phase_id, name, description, order_position, view_type)
values
  (
    'a0000000-0000-4000-8000-000000000120',
    'a0000000-0000-4000-8000-000000000102',
    'Tech Setup',
    'The tutor sets up necessary tech and obtains required clearances.',
    1,
    'side-by-side'
  ),
  (
    'a0000000-0000-4000-8000-000000000123',
    'a0000000-0000-4000-8000-000000000102',
    'Onboarding Modules',
    'The tutor completes required onboarding modules.',
    2,
    'side-by-side'
  ),
  (
    'a0000000-0000-4000-8000-000000000124',
    'a0000000-0000-4000-8000-000000000102',
    'Lesson Modules',
    'The tutor goes through required lessons before joining a tutoring session.',
    3,
    'side-by-side'
  ),
  (
    'a0000000-0000-4000-8000-000000000125',
    'a0000000-0000-4000-8000-000000000102',
    'Session Sign Up',
    'The tutor signs up for recurring sessions for the semester.',
    4,
    'side-by-side'
  )
on conflict (id) do update set
  name = excluded.name,
  description = excluded.description,
  order_position = excluded.order_position,
  view_type = excluded.view_type;

-- Application → Discovery scenario — Happy Path
-- Stable keys map to fixed UUIDs in src/data/applicationHappyPathFallback.ts

insert into public.paths (id, service_scenario_id, name, description, path_type)
values (
  'a0000000-0000-4000-8000-000000000700',
  'a0000000-0000-4000-8000-000000000121',
  'Happy Path',
  'Potential Tutors discover and want to join PLUS.',
  'happy'
)
on conflict (id) do update set
  service_scenario_id = excluded.service_scenario_id,
  name = excluded.name,
  description = excluded.description,
  path_type = excluded.path_type;

insert into public.layers (id, path_id, name, row_position)
values
  (
    'a0000000-0000-4000-8000-000000000710',
    'a0000000-0000-4000-8000-000000000700',
    'Visual',
    0
  ),
  (
    'a0000000-0000-4000-8000-000000000703',
    'a0000000-0000-4000-8000-000000000700',
    'Regular Tutor',
    1
  ),
  (
    'a0000000-0000-4000-8000-000000000704',
    'a0000000-0000-4000-8000-000000000700',
    'Front Stage Actions',
    2
  ),
  (
    'a0000000-0000-4000-8000-000000000706',
    'a0000000-0000-4000-8000-000000000700',
    'Front Stage Tech',
    3
  ),
  (
    'a0000000-0000-4000-8000-000000000707',
    'a0000000-0000-4000-8000-000000000700',
    'Back Stage Actions',
    4
  ),
  (
    'a0000000-0000-4000-8000-000000000708',
    'a0000000-0000-4000-8000-000000000700',
    'Back Stage Tech',
    5
  ),
  (
    'a0000000-0000-4000-8000-000000000709',
    'a0000000-0000-4000-8000-000000000700',
    'Support Actions',
    6
  )
on conflict (id) do update set
  name = excluded.name,
  row_position = excluded.row_position;

insert into public.steps (id, service_scenario_id, name)
values
  (
    'a0000000-0000-4000-8000-000000000711',
    'a0000000-0000-4000-8000-000000000121',
    'Discovers PLUS'
  ),
  (
    'a0000000-0000-4000-8000-000000000712',
    'a0000000-0000-4000-8000-000000000121',
    'Discovers PLUS'
  ),
  (
    'a0000000-0000-4000-8000-000000000713',
    'a0000000-0000-4000-8000-000000000121',
    'Discovers PLUS'
  ),
  (
    'a0000000-0000-4000-8000-000000000714',
    'a0000000-0000-4000-8000-000000000121',
    'Discovers PLUS'
  ),
  (
    'a0000000-0000-4000-8000-000000000715',
    'a0000000-0000-4000-8000-000000000121',
    'Discovers PLUS'
  ),
  (
    'a0000000-0000-4000-8000-000000000716',
    'a0000000-0000-4000-8000-000000000121',
    'Interested in joining PLUS'
  ),
  (
    'a0000000-0000-4000-8000-000000000717',
    'a0000000-0000-4000-8000-000000000121',
    'Not Interested in joining PLUS'
  )
on conflict (id) do update set
  name = excluded.name,
  service_scenario_id = excluded.service_scenario_id;

insert into public.path_steps (path_id, step_id, column_position)
values
  ('a0000000-0000-4000-8000-000000000700', 'a0000000-0000-4000-8000-000000000711', 1),
  ('a0000000-0000-4000-8000-000000000700', 'a0000000-0000-4000-8000-000000000712', 2),
  ('a0000000-0000-4000-8000-000000000700', 'a0000000-0000-4000-8000-000000000713', 3),
  ('a0000000-0000-4000-8000-000000000700', 'a0000000-0000-4000-8000-000000000714', 4),
  ('a0000000-0000-4000-8000-000000000700', 'a0000000-0000-4000-8000-000000000715', 5),
  ('a0000000-0000-4000-8000-000000000700', 'a0000000-0000-4000-8000-000000000716', 6)
on conflict (path_id, step_id) do update set
  column_position = excluded.column_position;

insert into public.cells (id, path_id, layer_id, step_id, content)
values
  -- Visual row
  ('a0000000-0000-4000-8000-000000070110', 'a0000000-0000-4000-8000-000000000700', 'a0000000-0000-4000-8000-000000000710', 'a0000000-0000-4000-8000-000000000711', ''),
  ('a0000000-0000-4000-8000-000000070210', 'a0000000-0000-4000-8000-000000000700', 'a0000000-0000-4000-8000-000000000710', 'a0000000-0000-4000-8000-000000000712', ''),
  ('a0000000-0000-4000-8000-000000070310', 'a0000000-0000-4000-8000-000000000700', 'a0000000-0000-4000-8000-000000000710', 'a0000000-0000-4000-8000-000000000713', ''),
  ('a0000000-0000-4000-8000-000000070410', 'a0000000-0000-4000-8000-000000000700', 'a0000000-0000-4000-8000-000000000710', 'a0000000-0000-4000-8000-000000000714', ''),
  ('a0000000-0000-4000-8000-000000070510', 'a0000000-0000-4000-8000-000000000700', 'a0000000-0000-4000-8000-000000000710', 'a0000000-0000-4000-8000-000000000715', ''),
  ('a0000000-0000-4000-8000-000000070610', 'a0000000-0000-4000-8000-000000000700', 'a0000000-0000-4000-8000-000000000710', 'a0000000-0000-4000-8000-000000000716', ''),
  -- Step 1 — word of mouth
  ('a0000000-0000-4000-8000-000000070103', 'a0000000-0000-4000-8000-000000000700', 'a0000000-0000-4000-8000-000000000703', 'a0000000-0000-4000-8000-000000000711', 'Discovers PLUS'),
  ('a0000000-0000-4000-8000-000000070104', 'a0000000-0000-4000-8000-000000000700', 'a0000000-0000-4000-8000-000000000704', 'a0000000-0000-4000-8000-000000000711', 'Previous or Current PLUS Tutor might have informed about PLUS'),
  -- Step 2 — Social Media
  ('a0000000-0000-4000-8000-000000070203', 'a0000000-0000-4000-8000-000000000700', 'a0000000-0000-4000-8000-000000000703', 'a0000000-0000-4000-8000-000000000712', 'Discovers PLUS'),
  ('a0000000-0000-4000-8000-000000070206', 'a0000000-0000-4000-8000-000000000700', 'a0000000-0000-4000-8000-000000000706', 'a0000000-0000-4000-8000-000000000712', 'Social Media'),
  ('a0000000-0000-4000-8000-000000070207', 'a0000000-0000-4000-8000-000000000700', 'a0000000-0000-4000-8000-000000000707', 'a0000000-0000-4000-8000-000000000712', 'Marketing Team creates social media posts and manages social platforms.'),
  ('a0000000-0000-4000-8000-000000070208', 'a0000000-0000-4000-8000-000000000700', 'a0000000-0000-4000-8000-000000000708', 'a0000000-0000-4000-8000-000000000712', 'Figma'),
  ('a0000000-0000-4000-8000-000000070209', 'a0000000-0000-4000-8000-000000000700', 'a0000000-0000-4000-8000-000000000709', 'a0000000-0000-4000-8000-000000000712', 'Branding Guidelines'),
  -- Step 3 — Marketing Website
  ('a0000000-0000-4000-8000-000000070303', 'a0000000-0000-4000-8000-000000000700', 'a0000000-0000-4000-8000-000000000703', 'a0000000-0000-4000-8000-000000000713', 'Discovers PLUS'),
  ('a0000000-0000-4000-8000-000000070306', 'a0000000-0000-4000-8000-000000000700', 'a0000000-0000-4000-8000-000000000706', 'a0000000-0000-4000-8000-000000000713', 'Marketing Website'),
  ('a0000000-0000-4000-8000-000000070307', 'a0000000-0000-4000-8000-000000000700', 'a0000000-0000-4000-8000-000000000707', 'a0000000-0000-4000-8000-000000000713', 'Design Team manages content and messaging on the website. Dev Team implements website into code.'),
  ('a0000000-0000-4000-8000-000000070308', 'a0000000-0000-4000-8000-000000000700', 'a0000000-0000-4000-8000-000000000708', 'a0000000-0000-4000-8000-000000000713', E'Figma\nDev Tools'),
  ('a0000000-0000-4000-8000-000000070309', 'a0000000-0000-4000-8000-000000000700', 'a0000000-0000-4000-8000-000000000709', 'a0000000-0000-4000-8000-000000000713', 'Branding Guidelines, Design System'),
  -- Step 4 — On-campus job fair
  ('a0000000-0000-4000-8000-000000070403', 'a0000000-0000-4000-8000-000000000700', 'a0000000-0000-4000-8000-000000000703', 'a0000000-0000-4000-8000-000000000714', 'Discovers PLUS'),
  ('a0000000-0000-4000-8000-000000070404', 'a0000000-0000-4000-8000-000000000700', 'a0000000-0000-4000-8000-000000000704', 'a0000000-0000-4000-8000-000000000714', 'Tutor Supervisor team meets prospective tutors at on-campus job fair'),
  ('a0000000-0000-4000-8000-000000070406', 'a0000000-0000-4000-8000-000000000700', 'a0000000-0000-4000-8000-000000000706', 'a0000000-0000-4000-8000-000000000714', E'Posters\nOn-campus booth'),
  -- Step 5 — Handshake
  ('a0000000-0000-4000-8000-000000070503', 'a0000000-0000-4000-8000-000000000700', 'a0000000-0000-4000-8000-000000000703', 'a0000000-0000-4000-8000-000000000715', 'Discovers PLUS'),
  ('a0000000-0000-4000-8000-000000070506', 'a0000000-0000-4000-8000-000000000700', 'a0000000-0000-4000-8000-000000000706', 'a0000000-0000-4000-8000-000000000715', 'Handshake'),
  ('a0000000-0000-4000-8000-000000070507', 'a0000000-0000-4000-8000-000000000700', 'a0000000-0000-4000-8000-000000000707', 'a0000000-0000-4000-8000-000000000715', 'Tutor Supervisor Team posts job openings on handshake'),
  ('a0000000-0000-4000-8000-000000070508', 'a0000000-0000-4000-8000-000000000700', 'a0000000-0000-4000-8000-000000000708', 'a0000000-0000-4000-8000-000000000715', 'Handshake Employer Profile'),
  -- Step 6 — Interested in joining PLUS
  ('a0000000-0000-4000-8000-000000070603', 'a0000000-0000-4000-8000-000000000700', 'a0000000-0000-4000-8000-000000000703', 'a0000000-0000-4000-8000-000000000716', 'Interested in joining PLUS')
on conflict (id) do update set
  content = excluded.content,
  layer_id = excluded.layer_id,
  step_id = excluded.step_id;

insert into public.cell_triggers (id, source_cell_id, target_cell_id)
values
  ('a0000000-0000-4000-8000-000000078001', 'a0000000-0000-4000-8000-000000070104', 'a0000000-0000-4000-8000-000000070103'),
  ('a0000000-0000-4000-8000-000000078002', 'a0000000-0000-4000-8000-000000070207', 'a0000000-0000-4000-8000-000000070206'),
  ('a0000000-0000-4000-8000-000000078004', 'a0000000-0000-4000-8000-000000070206', 'a0000000-0000-4000-8000-000000070203'),
  ('a0000000-0000-4000-8000-000000078003', 'a0000000-0000-4000-8000-000000070307', 'a0000000-0000-4000-8000-000000070306'),
  ('a0000000-0000-4000-8000-000000078005', 'a0000000-0000-4000-8000-000000070306', 'a0000000-0000-4000-8000-000000070303'),
  ('a0000000-0000-4000-8000-000000078006', 'a0000000-0000-4000-8000-000000070404', 'a0000000-0000-4000-8000-000000070403'),
  ('a0000000-0000-4000-8000-000000078007', 'a0000000-0000-4000-8000-000000070404', 'a0000000-0000-4000-8000-000000070406'),
  ('a0000000-0000-4000-8000-000000078008', 'a0000000-0000-4000-8000-000000070506', 'a0000000-0000-4000-8000-000000070503'),
  ('a0000000-0000-4000-8000-000000078009', 'a0000000-0000-4000-8000-000000070507', 'a0000000-0000-4000-8000-000000070508'),
  ('a0000000-0000-4000-8000-000000078010', 'a0000000-0000-4000-8000-000000070508', 'a0000000-0000-4000-8000-000000070506'),
  ('a0000000-0000-4000-8000-000000078011', 'a0000000-0000-4000-8000-000000070103', 'a0000000-0000-4000-8000-000000070603'),
  ('a0000000-0000-4000-8000-000000078012', 'a0000000-0000-4000-8000-000000070203', 'a0000000-0000-4000-8000-000000070603'),
  ('a0000000-0000-4000-8000-000000078013', 'a0000000-0000-4000-8000-000000070303', 'a0000000-0000-4000-8000-000000070603'),
  ('a0000000-0000-4000-8000-000000078014', 'a0000000-0000-4000-8000-000000070403', 'a0000000-0000-4000-8000-000000070603'),
  ('a0000000-0000-4000-8000-000000078015', 'a0000000-0000-4000-8000-000000070503', 'a0000000-0000-4000-8000-000000070603')
on conflict (id) do update set
  source_cell_id = excluded.source_cell_id,
  target_cell_id = excluded.target_cell_id;

-- Application → Discovery scenario — Sad Path (mirrors Happy Path for now)
-- Reuses scenario steps from application_discovery_happy_path.sql via path_steps.

insert into public.paths (id, service_scenario_id, name, description, path_type)
values (
  'a0000000-0000-4000-8000-000000000701',
  'a0000000-0000-4000-8000-000000000121',
  'Sad Path',
  'Potential Tutors discover and are not interested in joining PLUS.',
  'unhappy'
)
on conflict (id) do update set
  service_scenario_id = excluded.service_scenario_id,
  name = excluded.name,
  description = excluded.description,
  path_type = excluded.path_type;

insert into public.layers (id, path_id, name, row_position)
values
  (
    'a0000000-0000-4000-8000-000000000791',
    'a0000000-0000-4000-8000-000000000701',
    'Visual',
    0
  ),
  (
    'a0000000-0000-4000-8000-000000000792',
    'a0000000-0000-4000-8000-000000000701',
    'Regular Tutor',
    1
  ),
  (
    'a0000000-0000-4000-8000-000000000793',
    'a0000000-0000-4000-8000-000000000701',
    'Front Stage Actions',
    2
  ),
  (
    'a0000000-0000-4000-8000-000000000794',
    'a0000000-0000-4000-8000-000000000701',
    'Front Stage Tech',
    3
  ),
  (
    'a0000000-0000-4000-8000-000000000795',
    'a0000000-0000-4000-8000-000000000701',
    'Back Stage Actions',
    4
  ),
  (
    'a0000000-0000-4000-8000-000000000796',
    'a0000000-0000-4000-8000-000000000701',
    'Back Stage Tech',
    5
  ),
  (
    'a0000000-0000-4000-8000-000000000797',
    'a0000000-0000-4000-8000-000000000701',
    'Support Actions',
    6
  )
on conflict (id) do update set
  name = excluded.name,
  row_position = excluded.row_position;

insert into public.path_steps (path_id, step_id, column_position)
values
  ('a0000000-0000-4000-8000-000000000701', 'a0000000-0000-4000-8000-000000000711', 1),
  ('a0000000-0000-4000-8000-000000000701', 'a0000000-0000-4000-8000-000000000712', 2),
  ('a0000000-0000-4000-8000-000000000701', 'a0000000-0000-4000-8000-000000000713', 3),
  ('a0000000-0000-4000-8000-000000000701', 'a0000000-0000-4000-8000-000000000714', 4),
  ('a0000000-0000-4000-8000-000000000701', 'a0000000-0000-4000-8000-000000000715', 5),
  ('a0000000-0000-4000-8000-000000000701', 'a0000000-0000-4000-8000-000000000717', 6)
on conflict (path_id, step_id) do update set
  column_position = excluded.column_position;

insert into public.cells (id, path_id, layer_id, step_id, content)
values
  -- Visual row
  ('a0000000-0000-4000-8000-000000720110', 'a0000000-0000-4000-8000-000000000701', 'a0000000-0000-4000-8000-000000000791', 'a0000000-0000-4000-8000-000000000711', ''),
  ('a0000000-0000-4000-8000-000000720210', 'a0000000-0000-4000-8000-000000000701', 'a0000000-0000-4000-8000-000000000791', 'a0000000-0000-4000-8000-000000000712', ''),
  ('a0000000-0000-4000-8000-000000720310', 'a0000000-0000-4000-8000-000000000701', 'a0000000-0000-4000-8000-000000000791', 'a0000000-0000-4000-8000-000000000713', ''),
  ('a0000000-0000-4000-8000-000000720410', 'a0000000-0000-4000-8000-000000000701', 'a0000000-0000-4000-8000-000000000791', 'a0000000-0000-4000-8000-000000000714', ''),
  ('a0000000-0000-4000-8000-000000720510', 'a0000000-0000-4000-8000-000000000701', 'a0000000-0000-4000-8000-000000000791', 'a0000000-0000-4000-8000-000000000715', ''),
  ('a0000000-0000-4000-8000-000000720610', 'a0000000-0000-4000-8000-000000000701', 'a0000000-0000-4000-8000-000000000791', 'a0000000-0000-4000-8000-000000000717', ''),
  -- Step 1 — word of mouth
  ('a0000000-0000-4000-8000-000000720103', 'a0000000-0000-4000-8000-000000000701', 'a0000000-0000-4000-8000-000000000792', 'a0000000-0000-4000-8000-000000000711', 'Discovers PLUS'),
  ('a0000000-0000-4000-8000-000000720104', 'a0000000-0000-4000-8000-000000000701', 'a0000000-0000-4000-8000-000000000793', 'a0000000-0000-4000-8000-000000000711', 'Previous or Current PLUS Tutor might have informed about PLUS'),
  -- Step 2 — Social Media
  ('a0000000-0000-4000-8000-000000720203', 'a0000000-0000-4000-8000-000000000701', 'a0000000-0000-4000-8000-000000000792', 'a0000000-0000-4000-8000-000000000712', 'Discovers PLUS'),
  ('a0000000-0000-4000-8000-000000720206', 'a0000000-0000-4000-8000-000000000701', 'a0000000-0000-4000-8000-000000000794', 'a0000000-0000-4000-8000-000000000712', 'Social Media'),
  ('a0000000-0000-4000-8000-000000720207', 'a0000000-0000-4000-8000-000000000701', 'a0000000-0000-4000-8000-000000000795', 'a0000000-0000-4000-8000-000000000712', 'Marketing Team creates social media posts and manages social platforms.'),
  ('a0000000-0000-4000-8000-000000720208', 'a0000000-0000-4000-8000-000000000701', 'a0000000-0000-4000-8000-000000000796', 'a0000000-0000-4000-8000-000000000712', 'Figma'),
  ('a0000000-0000-4000-8000-000000720209', 'a0000000-0000-4000-8000-000000000701', 'a0000000-0000-4000-8000-000000000797', 'a0000000-0000-4000-8000-000000000712', 'Branding Guidelines'),
  -- Step 3 — Marketing Website
  ('a0000000-0000-4000-8000-000000720303', 'a0000000-0000-4000-8000-000000000701', 'a0000000-0000-4000-8000-000000000792', 'a0000000-0000-4000-8000-000000000713', 'Discovers PLUS'),
  ('a0000000-0000-4000-8000-000000720306', 'a0000000-0000-4000-8000-000000000701', 'a0000000-0000-4000-8000-000000000794', 'a0000000-0000-4000-8000-000000000713', 'Marketing Website'),
  ('a0000000-0000-4000-8000-000000720307', 'a0000000-0000-4000-8000-000000000701', 'a0000000-0000-4000-8000-000000000795', 'a0000000-0000-4000-8000-000000000713', 'Design Team manages content and messaging on the website. Dev Team implements website into code.'),
  ('a0000000-0000-4000-8000-000000720308', 'a0000000-0000-4000-8000-000000000701', 'a0000000-0000-4000-8000-000000000796', 'a0000000-0000-4000-8000-000000000713', E'Figma\nDev Tools'),
  ('a0000000-0000-4000-8000-000000720309', 'a0000000-0000-4000-8000-000000000701', 'a0000000-0000-4000-8000-000000000797', 'a0000000-0000-4000-8000-000000000713', 'Branding Guidelines, Design System'),
  -- Step 4 — On-campus job fair
  ('a0000000-0000-4000-8000-000000720403', 'a0000000-0000-4000-8000-000000000701', 'a0000000-0000-4000-8000-000000000792', 'a0000000-0000-4000-8000-000000000714', 'Discovers PLUS'),
  ('a0000000-0000-4000-8000-000000720404', 'a0000000-0000-4000-8000-000000000701', 'a0000000-0000-4000-8000-000000000793', 'a0000000-0000-4000-8000-000000000714', 'Tutor Supervisor team meets prospective tutors at on-campus job fair'),
  ('a0000000-0000-4000-8000-000000720406', 'a0000000-0000-4000-8000-000000000701', 'a0000000-0000-4000-8000-000000000794', 'a0000000-0000-4000-8000-000000000714', E'Posters\nOn-campus booth'),
  -- Step 5 — Handshake
  ('a0000000-0000-4000-8000-000000720503', 'a0000000-0000-4000-8000-000000000701', 'a0000000-0000-4000-8000-000000000792', 'a0000000-0000-4000-8000-000000000715', 'Discovers PLUS'),
  ('a0000000-0000-4000-8000-000000720506', 'a0000000-0000-4000-8000-000000000701', 'a0000000-0000-4000-8000-000000000794', 'a0000000-0000-4000-8000-000000000715', 'Handshake'),
  ('a0000000-0000-4000-8000-000000720507', 'a0000000-0000-4000-8000-000000000701', 'a0000000-0000-4000-8000-000000000795', 'a0000000-0000-4000-8000-000000000715', 'Tutor Supervisor Team posts job openings on handshake'),
  ('a0000000-0000-4000-8000-000000720508', 'a0000000-0000-4000-8000-000000000701', 'a0000000-0000-4000-8000-000000000796', 'a0000000-0000-4000-8000-000000000715', 'Handshake Employer Profile'),
  -- Step 6 — Not interested in joining PLUS
  ('a0000000-0000-4000-8000-000000720603', 'a0000000-0000-4000-8000-000000000701', 'a0000000-0000-4000-8000-000000000792', 'a0000000-0000-4000-8000-000000000717', 'Not Interested in joining PLUS')
on conflict (id) do update set
  content = excluded.content,
  layer_id = excluded.layer_id,
  step_id = excluded.step_id;

insert into public.cell_triggers (id, source_cell_id, target_cell_id)
values
  ('a0000000-0000-4000-8000-000000728001', 'a0000000-0000-4000-8000-000000720104', 'a0000000-0000-4000-8000-000000720103'),
  ('a0000000-0000-4000-8000-000000728002', 'a0000000-0000-4000-8000-000000720207', 'a0000000-0000-4000-8000-000000720206'),
  ('a0000000-0000-4000-8000-000000728004', 'a0000000-0000-4000-8000-000000720206', 'a0000000-0000-4000-8000-000000720203'),
  ('a0000000-0000-4000-8000-000000728003', 'a0000000-0000-4000-8000-000000720307', 'a0000000-0000-4000-8000-000000720306'),
  ('a0000000-0000-4000-8000-000000728005', 'a0000000-0000-4000-8000-000000720306', 'a0000000-0000-4000-8000-000000720303'),
  ('a0000000-0000-4000-8000-000000728006', 'a0000000-0000-4000-8000-000000720404', 'a0000000-0000-4000-8000-000000720403'),
  ('a0000000-0000-4000-8000-000000728007', 'a0000000-0000-4000-8000-000000720404', 'a0000000-0000-4000-8000-000000720406'),
  ('a0000000-0000-4000-8000-000000728008', 'a0000000-0000-4000-8000-000000720506', 'a0000000-0000-4000-8000-000000720503'),
  ('a0000000-0000-4000-8000-000000728009', 'a0000000-0000-4000-8000-000000720507', 'a0000000-0000-4000-8000-000000720508'),
  ('a0000000-0000-4000-8000-000000728010', 'a0000000-0000-4000-8000-000000720508', 'a0000000-0000-4000-8000-000000720506'),
  ('a0000000-0000-4000-8000-000000728011', 'a0000000-0000-4000-8000-000000720103', 'a0000000-0000-4000-8000-000000720603'),
  ('a0000000-0000-4000-8000-000000728012', 'a0000000-0000-4000-8000-000000720203', 'a0000000-0000-4000-8000-000000720603'),
  ('a0000000-0000-4000-8000-000000728013', 'a0000000-0000-4000-8000-000000720303', 'a0000000-0000-4000-8000-000000720603'),
  ('a0000000-0000-4000-8000-000000728014', 'a0000000-0000-4000-8000-000000720403', 'a0000000-0000-4000-8000-000000720603'),
  ('a0000000-0000-4000-8000-000000728015', 'a0000000-0000-4000-8000-000000720503', 'a0000000-0000-4000-8000-000000720603')
on conflict (id) do update set
  source_cell_id = excluded.source_cell_id,
  target_cell_id = excluded.target_cell_id;

-- Application → Interview scenario — Happy Path
-- Stable keys map to fixed UUIDs in src/data/applicationInterviewHappyPathFallback.ts

insert into public.paths (id, service_scenario_id, name, description, path_type)
values (
  'a0000000-0000-4000-8000-000000000702',
  'a0000000-0000-4000-8000-000000000122',
  'Happy Path',
  'Tutor applies, interviews with the team, and receives an offer decision.',
  'happy'
)
on conflict (id) do update set
  service_scenario_id = excluded.service_scenario_id,
  name = excluded.name,
  description = excluded.description,
  path_type = excluded.path_type;

insert into public.layers (id, path_id, name, row_position)
values
  (
    'a0000000-0000-4000-8000-000000000810',
    'a0000000-0000-4000-8000-000000000702',
    'Visual',
    0
  ),
  (
    'a0000000-0000-4000-8000-000000007203',
    'a0000000-0000-4000-8000-000000000702',
    'Regular Tutor',
    1
  ),
  (
    'a0000000-0000-4000-8000-000000007204',
    'a0000000-0000-4000-8000-000000000702',
    'Front Stage Actions',
    2
  ),
  (
    'a0000000-0000-4000-8000-000000007206',
    'a0000000-0000-4000-8000-000000000702',
    'Front Stage Tech',
    3
  ),
  (
    'a0000000-0000-4000-8000-000000007207',
    'a0000000-0000-4000-8000-000000000702',
    'Back Stage Actions',
    4
  ),
  (
    'a0000000-0000-4000-8000-000000007208',
    'a0000000-0000-4000-8000-000000000702',
    'Back Stage Tech',
    5
  ),
  (
    'a0000000-0000-4000-8000-000000007209',
    'a0000000-0000-4000-8000-000000000702',
    'Support Actions',
    6
  )
on conflict (id) do update set
  name = excluded.name,
  row_position = excluded.row_position;

insert into public.steps (id, service_scenario_id, name)
values
  (
    'a0000000-0000-4000-8000-000000000731',
    'a0000000-0000-4000-8000-000000000122',
    'Applies'
  ),
  (
    'a0000000-0000-4000-8000-000000000732',
    'a0000000-0000-4000-8000-000000000122',
    'Receives email invitation for group interview'
  ),
  (
    'a0000000-0000-4000-8000-000000000733',
    'a0000000-0000-4000-8000-000000000122',
    'Group Interviews'
  ),
  (
    'a0000000-0000-4000-8000-000000000734',
    'a0000000-0000-4000-8000-000000000122',
    'Waits for offer decision'
  ),
  (
    'a0000000-0000-4000-8000-000000000735',
    'a0000000-0000-4000-8000-000000000122',
    'Receives offer decision'
  )
on conflict (id) do update set
  name = excluded.name,
  service_scenario_id = excluded.service_scenario_id;

insert into public.path_steps (path_id, step_id, column_position)
values
  ('a0000000-0000-4000-8000-000000000702', 'a0000000-0000-4000-8000-000000000731', 1),
  ('a0000000-0000-4000-8000-000000000702', 'a0000000-0000-4000-8000-000000000732', 2),
  ('a0000000-0000-4000-8000-000000000702', 'a0000000-0000-4000-8000-000000000733', 3),
  ('a0000000-0000-4000-8000-000000000702', 'a0000000-0000-4000-8000-000000000734', 4),
  ('a0000000-0000-4000-8000-000000000702', 'a0000000-0000-4000-8000-000000000735', 5)
on conflict (path_id, step_id) do update set
  column_position = excluded.column_position;

insert into public.cells (id, path_id, layer_id, step_id, content)
values
  -- Visual row
  ('a0000000-0000-4000-8000-000000090110', 'a0000000-0000-4000-8000-000000000702', 'a0000000-0000-4000-8000-000000000810', 'a0000000-0000-4000-8000-000000000731', ''),
  ('a0000000-0000-4000-8000-000000090210', 'a0000000-0000-4000-8000-000000000702', 'a0000000-0000-4000-8000-000000000810', 'a0000000-0000-4000-8000-000000000732', ''),
  ('a0000000-0000-4000-8000-000000090310', 'a0000000-0000-4000-8000-000000000702', 'a0000000-0000-4000-8000-000000000810', 'a0000000-0000-4000-8000-000000000733', ''),
  ('a0000000-0000-4000-8000-000000090410', 'a0000000-0000-4000-8000-000000000702', 'a0000000-0000-4000-8000-000000000810', 'a0000000-0000-4000-8000-000000000734', ''),
  ('a0000000-0000-4000-8000-000000090510', 'a0000000-0000-4000-8000-000000000702', 'a0000000-0000-4000-8000-000000000810', 'a0000000-0000-4000-8000-000000000735', ''),
  -- Step 1 — Applies
  ('a0000000-0000-4000-8000-000000090103', 'a0000000-0000-4000-8000-000000000702', 'a0000000-0000-4000-8000-000000007203', 'a0000000-0000-4000-8000-000000000731', 'Applies'),
  ('a0000000-0000-4000-8000-000000090106', 'a0000000-0000-4000-8000-000000000702', 'a0000000-0000-4000-8000-000000007206', 'a0000000-0000-4000-8000-000000000731', 'Google Form Application'),
  ('a0000000-0000-4000-8000-000000090107', 'a0000000-0000-4000-8000-000000000702', 'a0000000-0000-4000-8000-000000007207', 'a0000000-0000-4000-8000-000000000731', 'Tutor Supervisor team creates and manages application form'),
  -- Step 2 — Review & invitation
  ('a0000000-0000-4000-8000-000000090203', 'a0000000-0000-4000-8000-000000000702', 'a0000000-0000-4000-8000-000000007203', 'a0000000-0000-4000-8000-000000000732', 'Receives email invitation for group interview'),
  ('a0000000-0000-4000-8000-000000090204', 'a0000000-0000-4000-8000-000000000702', 'a0000000-0000-4000-8000-000000007204', 'a0000000-0000-4000-8000-000000000732', 'Tutor Supervisor Team invites applicant for group interview'),
  ('a0000000-0000-4000-8000-000000090206', 'a0000000-0000-4000-8000-000000000702', 'a0000000-0000-4000-8000-000000007206', 'a0000000-0000-4000-8000-000000000732', 'Email'),
  ('a0000000-0000-4000-8000-000000090207', 'a0000000-0000-4000-8000-000000000702', 'a0000000-0000-4000-8000-000000007207', 'a0000000-0000-4000-8000-000000000732', 'Tutor supervisor team receives and reviews application'),
  -- Step 3 — Group interview
  ('a0000000-0000-4000-8000-000000090303', 'a0000000-0000-4000-8000-000000000702', 'a0000000-0000-4000-8000-000000007203', 'a0000000-0000-4000-8000-000000000733', 'Group Interviews'),
  ('a0000000-0000-4000-8000-000000090304', 'a0000000-0000-4000-8000-000000000702', 'a0000000-0000-4000-8000-000000007204', 'a0000000-0000-4000-8000-000000000733', 'Tutor Supervisor team facilitates group interview'),
  ('a0000000-0000-4000-8000-000000090306', 'a0000000-0000-4000-8000-000000000702', 'a0000000-0000-4000-8000-000000007206', 'a0000000-0000-4000-8000-000000000733', 'Zoom'),
  ('a0000000-0000-4000-8000-000000090307', 'a0000000-0000-4000-8000-000000000702', 'a0000000-0000-4000-8000-000000007207', 'a0000000-0000-4000-8000-000000000733', 'Tutor Supervisor team takes notes'),
  ('a0000000-0000-4000-8000-000000090308', 'a0000000-0000-4000-8000-000000000702', 'a0000000-0000-4000-8000-000000007208', 'a0000000-0000-4000-8000-000000000733', 'Notion'),
  ('a0000000-0000-4000-8000-000000090309', 'a0000000-0000-4000-8000-000000000702', 'a0000000-0000-4000-8000-000000007209', 'a0000000-0000-4000-8000-000000000733', 'Zoom Recording'),
  -- Step 4 — Decision processing
  ('a0000000-0000-4000-8000-000000090403', 'a0000000-0000-4000-8000-000000000702', 'a0000000-0000-4000-8000-000000007203', 'a0000000-0000-4000-8000-000000000734', 'Waits for offer decision'),
  ('a0000000-0000-4000-8000-000000090407', 'a0000000-0000-4000-8000-000000000702', 'a0000000-0000-4000-8000-000000007207', 'a0000000-0000-4000-8000-000000000734', 'Reviews interview data and creates email with offer decision'),
  ('a0000000-0000-4000-8000-000000090408', 'a0000000-0000-4000-8000-000000000702', 'a0000000-0000-4000-8000-000000007208', 'a0000000-0000-4000-8000-000000000734', E'Zoom\nNotion\nZoom Recording\nEmail'),
  -- Step 5 — Final decision
  ('a0000000-0000-4000-8000-000000090503', 'a0000000-0000-4000-8000-000000000702', 'a0000000-0000-4000-8000-000000007203', 'a0000000-0000-4000-8000-000000000735', 'Receives offer decision'),
  ('a0000000-0000-4000-8000-000000090504', 'a0000000-0000-4000-8000-000000000702', 'a0000000-0000-4000-8000-000000007204', 'a0000000-0000-4000-8000-000000000735', 'Sends offer decision and next steps (if applicable)'),
  ('a0000000-0000-4000-8000-000000090506', 'a0000000-0000-4000-8000-000000000702', 'a0000000-0000-4000-8000-000000007206', 'a0000000-0000-4000-8000-000000000735', 'Email')
on conflict (id) do update set
  content = excluded.content,
  layer_id = excluded.layer_id,
  step_id = excluded.step_id;

delete from public.cell_triggers
where id in (
  'a0000000-0000-4000-8000-000000098024',
  'a0000000-0000-4000-8000-000000098023',
  'a0000000-0000-4000-8000-000000098006',
  'a0000000-0000-4000-8000-000000098002'
);

delete from public.cells
where id = 'a0000000-0000-4000-8000-000000090104';

insert into public.cell_triggers (id, source_cell_id, target_cell_id)
values
  ('a0000000-0000-4000-8000-000000098001', 'a0000000-0000-4000-8000-000000090107', 'a0000000-0000-4000-8000-000000090106'),
  ('a0000000-0000-4000-8000-000000098005', 'a0000000-0000-4000-8000-000000090103', 'a0000000-0000-4000-8000-000000090106'),
  ('a0000000-0000-4000-8000-000000098003', 'a0000000-0000-4000-8000-000000090207', 'a0000000-0000-4000-8000-000000090204'),
  ('a0000000-0000-4000-8000-000000098004', 'a0000000-0000-4000-8000-000000090204', 'a0000000-0000-4000-8000-000000090203'),
  ('a0000000-0000-4000-8000-000000098011', 'a0000000-0000-4000-8000-000000090103', 'a0000000-0000-4000-8000-000000090203'),
  ('a0000000-0000-4000-8000-000000098012', 'a0000000-0000-4000-8000-000000090203', 'a0000000-0000-4000-8000-000000090303'),
  ('a0000000-0000-4000-8000-000000098013', 'a0000000-0000-4000-8000-000000090303', 'a0000000-0000-4000-8000-000000090403'),
  ('a0000000-0000-4000-8000-000000098014', 'a0000000-0000-4000-8000-000000090403', 'a0000000-0000-4000-8000-000000090503'),
  ('a0000000-0000-4000-8000-000000098021', 'a0000000-0000-4000-8000-000000090304', 'a0000000-0000-4000-8000-000000090303'),
  ('a0000000-0000-4000-8000-000000098022', 'a0000000-0000-4000-8000-000000090303', 'a0000000-0000-4000-8000-000000090304'),
  ('a0000000-0000-4000-8000-000000098025', 'a0000000-0000-4000-8000-000000090307', 'a0000000-0000-4000-8000-000000090308'),
  ('a0000000-0000-4000-8000-000000098031', 'a0000000-0000-4000-8000-000000090307', 'a0000000-0000-4000-8000-000000090407'),
  ('a0000000-0000-4000-8000-000000098032', 'a0000000-0000-4000-8000-000000090407', 'a0000000-0000-4000-8000-000000090408'),
  ('a0000000-0000-4000-8000-000000098041', 'a0000000-0000-4000-8000-000000090407', 'a0000000-0000-4000-8000-000000090504'),
  ('a0000000-0000-4000-8000-000000098042', 'a0000000-0000-4000-8000-000000090504', 'a0000000-0000-4000-8000-000000090503')
on conflict (id) do update set
  source_cell_id = excluded.source_cell_id,
  target_cell_id = excluded.target_cell_id;

-- Onboarding → Tech Setup scenario — Happy Path
-- Stable keys map to fixed UUIDs in src/data/techSetupHappyPathFallback.ts

insert into public.paths (id, service_scenario_id, name, description, path_type)
values (
  'a0000000-0000-4000-8000-000000000800',
  'a0000000-0000-4000-8000-000000000120',
  'Happy Path',
  'Tutor succesfully sets up technology and obtains clearances.',
  'happy'
)
on conflict (id) do update set
  service_scenario_id = excluded.service_scenario_id,
  name = excluded.name,
  description = excluded.description,
  path_type = excluded.path_type;

delete from public.cell_triggers
where source_cell_id in (
  select id from public.cells
  where path_id = 'a0000000-0000-4000-8000-000000000800'
);

delete from public.cells
where path_id = 'a0000000-0000-4000-8000-000000000800';

delete from public.layers
where path_id = 'a0000000-0000-4000-8000-000000000800';

insert into public.layers (id, path_id, name, row_position)
values
  (
    'a0000000-0000-4000-8000-000000000818',
    'a0000000-0000-4000-8000-000000000800',
    'Visual',
    0
  ),
  (
    'a0000000-0000-4000-8000-000000000831',
    'a0000000-0000-4000-8000-000000000800',
    'Regular Tutor',
    1
  ),
  (
    'a0000000-0000-4000-8000-000000000832',
    'a0000000-0000-4000-8000-000000000800',
    'Front Stage Actions',
    2
  ),
  (
    'a0000000-0000-4000-8000-000000000833',
    'a0000000-0000-4000-8000-000000000800',
    'Front Stage Tech',
    3
  ),
  (
    'a0000000-0000-4000-8000-000000000834',
    'a0000000-0000-4000-8000-000000000800',
    'Back Stage Actions',
    4
  ),
  (
    'a0000000-0000-4000-8000-000000000835',
    'a0000000-0000-4000-8000-000000000800',
    'Back Stage Tech',
    5
  ),
  (
    'a0000000-0000-4000-8000-000000000836',
    'a0000000-0000-4000-8000-000000000800',
    'Support Actions',
    6
  )
on conflict (id) do update set
  name = excluded.name,
  row_position = excluded.row_position,
  path_id = excluded.path_id;

insert into public.steps (id, service_scenario_id, name)
values
  (
    'a0000000-0000-4000-8000-000000000821',
    'a0000000-0000-4000-8000-000000000120',
    'Clearance email'
  ),
  (
    'a0000000-0000-4000-8000-000000000822',
    'a0000000-0000-4000-8000-000000000120',
    'Obtain clearances'
  ),
  (
    'a0000000-0000-4000-8000-000000000823',
    'a0000000-0000-4000-8000-000000000120',
    'Send clearances'
  ),
  (
    'a0000000-0000-4000-8000-000000000824',
    'a0000000-0000-4000-8000-000000000120',
    'Payroll setup'
  ),
  (
    'a0000000-0000-4000-8000-000000000825',
    'a0000000-0000-4000-8000-000000000120',
    'Join Slack'
  )
on conflict (id) do update set
  name = excluded.name,
  service_scenario_id = excluded.service_scenario_id;

insert into public.path_steps (path_id, step_id, column_position)
values
  ('a0000000-0000-4000-8000-000000000800', 'a0000000-0000-4000-8000-000000000821', 1),
  ('a0000000-0000-4000-8000-000000000800', 'a0000000-0000-4000-8000-000000000822', 2),
  ('a0000000-0000-4000-8000-000000000800', 'a0000000-0000-4000-8000-000000000823', 3),
  ('a0000000-0000-4000-8000-000000000800', 'a0000000-0000-4000-8000-000000000824', 4),
  ('a0000000-0000-4000-8000-000000000800', 'a0000000-0000-4000-8000-000000000825', 5)
on conflict (path_id, step_id) do update set
  column_position = excluded.column_position;

insert into public.cells (id, path_id, layer_id, step_id, content)
values
  -- Visual row
  ('a0000000-0000-4000-8000-000000100110', 'a0000000-0000-4000-8000-000000000800', 'a0000000-0000-4000-8000-000000000818', 'a0000000-0000-4000-8000-000000000821', ''),
  ('a0000000-0000-4000-8000-000000100210', 'a0000000-0000-4000-8000-000000000800', 'a0000000-0000-4000-8000-000000000818', 'a0000000-0000-4000-8000-000000000822', ''),
  ('a0000000-0000-4000-8000-000000100310', 'a0000000-0000-4000-8000-000000000800', 'a0000000-0000-4000-8000-000000000818', 'a0000000-0000-4000-8000-000000000823', ''),
  ('a0000000-0000-4000-8000-000000100410', 'a0000000-0000-4000-8000-000000000800', 'a0000000-0000-4000-8000-000000000818', 'a0000000-0000-4000-8000-000000000824', ''),
  ('a0000000-0000-4000-8000-000000100510', 'a0000000-0000-4000-8000-000000000800', 'a0000000-0000-4000-8000-000000000818', 'a0000000-0000-4000-8000-000000000825', ''),
  -- Step 1 — clearance email
  ('a0000000-0000-4000-8000-000000100103', 'a0000000-0000-4000-8000-000000000800', 'a0000000-0000-4000-8000-000000000831', 'a0000000-0000-4000-8000-000000000821', 'Receives email with steps for tutor clearances'),
  ('a0000000-0000-4000-8000-000000100104', 'a0000000-0000-4000-8000-000000000800', 'a0000000-0000-4000-8000-000000000832', 'a0000000-0000-4000-8000-000000000821', 'Tutor Supervisor team sends email for clearance checks'),
  ('a0000000-0000-4000-8000-000000100106', 'a0000000-0000-4000-8000-000000000800', 'a0000000-0000-4000-8000-000000000833', 'a0000000-0000-4000-8000-000000000821', 'Email'),
  ('a0000000-0000-4000-8000-000000100109', 'a0000000-0000-4000-8000-000000000800', 'a0000000-0000-4000-8000-000000000836', 'a0000000-0000-4000-8000-000000000821', 'Child Protection Laws'),
  -- Step 2 — obtain clearances
  ('a0000000-0000-4000-8000-000000100203', 'a0000000-0000-4000-8000-000000000800', 'a0000000-0000-4000-8000-000000000831', 'a0000000-0000-4000-8000-000000000822', 'Obtains clearances'),
  ('a0000000-0000-4000-8000-000000100204', 'a0000000-0000-4000-8000-000000000800', 'a0000000-0000-4000-8000-000000000832', 'a0000000-0000-4000-8000-000000000822', 'CMU HR Department'),
  ('a0000000-0000-4000-8000-000000100206', 'a0000000-0000-4000-8000-000000000800', 'a0000000-0000-4000-8000-000000000833', 'a0000000-0000-4000-8000-000000000822', 'Clearance Obtainment guide'),
  ('a0000000-0000-4000-8000-000000100209', 'a0000000-0000-4000-8000-000000000800', 'a0000000-0000-4000-8000-000000000836', 'a0000000-0000-4000-8000-000000000822', 'Child Protection Laws'),
  -- Step 3 — send clearances
  ('a0000000-0000-4000-8000-000000100303', 'a0000000-0000-4000-8000-000000000800', 'a0000000-0000-4000-8000-000000000831', 'a0000000-0000-4000-8000-000000000823', 'Sends clearances to CMU'),
  ('a0000000-0000-4000-8000-000000100304', 'a0000000-0000-4000-8000-000000000800', 'a0000000-0000-4000-8000-000000000832', 'a0000000-0000-4000-8000-000000000823', 'Tutor Supervisor team receives email with required clearances'),
  ('a0000000-0000-4000-8000-000000100309', 'a0000000-0000-4000-8000-000000000800', 'a0000000-0000-4000-8000-000000000836', 'a0000000-0000-4000-8000-000000000823', 'Child Protection Laws'),
  -- Step 4 — payroll setup
  ('a0000000-0000-4000-8000-000000100403', 'a0000000-0000-4000-8000-000000000800', 'a0000000-0000-4000-8000-000000000831', 'a0000000-0000-4000-8000-000000000824', 'Payroll setup'),
  ('a0000000-0000-4000-8000-000000100404', 'a0000000-0000-4000-8000-000000000800', 'a0000000-0000-4000-8000-000000000832', 'a0000000-0000-4000-8000-000000000824', 'CMU HR Department reviews employment forms at an I-9 Meeting'),
  ('a0000000-0000-4000-8000-000000100406', 'a0000000-0000-4000-8000-000000000800', 'a0000000-0000-4000-8000-000000000833', 'a0000000-0000-4000-8000-000000000824', 'Workday (payroll software)'),
  ('a0000000-0000-4000-8000-000000100407', 'a0000000-0000-4000-8000-000000000800', 'a0000000-0000-4000-8000-000000000834', 'a0000000-0000-4000-8000-000000000824', 'PLUS Supervisor Team fills out corresponding paperwork for student employment in payroll software'),
  ('a0000000-0000-4000-8000-000000100408', 'a0000000-0000-4000-8000-000000000800', 'a0000000-0000-4000-8000-000000000835', 'a0000000-0000-4000-8000-000000000824', 'Workday (payroll software)'),
  ('a0000000-0000-4000-8000-000000100409', 'a0000000-0000-4000-8000-000000000800', 'a0000000-0000-4000-8000-000000000836', 'a0000000-0000-4000-8000-000000000824', 'HR Employment Laws and Onboarding Modules'),
  -- Step 5 — join Slack
  ('a0000000-0000-4000-8000-000000100503', 'a0000000-0000-4000-8000-000000000800', 'a0000000-0000-4000-8000-000000000831', 'a0000000-0000-4000-8000-000000000825', 'Join PLUS tutor Slack Channel'),
  ('a0000000-0000-4000-8000-000000100504', 'a0000000-0000-4000-8000-000000000800', 'a0000000-0000-4000-8000-000000000832', 'a0000000-0000-4000-8000-000000000825', 'Tutor Supervisor Team sends invite to Slack workspace'),
  ('a0000000-0000-4000-8000-000000100506', 'a0000000-0000-4000-8000-000000000800', 'a0000000-0000-4000-8000-000000000833', 'a0000000-0000-4000-8000-000000000825', E'Email\nSlack')
on conflict (id) do update set
  content = excluded.content,
  layer_id = excluded.layer_id,
  step_id = excluded.step_id;

delete from public.cell_triggers
where source_cell_id in (
  select id from public.cells
  where path_id = 'a0000000-0000-4000-8000-000000000800'
)
or id like 'a0000000-0000-4000-8000-000000088%'
or id like 'a0000000-0000-4000-8000-000000086%';

insert into public.cell_triggers (id, source_cell_id, target_cell_id)
values
  ('a0000000-0000-4000-8000-000000088001', 'a0000000-0000-4000-8000-000000100104', 'a0000000-0000-4000-8000-000000100103'),
  ('a0000000-0000-4000-8000-000000088011', 'a0000000-0000-4000-8000-000000100103', 'a0000000-0000-4000-8000-000000100203'),
  ('a0000000-0000-4000-8000-000000088012', 'a0000000-0000-4000-8000-000000100203', 'a0000000-0000-4000-8000-000000100303'),
  ('a0000000-0000-4000-8000-000000088013', 'a0000000-0000-4000-8000-000000100303', 'a0000000-0000-4000-8000-000000100403'),
  ('a0000000-0000-4000-8000-000000088014', 'a0000000-0000-4000-8000-000000100403', 'a0000000-0000-4000-8000-000000100503'),
  ('a0000000-0000-4000-8000-000000088021', 'a0000000-0000-4000-8000-000000100203', 'a0000000-0000-4000-8000-000000100204'),
  ('a0000000-0000-4000-8000-000000088022', 'a0000000-0000-4000-8000-000000100204', 'a0000000-0000-4000-8000-000000100203'),
  ('a0000000-0000-4000-8000-000000088031', 'a0000000-0000-4000-8000-000000100303', 'a0000000-0000-4000-8000-000000100304'),
  ('a0000000-0000-4000-8000-000000088041', 'a0000000-0000-4000-8000-000000100403', 'a0000000-0000-4000-8000-000000100404'),
  ('a0000000-0000-4000-8000-000000088051', 'a0000000-0000-4000-8000-000000100504', 'a0000000-0000-4000-8000-000000100503')
on conflict (id) do update set
  source_cell_id = excluded.source_cell_id,
  target_cell_id = excluded.target_cell_id;

-- Onboarding → Onboarding Modules scenario — Happy Path
-- Stable keys map to fixed UUIDs in src/data/onboardingModulesHappyPathFallback.ts

insert into public.paths (id, service_scenario_id, name, description, path_type)
values (
  'a0000000-0000-4000-8000-000000007201',
  'a0000000-0000-4000-8000-000000000123',
  'Happy Path',
  'Tutor succesfully completes onboarding modules.',
  'happy'
)
on conflict (id) do update set
  service_scenario_id = excluded.service_scenario_id,
  name = excluded.name,
  description = excluded.description,
  path_type = excluded.path_type;

delete from public.cell_triggers
where source_cell_id in (
  select id from public.cells
  where path_id = 'a0000000-0000-4000-8000-000000007201'
);

delete from public.cells
where path_id = 'a0000000-0000-4000-8000-000000007201';

delete from public.layers
where path_id = 'a0000000-0000-4000-8000-000000007201';

insert into public.layers (id, path_id, name, row_position)
values
  (
    'a0000000-0000-4000-8000-000000000828',
    'a0000000-0000-4000-8000-000000007201',
    'Visual',
    0
  ),
  (
    'a0000000-0000-4000-8000-000000000841',
    'a0000000-0000-4000-8000-000000007201',
    'Regular Tutor',
    1
  ),
  (
    'a0000000-0000-4000-8000-000000000842',
    'a0000000-0000-4000-8000-000000007201',
    'Front Stage Actions',
    2
  ),
  (
    'a0000000-0000-4000-8000-000000000843',
    'a0000000-0000-4000-8000-000000007201',
    'Front Stage Tech',
    3
  ),
  (
    'a0000000-0000-4000-8000-000000000844',
    'a0000000-0000-4000-8000-000000007201',
    'Back Stage Actions',
    4
  ),
  (
    'a0000000-0000-4000-8000-000000000845',
    'a0000000-0000-4000-8000-000000007201',
    'Back Stage Tech',
    5
  ),
  (
    'a0000000-0000-4000-8000-000000000846',
    'a0000000-0000-4000-8000-000000007201',
    'Support Actions',
    6
  )
on conflict (id) do update set
  name = excluded.name,
  row_position = excluded.row_position,
  path_id = excluded.path_id;

insert into public.steps (id, service_scenario_id, name)
values
  (
    'a0000000-0000-4000-8000-000000000851',
    'a0000000-0000-4000-8000-000000000123',
    'Module opening'
  ),
  (
    'a0000000-0000-4000-8000-000000000852',
    'a0000000-0000-4000-8000-000000000123',
    'Accessing content'
  ),
  (
    'a0000000-0000-4000-8000-000000000853',
    'a0000000-0000-4000-8000-000000000123',
    'Reading lesson'
  ),
  (
    'a0000000-0000-4000-8000-000000000854',
    'a0000000-0000-4000-8000-000000000123',
    'Supplementary materials'
  ),
  (
    'a0000000-0000-4000-8000-000000000855',
    'a0000000-0000-4000-8000-000000000123',
    'Quiz completion'
  ),
  (
    'a0000000-0000-4000-8000-000000000856',
    'a0000000-0000-4000-8000-000000000123',
    'Reflection'
  )
on conflict (id) do update set
  name = excluded.name,
  service_scenario_id = excluded.service_scenario_id;

insert into public.path_steps (path_id, step_id, column_position)
values
  ('a0000000-0000-4000-8000-000000007201', 'a0000000-0000-4000-8000-000000000851', 1),
  ('a0000000-0000-4000-8000-000000007201', 'a0000000-0000-4000-8000-000000000852', 2),
  ('a0000000-0000-4000-8000-000000007201', 'a0000000-0000-4000-8000-000000000853', 3),
  ('a0000000-0000-4000-8000-000000007201', 'a0000000-0000-4000-8000-000000000854', 4),
  ('a0000000-0000-4000-8000-000000007201', 'a0000000-0000-4000-8000-000000000855', 5),
  ('a0000000-0000-4000-8000-000000007201', 'a0000000-0000-4000-8000-000000000856', 6)
on conflict (path_id, step_id) do update set
  column_position = excluded.column_position;

insert into public.cells (id, path_id, layer_id, step_id, content)
values
  ('a0000000-0000-4000-8000-000000110110', 'a0000000-0000-4000-8000-000000007201', 'a0000000-0000-4000-8000-000000000828', 'a0000000-0000-4000-8000-000000000851', ''),
  ('a0000000-0000-4000-8000-000000110210', 'a0000000-0000-4000-8000-000000007201', 'a0000000-0000-4000-8000-000000000828', 'a0000000-0000-4000-8000-000000000852', ''),
  ('a0000000-0000-4000-8000-000000110310', 'a0000000-0000-4000-8000-000000007201', 'a0000000-0000-4000-8000-000000000828', 'a0000000-0000-4000-8000-000000000853', ''),
  ('a0000000-0000-4000-8000-000000110410', 'a0000000-0000-4000-8000-000000007201', 'a0000000-0000-4000-8000-000000000828', 'a0000000-0000-4000-8000-000000000854', ''),
  ('a0000000-0000-4000-8000-000000110510', 'a0000000-0000-4000-8000-000000007201', 'a0000000-0000-4000-8000-000000000828', 'a0000000-0000-4000-8000-000000000855', ''),
  ('a0000000-0000-4000-8000-000000110610', 'a0000000-0000-4000-8000-000000007201', 'a0000000-0000-4000-8000-000000000828', 'a0000000-0000-4000-8000-000000000856', ''),

  ('a0000000-0000-4000-8000-000000110103', 'a0000000-0000-4000-8000-000000007201', 'a0000000-0000-4000-8000-000000000841', 'a0000000-0000-4000-8000-000000000851', 'Opens next uncompleted Onboarding Module'),
  ('a0000000-0000-4000-8000-000000110106', 'a0000000-0000-4000-8000-000000007201', 'a0000000-0000-4000-8000-000000000843', 'a0000000-0000-4000-8000-000000000851', 'PLUS App'),
  ('a0000000-0000-4000-8000-000000110109', 'a0000000-0000-4000-8000-000000007201', 'a0000000-0000-4000-8000-000000000846', 'a0000000-0000-4000-8000-000000000851', E'Dev Team\nDesign Team'),

  ('a0000000-0000-4000-8000-000000110203', 'a0000000-0000-4000-8000-000000007201', 'a0000000-0000-4000-8000-000000000841', 'a0000000-0000-4000-8000-000000000852', 'Follows Notion Link in individual module page'),
  ('a0000000-0000-4000-8000-000000110206', 'a0000000-0000-4000-8000-000000007201', 'a0000000-0000-4000-8000-000000000843', 'a0000000-0000-4000-8000-000000000852', E'PLUS App\nNotion'),
  ('a0000000-0000-4000-8000-000000110209', 'a0000000-0000-4000-8000-000000007201', 'a0000000-0000-4000-8000-000000000846', 'a0000000-0000-4000-8000-000000000852', E'Dev Team\nDesign Team'),

  ('a0000000-0000-4000-8000-000000110303', 'a0000000-0000-4000-8000-000000007201', 'a0000000-0000-4000-8000-000000000841', 'a0000000-0000-4000-8000-000000000853', 'Reads through the onboarding module lesson'),
  ('a0000000-0000-4000-8000-000000110306', 'a0000000-0000-4000-8000-000000007201', 'a0000000-0000-4000-8000-000000000843', 'a0000000-0000-4000-8000-000000000853', 'Notion'),
  ('a0000000-0000-4000-8000-000000110307', 'a0000000-0000-4000-8000-000000007201', 'a0000000-0000-4000-8000-000000000844', 'a0000000-0000-4000-8000-000000000853', 'The Instructional Design team creates and maintains the Lesson Modules.'),
  ('a0000000-0000-4000-8000-000000110308', 'a0000000-0000-4000-8000-000000007201', 'a0000000-0000-4000-8000-000000000845', 'a0000000-0000-4000-8000-000000000853', 'Notion'),
  ('a0000000-0000-4000-8000-000000110309', 'a0000000-0000-4000-8000-000000007201', 'a0000000-0000-4000-8000-000000000846', 'a0000000-0000-4000-8000-000000000853', 'Researchers help guide instructional implementation'),

  ('a0000000-0000-4000-8000-000000110403', 'a0000000-0000-4000-8000-000000007201', 'a0000000-0000-4000-8000-000000000841', 'a0000000-0000-4000-8000-000000000854', 'Reads through any supplementary materials in the lesson'),
  ('a0000000-0000-4000-8000-000000110406', 'a0000000-0000-4000-8000-000000007201', 'a0000000-0000-4000-8000-000000000843', 'a0000000-0000-4000-8000-000000000854', E'Notion\nGoogle Docs/ Slides'),
  ('a0000000-0000-4000-8000-000000110407', 'a0000000-0000-4000-8000-000000007201', 'a0000000-0000-4000-8000-000000000844', 'a0000000-0000-4000-8000-000000000854', 'The Instructional Design team maintains the supplementary materials.'),
  ('a0000000-0000-4000-8000-000000110408', 'a0000000-0000-4000-8000-000000007201', 'a0000000-0000-4000-8000-000000000845', 'a0000000-0000-4000-8000-000000000854', E'Notion\nGoogle Docs/ Slides'),
  ('a0000000-0000-4000-8000-000000110409', 'a0000000-0000-4000-8000-000000007201', 'a0000000-0000-4000-8000-000000000846', 'a0000000-0000-4000-8000-000000000854', 'Researchers help guide instructional implementation'),

  ('a0000000-0000-4000-8000-000000110503', 'a0000000-0000-4000-8000-000000007201', 'a0000000-0000-4000-8000-000000000841', 'a0000000-0000-4000-8000-000000000855', 'Completes google quiz'),
  ('a0000000-0000-4000-8000-000000110506', 'a0000000-0000-4000-8000-000000007201', 'a0000000-0000-4000-8000-000000000843', 'a0000000-0000-4000-8000-000000000855', 'Google Quiz embedded in notion'),
  ('a0000000-0000-4000-8000-000000110507', 'a0000000-0000-4000-8000-000000007201', 'a0000000-0000-4000-8000-000000000844', 'a0000000-0000-4000-8000-000000000855', 'The Instructional Design team creates and maintains the google quiz.'),
  ('a0000000-0000-4000-8000-000000110508', 'a0000000-0000-4000-8000-000000007201', 'a0000000-0000-4000-8000-000000000845', 'a0000000-0000-4000-8000-000000000855', E'Notion\nGoogle Quizzes'),
  ('a0000000-0000-4000-8000-000000110509', 'a0000000-0000-4000-8000-000000007201', 'a0000000-0000-4000-8000-000000000846', 'a0000000-0000-4000-8000-000000000855', 'Researchers help guide instructional implementation'),

  ('a0000000-0000-4000-8000-000000110603', 'a0000000-0000-4000-8000-000000007201', 'a0000000-0000-4000-8000-000000000841', 'a0000000-0000-4000-8000-000000000856', 'Fills out reflection for module'),
  ('a0000000-0000-4000-8000-000000110606', 'a0000000-0000-4000-8000-000000007201', 'a0000000-0000-4000-8000-000000000843', 'a0000000-0000-4000-8000-000000000856', 'PLUS App'),
  ('a0000000-0000-4000-8000-000000110607', 'a0000000-0000-4000-8000-000000007201', 'a0000000-0000-4000-8000-000000000844', 'a0000000-0000-4000-8000-000000000856', 'Instructional design team designs and maintains reflection questions'),
  ('a0000000-0000-4000-8000-000000110608', 'a0000000-0000-4000-8000-000000007201', 'a0000000-0000-4000-8000-000000000845', 'a0000000-0000-4000-8000-000000000856', E'Notion\nFigma\nDev Tools'),
  ('a0000000-0000-4000-8000-000000110609', 'a0000000-0000-4000-8000-000000007201', 'a0000000-0000-4000-8000-000000000846', 'a0000000-0000-4000-8000-000000000856', E'Researchers help guide instructional implementation\nDev Team\nDesign Team')
on conflict (id) do update set
  path_id = excluded.path_id,
  layer_id = excluded.layer_id,
  step_id = excluded.step_id,
  content = excluded.content;

delete from public.cell_triggers
where id in (
  select id from public.cell_triggers
  where source_cell_id in (
    select id from public.cells
    where path_id = 'a0000000-0000-4000-8000-000000007201'
  )
);

insert into public.cell_triggers (id, source_cell_id, target_cell_id)
values
  ('a0000000-0000-4000-8000-000000089011', 'a0000000-0000-4000-8000-000000110103', 'a0000000-0000-4000-8000-000000110203'),
  ('a0000000-0000-4000-8000-000000089012', 'a0000000-0000-4000-8000-000000110203', 'a0000000-0000-4000-8000-000000110303'),
  ('a0000000-0000-4000-8000-000000089013', 'a0000000-0000-4000-8000-000000110303', 'a0000000-0000-4000-8000-000000110403'),
  ('a0000000-0000-4000-8000-000000089014', 'a0000000-0000-4000-8000-000000110403', 'a0000000-0000-4000-8000-000000110503'),
  ('a0000000-0000-4000-8000-000000089015', 'a0000000-0000-4000-8000-000000110503', 'a0000000-0000-4000-8000-000000110603'),
  ('a0000000-0000-4000-8000-000000089016', 'a0000000-0000-4000-8000-000000110603', 'a0000000-0000-4000-8000-000000110103'),
  ('a0000000-0000-4000-8000-000000089031', 'a0000000-0000-4000-8000-000000110307', 'a0000000-0000-4000-8000-000000110306'),
  ('a0000000-0000-4000-8000-000000089041', 'a0000000-0000-4000-8000-000000110407', 'a0000000-0000-4000-8000-000000110406'),
  ('a0000000-0000-4000-8000-000000089051', 'a0000000-0000-4000-8000-000000110506', 'a0000000-0000-4000-8000-000000110507'),
  ('a0000000-0000-4000-8000-000000089052', 'a0000000-0000-4000-8000-000000110507', 'a0000000-0000-4000-8000-000000110506'),
  ('a0000000-0000-4000-8000-000000089061', 'a0000000-0000-4000-8000-000000110606', 'a0000000-0000-4000-8000-000000110607'),
  ('a0000000-0000-4000-8000-000000089062', 'a0000000-0000-4000-8000-000000110607', 'a0000000-0000-4000-8000-000000110606')
on conflict (id) do update set
  source_cell_id = excluded.source_cell_id,
  target_cell_id = excluded.target_cell_id;

-- Onboarding → Lesson Modules scenario — Happy Path
-- Stable keys map to fixed UUIDs in src/data/lessonModulesHappyPathFallback.ts

insert into public.paths (id, service_scenario_id, name, description, path_type)
values (
  'a0000000-0000-4000-8000-000000007202',
  'a0000000-0000-4000-8000-000000000124',
  'Happy Path',
  'Tutor succesfully completes lesson modules.',
  'happy'
)
on conflict (id) do update set
  service_scenario_id = excluded.service_scenario_id,
  name = excluded.name,
  description = excluded.description,
  path_type = excluded.path_type;

delete from public.cell_triggers
where source_cell_id in (
  select id from public.cells
  where path_id = 'a0000000-0000-4000-8000-000000007202'
);

delete from public.cells
where path_id = 'a0000000-0000-4000-8000-000000007202';

delete from public.layers
where path_id = 'a0000000-0000-4000-8000-000000007202';

insert into public.layers (id, path_id, name, row_position)
values
  (
    'a0000000-0000-4000-8000-000000000838',
    'a0000000-0000-4000-8000-000000007202',
    'Visual',
    0
  ),
  (
    'a0000000-0000-4000-8000-000000000847',
    'a0000000-0000-4000-8000-000000007202',
    'Regular Tutor',
    1
  ),
  (
    'a0000000-0000-4000-8000-000000000848',
    'a0000000-0000-4000-8000-000000007202',
    'Front Stage Actions',
    2
  ),
  (
    'a0000000-0000-4000-8000-000000000849',
    'a0000000-0000-4000-8000-000000007202',
    'Front Stage Tech',
    3
  ),
  (
    'a0000000-0000-4000-8000-000000000850',
    'a0000000-0000-4000-8000-000000007202',
    'Back Stage Actions',
    4
  ),
  (
    'a0000000-0000-4000-8000-000000000851',
    'a0000000-0000-4000-8000-000000007202',
    'Back Stage Tech',
    5
  ),
  (
    'a0000000-0000-4000-8000-000000000852',
    'a0000000-0000-4000-8000-000000007202',
    'Support Actions',
    6
  )
on conflict (id) do update set
  name = excluded.name,
  row_position = excluded.row_position,
  path_id = excluded.path_id;

insert into public.steps (id, service_scenario_id, name)
values
  (
    'a0000000-0000-4000-8000-000000000861',
    'a0000000-0000-4000-8000-000000000124',
    'Open lesson'
  ),
  (
    'a0000000-0000-4000-8000-000000000862',
    'a0000000-0000-4000-8000-000000000124',
    'Work through questions'
  ),
  (
    'a0000000-0000-4000-8000-000000000863',
    'a0000000-0000-4000-8000-000000000124',
    'Finish lesson'
  )
on conflict (id) do update set
  name = excluded.name,
  service_scenario_id = excluded.service_scenario_id;

insert into public.path_steps (path_id, step_id, column_position)
values
  ('a0000000-0000-4000-8000-000000007202', 'a0000000-0000-4000-8000-000000000861', 1),
  ('a0000000-0000-4000-8000-000000007202', 'a0000000-0000-4000-8000-000000000862', 2),
  ('a0000000-0000-4000-8000-000000007202', 'a0000000-0000-4000-8000-000000000863', 3)
on conflict (path_id, step_id) do update set
  column_position = excluded.column_position;

insert into public.cells (id, path_id, layer_id, step_id, content)
values
  ('a0000000-0000-4000-8000-000000120110', 'a0000000-0000-4000-8000-000000007202', 'a0000000-0000-4000-8000-000000000838', 'a0000000-0000-4000-8000-000000000861', ''),
  ('a0000000-0000-4000-8000-000000120210', 'a0000000-0000-4000-8000-000000007202', 'a0000000-0000-4000-8000-000000000838', 'a0000000-0000-4000-8000-000000000862', ''),
  ('a0000000-0000-4000-8000-000000120310', 'a0000000-0000-4000-8000-000000007202', 'a0000000-0000-4000-8000-000000000838', 'a0000000-0000-4000-8000-000000000863', ''),

  ('a0000000-0000-4000-8000-000000120103', 'a0000000-0000-4000-8000-000000007202', 'a0000000-0000-4000-8000-000000000847', 'a0000000-0000-4000-8000-000000000861', 'Opens next uncompleted assigned lesson'),
  ('a0000000-0000-4000-8000-000000120106', 'a0000000-0000-4000-8000-000000007202', 'a0000000-0000-4000-8000-000000000849', 'a0000000-0000-4000-8000-000000000861', 'PLUS App'),
  ('a0000000-0000-4000-8000-000000120107', 'a0000000-0000-4000-8000-000000007202', 'a0000000-0000-4000-8000-000000000850', 'a0000000-0000-4000-8000-000000000861', E'Tutor Supervisor Team assigns lessons.\nInstructional design team designs and maintains lessons'),
  ('a0000000-0000-4000-8000-000000120108', 'a0000000-0000-4000-8000-000000007202', 'a0000000-0000-4000-8000-000000000851', 'a0000000-0000-4000-8000-000000000861', E'PLUS App\nFigma\nDev Tools'),
  ('a0000000-0000-4000-8000-000000120109', 'a0000000-0000-4000-8000-000000007202', 'a0000000-0000-4000-8000-000000000852', 'a0000000-0000-4000-8000-000000000861', E'Researchers help guide instructional implementation\nDev Team\nDesign Team'),

  ('a0000000-0000-4000-8000-000000120203', 'a0000000-0000-4000-8000-000000007202', 'a0000000-0000-4000-8000-000000000847', 'a0000000-0000-4000-8000-000000000862', 'Works through the questions'),
  ('a0000000-0000-4000-8000-000000120206', 'a0000000-0000-4000-8000-000000007202', 'a0000000-0000-4000-8000-000000000849', 'a0000000-0000-4000-8000-000000000862', 'PLUS App'),
  ('a0000000-0000-4000-8000-000000120208', 'a0000000-0000-4000-8000-000000007202', 'a0000000-0000-4000-8000-000000000851', 'a0000000-0000-4000-8000-000000000862', E'Figma\nDev Tools'),
  ('a0000000-0000-4000-8000-000000120209', 'a0000000-0000-4000-8000-000000007202', 'a0000000-0000-4000-8000-000000000852', 'a0000000-0000-4000-8000-000000000862', E'Researchers help guide instructional implementation\nDev Team\nDesign Team'),

  ('a0000000-0000-4000-8000-000000120303', 'a0000000-0000-4000-8000-000000007202', 'a0000000-0000-4000-8000-000000000847', 'a0000000-0000-4000-8000-000000000863', 'Finishes lesson and receives score'),
  ('a0000000-0000-4000-8000-000000120306', 'a0000000-0000-4000-8000-000000007202', 'a0000000-0000-4000-8000-000000000849', 'a0000000-0000-4000-8000-000000000863', 'PLUS App'),
  ('a0000000-0000-4000-8000-000000120308', 'a0000000-0000-4000-8000-000000007202', 'a0000000-0000-4000-8000-000000000851', 'a0000000-0000-4000-8000-000000000863', E'Figma\nDev Tools'),
  ('a0000000-0000-4000-8000-000000120309', 'a0000000-0000-4000-8000-000000007202', 'a0000000-0000-4000-8000-000000000852', 'a0000000-0000-4000-8000-000000000863', E'Dev Team\nDesign Team')
on conflict (id) do update set
  path_id = excluded.path_id,
  layer_id = excluded.layer_id,
  step_id = excluded.step_id,
  content = excluded.content;

delete from public.cell_triggers
where id in (
  select id from public.cell_triggers
  where source_cell_id in (
    select id from public.cells
    where path_id = 'a0000000-0000-4000-8000-000000007202'
  )
);

insert into public.cell_triggers (id, source_cell_id, target_cell_id)
values
  ('a0000000-0000-4000-8000-000000090011', 'a0000000-0000-4000-8000-000000120103', 'a0000000-0000-4000-8000-000000120203'),
  ('a0000000-0000-4000-8000-000000090012', 'a0000000-0000-4000-8000-000000120203', 'a0000000-0000-4000-8000-000000120303'),
  ('a0000000-0000-4000-8000-000000090013', 'a0000000-0000-4000-8000-000000120303', 'a0000000-0000-4000-8000-000000120103'),
  ('a0000000-0000-4000-8000-000000090031', 'a0000000-0000-4000-8000-000000120107', 'a0000000-0000-4000-8000-000000120106')
on conflict (id) do update set
  source_cell_id = excluded.source_cell_id,
  target_cell_id = excluded.target_cell_id;

-- Onboarding → Session Sign Up scenario — Happy Path
-- Stable keys map to fixed UUIDs in src/data/sessionSignUpHappyPathFallback.ts

insert into public.paths (id, service_scenario_id, name, description, path_type)
values (
  'a0000000-0000-4000-8000-000000000805',
  'a0000000-0000-4000-8000-000000000125',
  'Happy Path',
  'Tutor succesfully signs up for recurring sessions for the rest of the semester.',
  'happy'
)
on conflict (id) do update set
  service_scenario_id = excluded.service_scenario_id,
  name = excluded.name,
  description = excluded.description,
  path_type = excluded.path_type;

delete from public.cell_triggers
where source_cell_id in (
  select id from public.cells
  where path_id = 'a0000000-0000-4000-8000-000000000805'
);

delete from public.cells
where path_id = 'a0000000-0000-4000-8000-000000000805';

delete from public.layers
where path_id = 'a0000000-0000-4000-8000-000000000805';

insert into public.layers (id, path_id, name, row_position)
values
  (
    'a0000000-0000-4000-8000-000000000878',
    'a0000000-0000-4000-8000-000000000805',
    'Visual',
    0
  ),
  (
    'a0000000-0000-4000-8000-000000000879',
    'a0000000-0000-4000-8000-000000000805',
    'Regular Tutor',
    1
  ),
  (
    'a0000000-0000-4000-8000-000000007280',
    'a0000000-0000-4000-8000-000000000805',
    'Front Stage Actions',
    2
  ),
  (
    'a0000000-0000-4000-8000-000000000881',
    'a0000000-0000-4000-8000-000000000805',
    'Front Stage Tech',
    3
  ),
  (
    'a0000000-0000-4000-8000-000000000882',
    'a0000000-0000-4000-8000-000000000805',
    'Back Stage Actions',
    4
  ),
  (
    'a0000000-0000-4000-8000-000000000883',
    'a0000000-0000-4000-8000-000000000805',
    'Back Stage Tech',
    5
  ),
  (
    'a0000000-0000-4000-8000-000000000884',
    'a0000000-0000-4000-8000-000000000805',
    'Support Actions',
    6
  )
on conflict (id) do update set
  name = excluded.name,
  row_position = excluded.row_position,
  path_id = excluded.path_id;

insert into public.steps (id, service_scenario_id, name)
values
  (
    'a0000000-0000-4000-8000-000000000891',
    'a0000000-0000-4000-8000-000000000125',
    'Sign up'
  ),
  (
    'a0000000-0000-4000-8000-000000000892',
    'a0000000-0000-4000-8000-000000000125',
    'Review scheduling'
  )
on conflict (id) do update set
  name = excluded.name,
  service_scenario_id = excluded.service_scenario_id;

insert into public.path_steps (path_id, step_id, column_position)
values
  ('a0000000-0000-4000-8000-000000000805', 'a0000000-0000-4000-8000-000000000891', 1),
  ('a0000000-0000-4000-8000-000000000805', 'a0000000-0000-4000-8000-000000000892', 2)
on conflict (path_id, step_id) do update set
  column_position = excluded.column_position;

insert into public.cells (id, path_id, layer_id, step_id, content)
values
  ('a0000000-0000-4000-8000-000000130110', 'a0000000-0000-4000-8000-000000000805', 'a0000000-0000-4000-8000-000000000878', 'a0000000-0000-4000-8000-000000000891', ''),
  ('a0000000-0000-4000-8000-000000130210', 'a0000000-0000-4000-8000-000000000805', 'a0000000-0000-4000-8000-000000000878', 'a0000000-0000-4000-8000-000000000892', ''),

  ('a0000000-0000-4000-8000-000000130103', 'a0000000-0000-4000-8000-000000000805', 'a0000000-0000-4000-8000-000000000879', 'a0000000-0000-4000-8000-000000000891', 'Sign up for Recurring Sessions for rest of semester'),
  ('a0000000-0000-4000-8000-000000130106', 'a0000000-0000-4000-8000-000000000805', 'a0000000-0000-4000-8000-000000000881', 'a0000000-0000-4000-8000-000000000891', 'PLUS app'),
  ('a0000000-0000-4000-8000-000000130107', 'a0000000-0000-4000-8000-000000000805', 'a0000000-0000-4000-8000-000000000882', 'a0000000-0000-4000-8000-000000000891', 'Dev team takes that scheduling info and stores it in a Google Spreadsheet'),
  ('a0000000-0000-4000-8000-000000130108', 'a0000000-0000-4000-8000-000000000805', 'a0000000-0000-4000-8000-000000000883', 'a0000000-0000-4000-8000-000000000891', 'PLUS App, Google Spreadsheet'),

  ('a0000000-0000-4000-8000-000000130207', 'a0000000-0000-4000-8000-000000000805', 'a0000000-0000-4000-8000-000000000882', 'a0000000-0000-4000-8000-000000000892', 'Tutor Supervisor team receives and reviews google spreadsheet from dev team'),
  ('a0000000-0000-4000-8000-000000130208', 'a0000000-0000-4000-8000-000000000805', 'a0000000-0000-4000-8000-000000000883', 'a0000000-0000-4000-8000-000000000892', 'Google Spreadsheet')
on conflict (id) do update set
  path_id = excluded.path_id,
  layer_id = excluded.layer_id,
  step_id = excluded.step_id,
  content = excluded.content;

delete from public.cell_triggers
where id in (
  select id from public.cell_triggers
  where source_cell_id in (
    select id from public.cells
    where path_id = 'a0000000-0000-4000-8000-000000000805'
  )
);

insert into public.cell_triggers (id, source_cell_id, target_cell_id)
values
  ('a0000000-0000-4000-8000-000000092001', 'a0000000-0000-4000-8000-000000130106', 'a0000000-0000-4000-8000-000000130107'),
  ('a0000000-0000-4000-8000-000000092002', 'a0000000-0000-4000-8000-000000130107', 'a0000000-0000-4000-8000-000000130106'),
  ('a0000000-0000-4000-8000-000000092011', 'a0000000-0000-4000-8000-000000130107', 'a0000000-0000-4000-8000-000000130207')
on conflict (id) do update set
  source_cell_id = excluded.source_cell_id,
  target_cell_id = excluded.target_cell_id;

-- Repair Call-off Request path layers (missing on remote)
delete from public.layers
where path_id = 'a0000000-0000-4000-8000-000000007208';

insert into public.layers (id, path_id, name, row_position)
values
  (
    'a0000000-0000-4000-8000-000000000920',
    'a0000000-0000-4000-8000-000000007208',
    'Visual',
    0
  ),
  (
    'a0000000-0000-4000-8000-000000000921',
    'a0000000-0000-4000-8000-000000007208',
    'Regular Tutor',
    1
  ),
  (
    'a0000000-0000-4000-8000-000000000922',
    'a0000000-0000-4000-8000-000000007208',
    'Front Stage Actions',
    2
  ),
  (
    'a0000000-0000-4000-8000-000000000923',
    'a0000000-0000-4000-8000-000000007208',
    'Front Stage Tech',
    3
  ),
  (
    'a0000000-0000-4000-8000-000000000924',
    'a0000000-0000-4000-8000-000000007208',
    'Back Stage Actions',
    4
  ),
  (
    'a0000000-0000-4000-8000-000000000925',
    'a0000000-0000-4000-8000-000000007208',
    'Back Stage Tech',
    5
  ),
  (
    'a0000000-0000-4000-8000-000000000926',
    'a0000000-0000-4000-8000-000000007208',
    'Support Actions',
    6
  )
on conflict (id) do update set
  name = excluded.name,
  row_position = excluded.row_position,
  path_id = excluded.path_id;
