-- Help Request Happy Path — insert Leave breakout room between Resolve issue and Next student.

insert into public.steps (id, service_scenario_id, name)
values (
  'a0000000-0000-4000-8000-00000000097a',
  'a0000000-0000-4000-8000-000000000205',
  'Leave breakout room'
)
on conflict (id) do update set
  name = excluded.name,
  service_scenario_id = excluded.service_scenario_id;

delete from public.path_steps
where path_id = 'a0000000-0000-4000-8000-00000000080d';

insert into public.path_steps (path_id, step_id, column_position)
values
  ('a0000000-0000-4000-8000-00000000080d', 'a0000000-0000-4000-8000-000000000975', 1),
  ('a0000000-0000-4000-8000-00000000080d', 'a0000000-0000-4000-8000-000000000976', 2),
  ('a0000000-0000-4000-8000-00000000080d', 'a0000000-0000-4000-8000-000000000977', 3),
  ('a0000000-0000-4000-8000-00000000080d', 'a0000000-0000-4000-8000-000000000978', 4),
  ('a0000000-0000-4000-8000-00000000080d', 'a0000000-0000-4000-8000-00000000097a', 5),
  ('a0000000-0000-4000-8000-00000000080d', 'a0000000-0000-4000-8000-000000000979', 6),
  ('a0000000-0000-4000-8000-00000000080d', 'a0000000-0000-4000-8000-000000000986', 7),
  ('a0000000-0000-4000-8000-00000000080d', 'a0000000-0000-4000-8000-000000000987', 8)
on conflict (path_id, step_id) do update set
  column_position = excluded.column_position;

delete from public.cell_triggers
where source_cell_id in (
  select id from public.cells where path_id = 'a0000000-0000-4000-8000-00000000080d'
)
or target_cell_id in (
  select id from public.cells where path_id = 'a0000000-0000-4000-8000-00000000080d'
);

delete from public.cells
where path_id = 'a0000000-0000-4000-8000-00000000080d';

insert into public.cells (id, path_id, layer_id, step_id, content, links, description)
values
  ('a0000000-0000-4000-8000-0000001b0110', 'a0000000-0000-4000-8000-00000000080d', 'a0000000-0000-4000-8000-000000000860', 'a0000000-0000-4000-8000-000000000975', '', '[]'::jsonb, null),
  ('a0000000-0000-4000-8000-0000001b0210', 'a0000000-0000-4000-8000-00000000080d', 'a0000000-0000-4000-8000-000000000860', 'a0000000-0000-4000-8000-000000000976', '', '[]'::jsonb, null),
  ('a0000000-0000-4000-8000-0000001b0310', 'a0000000-0000-4000-8000-00000000080d', 'a0000000-0000-4000-8000-000000000860', 'a0000000-0000-4000-8000-000000000977', '', '[]'::jsonb, null),
  ('a0000000-0000-4000-8000-0000001b0410', 'a0000000-0000-4000-8000-00000000080d', 'a0000000-0000-4000-8000-000000000860', 'a0000000-0000-4000-8000-000000000978', '', '[]'::jsonb, null),
  ('a0000000-0000-4000-8000-0000001b0510', 'a0000000-0000-4000-8000-00000000080d', 'a0000000-0000-4000-8000-000000000860', 'a0000000-0000-4000-8000-00000000097a', '', '[]'::jsonb, null),
  ('a0000000-0000-4000-8000-0000001b0610', 'a0000000-0000-4000-8000-00000000080d', 'a0000000-0000-4000-8000-000000000860', 'a0000000-0000-4000-8000-000000000979', '', '[]'::jsonb, null),
  ('a0000000-0000-4000-8000-0000001b0710', 'a0000000-0000-4000-8000-00000000080d', 'a0000000-0000-4000-8000-000000000860', 'a0000000-0000-4000-8000-000000000986', '', '[]'::jsonb, null),
  ('a0000000-0000-4000-8000-0000001b0810', 'a0000000-0000-4000-8000-00000000080d', 'a0000000-0000-4000-8000-000000000860', 'a0000000-0000-4000-8000-000000000987', '', '[]'::jsonb, null),
  ('a0000000-0000-4000-8000-0000001b0101', 'a0000000-0000-4000-8000-00000000080d', 'a0000000-0000-4000-8000-000000000867', 'a0000000-0000-4000-8000-000000000975', 'Circulate and quietly observe the students', '[]'::jsonb, null),
  ('a0000000-0000-4000-8000-0000001b0201', 'a0000000-0000-4000-8000-00000000080d', 'a0000000-0000-4000-8000-000000000867', 'a0000000-0000-4000-8000-000000000976', 'Remind students to keep working while waiting', '[]'::jsonb, null),
  ('a0000000-0000-4000-8000-0000001b0301', 'a0000000-0000-4000-8000-00000000080d', 'a0000000-0000-4000-8000-000000000867', 'a0000000-0000-4000-8000-000000000977', 'Checks if all students are in the correct breakout room', '[]'::jsonb, null),
  ('a0000000-0000-4000-8000-0000001b0401', 'a0000000-0000-4000-8000-00000000080d', 'a0000000-0000-4000-8000-000000000867', 'a0000000-0000-4000-8000-000000000978', 'Receives information that student is absent from session', '[]'::jsonb, null),
  ('a0000000-0000-4000-8000-0000001b0501', 'a0000000-0000-4000-8000-00000000080d', 'a0000000-0000-4000-8000-000000000867', 'a0000000-0000-4000-8000-00000000097a', 'Alerts lead tutor about unassigned or miss-assigned students using the "ask for help" alert', '[]'::jsonb, null),
  ('a0000000-0000-4000-8000-0000001b0601', 'a0000000-0000-4000-8000-00000000080d', 'a0000000-0000-4000-8000-000000000867', 'a0000000-0000-4000-8000-000000000979', 'Handles student tech problems as they arise', '[]'::jsonb, null),
  ('a0000000-0000-4000-8000-0000001b0701', 'a0000000-0000-4000-8000-00000000080d', 'a0000000-0000-4000-8000-000000000867', 'a0000000-0000-4000-8000-000000000986', 'Escalates unresolved issues to tutors@tutor.plus promptly', '[]'::jsonb, null),
  ('a0000000-0000-4000-8000-0000001b0102', 'a0000000-0000-4000-8000-00000000080d', 'a0000000-0000-4000-8000-000000000868', 'a0000000-0000-4000-8000-000000000975', 'Rename students to match roster name', '[]'::jsonb, null),
  ('a0000000-0000-4000-8000-0000001b0202', 'a0000000-0000-4000-8000-00000000080d', 'a0000000-0000-4000-8000-000000000868', 'a0000000-0000-4000-8000-000000000976', 'Add any un-rostered students to attendance list', '[]'::jsonb, null),
  ('a0000000-0000-4000-8000-0000001b0302', 'a0000000-0000-4000-8000-00000000080d', 'a0000000-0000-4000-8000-000000000868', 'a0000000-0000-4000-8000-000000000977', 'Manually assign unpaired students to available tutors', '[]'::jsonb, null),
  ('a0000000-0000-4000-8000-0000001b0402', 'a0000000-0000-4000-8000-00000000080d', 'a0000000-0000-4000-8000-000000000868', 'a0000000-0000-4000-8000-000000000978', 'Inform Classroom teacher about students that are absent', '[]'::jsonb, null),
  ('a0000000-0000-4000-8000-0000001b0502', 'a0000000-0000-4000-8000-00000000080d', 'a0000000-0000-4000-8000-000000000868', 'a0000000-0000-4000-8000-00000000097a', 'Respond to classroom teachers "ask for help" request', '[]'::jsonb, null),
  ('a0000000-0000-4000-8000-0000001b0103', 'a0000000-0000-4000-8000-00000000080d', 'a0000000-0000-4000-8000-000000000861', 'a0000000-0000-4000-8000-000000000975', 'Tutor Receives Help Request', '[]'::jsonb, null),
  ('a0000000-0000-4000-8000-0000001b0203', 'a0000000-0000-4000-8000-00000000080d', 'a0000000-0000-4000-8000-000000000861', 'a0000000-0000-4000-8000-000000000976', 'Finish current conversation in 1-2 minutes', '[]'::jsonb, null),
  ('a0000000-0000-4000-8000-0000001b0303', 'a0000000-0000-4000-8000-00000000080d', 'a0000000-0000-4000-8000-000000000861', 'a0000000-0000-4000-8000-000000000977', 'Visit student requesting help', '[]'::jsonb, null),
  ('a0000000-0000-4000-8000-0000001b0403', 'a0000000-0000-4000-8000-00000000080d', 'a0000000-0000-4000-8000-000000000861', 'a0000000-0000-4000-8000-000000000978', 'Resolve Issue', '[]'::jsonb, null),
  ('a0000000-0000-4000-8000-0000001b0503', 'a0000000-0000-4000-8000-00000000080d', 'a0000000-0000-4000-8000-000000000861', 'a0000000-0000-4000-8000-00000000097a', 'Leave breakout room', '[]'::jsonb, null),
  ('a0000000-0000-4000-8000-0000001b0603', 'a0000000-0000-4000-8000-00000000080d', 'a0000000-0000-4000-8000-000000000861', 'a0000000-0000-4000-8000-000000000979', 'Return to the next student in sorted order set by researchers', '[]'::jsonb, null),
  ('a0000000-0000-4000-8000-0000001b0106', 'a0000000-0000-4000-8000-00000000080d', 'a0000000-0000-4000-8000-000000000863', 'a0000000-0000-4000-8000-000000000975', 'Zoom/Pencil', '[]'::jsonb, null),
  ('a0000000-0000-4000-8000-0000001b0206', 'a0000000-0000-4000-8000-00000000080d', 'a0000000-0000-4000-8000-000000000863', 'a0000000-0000-4000-8000-000000000976', 'Zoom/Pencil', '[]'::jsonb, null),
  ('a0000000-0000-4000-8000-0000001b0306', 'a0000000-0000-4000-8000-00000000080d', 'a0000000-0000-4000-8000-000000000863', 'a0000000-0000-4000-8000-000000000977', 'Zoom/Pencil', '[]'::jsonb, null),
  ('a0000000-0000-4000-8000-0000001b0406', 'a0000000-0000-4000-8000-00000000080d', 'a0000000-0000-4000-8000-000000000863', 'a0000000-0000-4000-8000-000000000978', 'Zoom/Pencil', '[]'::jsonb, null),
  ('a0000000-0000-4000-8000-0000001b0506', 'a0000000-0000-4000-8000-00000000080d', 'a0000000-0000-4000-8000-000000000863', 'a0000000-0000-4000-8000-00000000097a', 'Zoom/Pencil', '[]'::jsonb, null),
  (
    'a0000000-0000-4000-8000-0000001b0606',
    'a0000000-0000-4000-8000-00000000080d',
    'a0000000-0000-4000-8000-000000000863',
    'a0000000-0000-4000-8000-000000000979',
    'PLUS App',
    jsonb_build_array(
      jsonb_build_object(
        'type', 'tech_description',
        'label', 'PLUS App',
        'description', 'The tutor navigates back to the Student Dashboard screen to move on to the student on the researcher sorted list.',
        'picture', '/blueprint-images/help-request/happy-path/plus-app/step-05-your-students.png',
        'url', 'https://www.figma.com/design/W0qzhXWxFsMwSJzkdV2yal/Design-System---Web-App-Specs?node-id=5699-69300&t=LvyyxUtQVUCLMMc2-1'
      )
    ),
    null
  ),
  ('a0000000-0000-4000-8000-0000001b0607', 'a0000000-0000-4000-8000-00000000080d', 'a0000000-0000-4000-8000-000000000864', 'a0000000-0000-4000-8000-000000000979', 'Researchers set student order', '[]'::jsonb, null),
  (
    'a0000000-0000-4000-8000-0000001b0609',
    'a0000000-0000-4000-8000-00000000080d',
    'a0000000-0000-4000-8000-000000000866',
    'a0000000-0000-4000-8000-000000000979',
    E'Dev Team\nDesign team',
    '[]'::jsonb,
    'Dev Team Builds the app and the Design Team creates the screens and flows relevant to this step. Both implement the findings from the research team into the app in their respective role.'
  )
on conflict (id) do update set
  path_id = excluded.path_id,
  layer_id = excluded.layer_id,
  step_id = excluded.step_id,
  content = excluded.content,
  links = excluded.links,
  description = excluded.description;

-- Partner / lead pictures (same assets as warm-up and goal setting)
update public.cells
set picture = case id
  when 'a0000000-0000-4000-8000-0000001b0102' then '/blueprint-images/goal-setting/happy-path/lead-tutor/step-01-rename-students.png'
  when 'a0000000-0000-4000-8000-0000001b0202' then '/blueprint-images/goal-setting/happy-path/lead-tutor/step-02-add-unrostered-students.png'
  when 'a0000000-0000-4000-8000-0000001b0302' then '/blueprint-images/goal-setting/happy-path/lead-tutor/step-03-assign-unpaired-students.png'
  when 'a0000000-0000-4000-8000-0000001b0402' then '/blueprint-images/goal-setting/happy-path/lead-tutor/step-04-inform-absent-students.png'
  when 'a0000000-0000-4000-8000-0000001b0502' then '/blueprint-images/goal-setting/happy-path/lead-tutor/step-05-respond-ask-for-help.png'
  when 'a0000000-0000-4000-8000-0000001b0101' then '/blueprint-images/goal-setting/shared/partner-action/step-01-circulate-observe.png'
  when 'a0000000-0000-4000-8000-0000001b0201' then '/blueprint-images/goal-setting/shared/partner-action/step-02-remind-students-working.png'
  when 'a0000000-0000-4000-8000-0000001b0301' then '/blueprint-images/goal-setting/shared/partner-action/step-03-check-breakout-rooms.png'
  when 'a0000000-0000-4000-8000-0000001b0401' then '/blueprint-images/goal-setting/shared/partner-action/step-04-student-absent.png'
  when 'a0000000-0000-4000-8000-0000001b0501' then '/blueprint-images/goal-setting/shared/partner-action/step-05-ask-for-help-alert.png'
  when 'a0000000-0000-4000-8000-0000001b0601' then '/blueprint-images/goal-setting/shared/partner-action/step-06-handle-tech-problems.png'
  when 'a0000000-0000-4000-8000-0000001b0701' then '/blueprint-images/goal-setting/shared/partner-action/step-07-escalate-to-tutors-plus.png'
end
where path_id = 'a0000000-0000-4000-8000-00000000080d'
  and id in (
    'a0000000-0000-4000-8000-0000001b0101',
    'a0000000-0000-4000-8000-0000001b0201',
    'a0000000-0000-4000-8000-0000001b0301',
    'a0000000-0000-4000-8000-0000001b0401',
    'a0000000-0000-4000-8000-0000001b0501',
    'a0000000-0000-4000-8000-0000001b0601',
    'a0000000-0000-4000-8000-0000001b0701',
    'a0000000-0000-4000-8000-0000001b0102',
    'a0000000-0000-4000-8000-0000001b0202',
    'a0000000-0000-4000-8000-0000001b0302',
    'a0000000-0000-4000-8000-0000001b0402',
    'a0000000-0000-4000-8000-0000001b0502'
  );

insert into public.cell_triggers (id, source_cell_id, target_cell_id)
values
  ('a0000000-0000-4000-8000-000000099001', 'a0000000-0000-4000-8000-0000001b0101', 'a0000000-0000-4000-8000-0000001b0201'),
  ('a0000000-0000-4000-8000-000000099002', 'a0000000-0000-4000-8000-0000001b0201', 'a0000000-0000-4000-8000-0000001b0301'),
  ('a0000000-0000-4000-8000-000000099003', 'a0000000-0000-4000-8000-0000001b0301', 'a0000000-0000-4000-8000-0000001b0401'),
  ('a0000000-0000-4000-8000-000000099004', 'a0000000-0000-4000-8000-0000001b0401', 'a0000000-0000-4000-8000-0000001b0501'),
  ('a0000000-0000-4000-8000-000000099005', 'a0000000-0000-4000-8000-0000001b0501', 'a0000000-0000-4000-8000-0000001b0601'),
  ('a0000000-0000-4000-8000-000000099006', 'a0000000-0000-4000-8000-0000001b0601', 'a0000000-0000-4000-8000-0000001b0701'),
  ('a0000000-0000-4000-8000-000000099020', 'a0000000-0000-4000-8000-0000001b0102', 'a0000000-0000-4000-8000-0000001b0202'),
  ('a0000000-0000-4000-8000-000000099021', 'a0000000-0000-4000-8000-0000001b0202', 'a0000000-0000-4000-8000-0000001b0302'),
  ('a0000000-0000-4000-8000-000000099022', 'a0000000-0000-4000-8000-0000001b0302', 'a0000000-0000-4000-8000-0000001b0402'),
  ('a0000000-0000-4000-8000-000000099023', 'a0000000-0000-4000-8000-0000001b0402', 'a0000000-0000-4000-8000-0000001b0502'),
  ('a0000000-0000-4000-8000-000000099033', 'a0000000-0000-4000-8000-0000001b0402', 'a0000000-0000-4000-8000-0000001b0401'),
  ('a0000000-0000-4000-8000-000000099034', 'a0000000-0000-4000-8000-0000001b0401', 'a0000000-0000-4000-8000-0000001b0402'),
  ('a0000000-0000-4000-8000-000000099035', 'a0000000-0000-4000-8000-0000001b0502', 'a0000000-0000-4000-8000-0000001b0501'),
  ('a0000000-0000-4000-8000-000000099036', 'a0000000-0000-4000-8000-0000001b0501', 'a0000000-0000-4000-8000-0000001b0502'),
  ('a0000000-0000-4000-8000-000000099041', 'a0000000-0000-4000-8000-0000001b0701', 'a0000000-0000-4000-8000-0000001b0101'),
  ('a0000000-0000-4000-8000-000000099042', 'a0000000-0000-4000-8000-0000001b0502', 'a0000000-0000-4000-8000-0000001b0102'),
  ('a0000000-0000-4000-8000-000000099050', 'a0000000-0000-4000-8000-0000001b0103', 'a0000000-0000-4000-8000-0000001b0203'),
  ('a0000000-0000-4000-8000-000000099051', 'a0000000-0000-4000-8000-0000001b0203', 'a0000000-0000-4000-8000-0000001b0303'),
  ('a0000000-0000-4000-8000-000000099052', 'a0000000-0000-4000-8000-0000001b0303', 'a0000000-0000-4000-8000-0000001b0403'),
  ('a0000000-0000-4000-8000-000000099053', 'a0000000-0000-4000-8000-0000001b0403', 'a0000000-0000-4000-8000-0000001b0503'),
  ('a0000000-0000-4000-8000-000000099054', 'a0000000-0000-4000-8000-0000001b0503', 'a0000000-0000-4000-8000-0000001b0603'),
  ('a0000000-0000-4000-8000-000000099113', 'a0000000-0000-4000-8000-0000001b0103', 'a0000000-0000-4000-8000-0000001b0106'),
  ('a0000000-0000-4000-8000-000000099114', 'a0000000-0000-4000-8000-0000001b0203', 'a0000000-0000-4000-8000-0000001b0206'),
  ('a0000000-0000-4000-8000-000000099115', 'a0000000-0000-4000-8000-0000001b0303', 'a0000000-0000-4000-8000-0000001b0306'),
  ('a0000000-0000-4000-8000-000000099116', 'a0000000-0000-4000-8000-0000001b0403', 'a0000000-0000-4000-8000-0000001b0406'),
  ('a0000000-0000-4000-8000-000000099117', 'a0000000-0000-4000-8000-0000001b0503', 'a0000000-0000-4000-8000-0000001b0506'),
  ('a0000000-0000-4000-8000-000000099118', 'a0000000-0000-4000-8000-0000001b0603', 'a0000000-0000-4000-8000-0000001b0606'),
  ('a0000000-0000-4000-8000-000000099060', 'a0000000-0000-4000-8000-0000001b0603', 'a0000000-0000-4000-8000-0000001b0103')
on conflict (id) do update set
  source_cell_id = excluded.source_cell_id,
  target_cell_id = excluded.target_cell_id;
