-- Repair Goal-Setting happy path: restore Visual, Regular Tutor, and missing cells.

insert into public.layers (id, path_id, name, row_position)
values
  ('a0000000-0000-4000-8000-000000000850', 'a0000000-0000-4000-8000-00000000080c', 'Visual', 0),
  ('a0000000-0000-4000-8000-000000000851', 'a0000000-0000-4000-8000-00000000080c', 'Regular Tutor', 3),
  ('a0000000-0000-4000-8000-000000000852', 'a0000000-0000-4000-8000-00000000080c', 'Front Stage Actions', 5)
on conflict (id) do update set
  name = excluded.name,
  row_position = excluded.row_position,
  path_id = excluded.path_id;

insert into public.cells (id, path_id, layer_id, step_id, content)
values
  ('a0000000-0000-4000-8000-0000001a0110', 'a0000000-0000-4000-8000-00000000080c', 'a0000000-0000-4000-8000-000000000850', 'a0000000-0000-4000-8000-000000000970', ''),
  ('a0000000-0000-4000-8000-0000001a0210', 'a0000000-0000-4000-8000-00000000080c', 'a0000000-0000-4000-8000-000000000850', 'a0000000-0000-4000-8000-000000000971', ''),
  ('a0000000-0000-4000-8000-0000001a0310', 'a0000000-0000-4000-8000-00000000080c', 'a0000000-0000-4000-8000-000000000850', 'a0000000-0000-4000-8000-000000000972', ''),
  ('a0000000-0000-4000-8000-0000001a0410', 'a0000000-0000-4000-8000-00000000080c', 'a0000000-0000-4000-8000-000000000850', 'a0000000-0000-4000-8000-000000000973', ''),
  ('a0000000-0000-4000-8000-0000001a0510', 'a0000000-0000-4000-8000-00000000080c', 'a0000000-0000-4000-8000-000000000850', 'a0000000-0000-4000-8000-000000000974', ''),
  ('a0000000-0000-4000-8000-0000001a0610', 'a0000000-0000-4000-8000-00000000080c', 'a0000000-0000-4000-8000-000000000850', 'a0000000-0000-4000-8000-000000000984', ''),
  ('a0000000-0000-4000-8000-0000001a0710', 'a0000000-0000-4000-8000-00000000080c', 'a0000000-0000-4000-8000-000000000850', 'a0000000-0000-4000-8000-000000000985', ''),
  ('a0000000-0000-4000-8000-0000001a0103', 'a0000000-0000-4000-8000-00000000080c', 'a0000000-0000-4000-8000-000000000851', 'a0000000-0000-4000-8000-000000000970', 'Join breakout session'),
  ('a0000000-0000-4000-8000-0000001a0203', 'a0000000-0000-4000-8000-00000000080c', 'a0000000-0000-4000-8000-000000000851', 'a0000000-0000-4000-8000-000000000971', 'Share screen'),
  ('a0000000-0000-4000-8000-0000001a0303', 'a0000000-0000-4000-8000-00000000080c', 'a0000000-0000-4000-8000-000000000851', 'a0000000-0000-4000-8000-000000000972', 'update, check, or set goal depending on point in goal cycle'),
  ('a0000000-0000-4000-8000-0000001a0403', 'a0000000-0000-4000-8000-00000000080c', 'a0000000-0000-4000-8000-000000000851', 'a0000000-0000-4000-8000-000000000973', 'If prompted, complete goal achievement strategy with student'),
  ('a0000000-0000-4000-8000-0000001a0503', 'a0000000-0000-4000-8000-00000000080c', 'a0000000-0000-4000-8000-000000000851', 'a0000000-0000-4000-8000-000000000974', 'Move on to the next student in sorted order set by researchers')
on conflict (id) do update set
  path_id = excluded.path_id,
  layer_id = excluded.layer_id,
  step_id = excluded.step_id,
  content = excluded.content;

insert into public.cell_triggers (id, source_cell_id, target_cell_id)
values
  ('a0000000-0000-4000-8000-000000098050', 'a0000000-0000-4000-8000-0000001a0103', 'a0000000-0000-4000-8000-0000001a0203'),
  ('a0000000-0000-4000-8000-000000098051', 'a0000000-0000-4000-8000-0000001a0203', 'a0000000-0000-4000-8000-0000001a0303'),
  ('a0000000-0000-4000-8000-000000098052', 'a0000000-0000-4000-8000-0000001a0303', 'a0000000-0000-4000-8000-0000001a0403'),
  ('a0000000-0000-4000-8000-000000098053', 'a0000000-0000-4000-8000-0000001a0403', 'a0000000-0000-4000-8000-0000001a0503'),
  ('a0000000-0000-4000-8000-000000098060', 'a0000000-0000-4000-8000-0000001a0503', 'a0000000-0000-4000-8000-0000001a0103')
on conflict (id) do update set
  source_cell_id = excluded.source_cell_id,
  target_cell_id = excluded.target_cell_id;
